sku,name,categories,qtyPerPack,quantity,manufacturer,image,basePrice,measureunit,visible
11753,Algota Alnajaf säilyke Etikka 1400g Lasi,62,6,99999,Algota,catalog/11753.JPG,"24,339",kg,true
11754,Algota Al Najaf säilyke Etikka 3kg Lasi,62,4,99999,Algota,catalog/11754.JPG,"27,820",kg,true
11752,Algota Alnajaf säilyke Etikka 720cc lasi,62,6,99999,Algota,catalog/11752.JPG,"13,905",kg,true
11750,Algota Alnajaf säilyke Melassi 1400g Lasi,62,6,99999,Algota,catalog/11750.JPG,"25,112",kg,true
11751,Algota Alnajaf säilyke Melassi 3 kg lasi,62,4,99999,Algota,catalog/11751.JPG,"27,820",kg,true
11749,Algota Alnajaf säilyke Melassi 720cc lasi,62,6,99999,Algota,catalog/11749.JPG,"13,905",kg,true
11742,Algota Mango säilyke Pickles Anba 1400g Lasi,62,6,99999,Algota,catalog/11742.JPG,"24,339",kg,true
11744,Algota Mango säilyke Anba Pickles 3 kg lasi,62,4,99999,Algota,catalog/11744.JPG,"27,820",kg,true
11741,Algota Mango säilyke Pickles Anba 720cc lasi,62,12,99999,Algota,catalog/11741.JPG,"27,810",kg,true
11743,Algota Mango säilyke Pickles Anba tulinen 1400g Lasi,62,6,99999,Algota,catalog/11743.JPG,"24,339",kg,true
11745,Algota Mango säilyke Pickles Anba tulinen 3 kg lasi,62,4,99999,Algota,catalog/11745.JPG,"27,820",kg,true
11740,Algota Mango suolakurkku Pickles Anba tulinen 720cc lasi,62,12,99999,Algota,catalog/11740.JPG,"27,810",kg,true
11747,Algota Mousl säilyke kokonainen 1400g Lasi,62,6,99999,Algota,catalog/11747.JPG,"24,339",kg,true
11748,Algota Mousl säilyke kokonainen 3 kg lasi,62,4,99999,Algota,catalog/11748.JPG,"27,820",kg,true
11746,Algota Mousl säilyke kokonainen 720cc lasi,62,12,99999,Algota,catalog/11746.JPG,"27,810",kg,true
11410,Aruba Muhalabia 200g,62,24,99999,Aruba,catalog/11410.JPG,"27,794",kg,true
775,Aruba Muhalabia 400g Meghli orig. Libanon,62,12,99999,Aruba,catalog/775.JPG,"24,718",kg,true
3746,Taateli Siirappi 450g Basra,62,12,99999,Basra,catalog/3746.JPG,"26,264",kg,true
11039,Iraak Foul Naz 400g,62,24,99999,Naz,catalog/11039.JPG,"21,611",kg,true
6811,Iraak Foul Naz 800g,62,12,99999,Naz,catalog/6811.JPG,"17,916",kg,true
11580,Iran carpus Cekirdek kernels 200g vesimeloni,62,28,99999,Naz,catalog/11580.JPG,"79,317",kg,true
921,Iranian kastike Kashak 230g,62,24,99999,Kambiz,catalog/921.JPG,"64,894",kg,true
11054,Iranian kastike Kashak 410g,62,24,99999,Kambiz,catalog/11054.JPG,"63,658",kg,true
11053,Iranian kastike Kashak 690g,62,12,99999,Kambiz,catalog/11053.JPG,"47,287",kg,true
2827,Mologie getr. 200g Leaves NAIM,62,20,99999,NAIM,catalog/2827.JPG,"48,926",kg,true
1212,Saħħa jumbo green olives 2900g,62,4,99999,Sahha,catalog/1212.JPG,"34,519",kg,true
1019,Chtoura Aubergiene kuorittu ja grillattu 585g glass,63,12,99999,Chtoura,catalog/1019.JPG,"29,356",kg,true
494,Chtoura eggplant upotettu 600g Makdous,63,12,99999,Chtoura,catalog/494.JPG,"60,272",kg,true
11809,Chtoura Babaganauch 185g annos munakoiso Pure Eggplant Dip,63,24,99999,Chtoura,catalog/11809.JPG,"24,703",kg,true
488,Chtoura Babaganauch 310g annos eggplant Purree,63,24,99999,Chtoura,catalog/488.JPG,"30,886",kg,true
7256,Chtoura Bajila pavut 400g,63,24,99999,Chtoura,catalog/7256.JPG,"21,611",kg,true
3655,Chtoura Bajila pavut 800g tin,63,12,99999,Chtoura,catalog/3655.JPG,"18,535",kg,true
1480,Chtoura Blackberry syrup 600ml Raspberry,63,12,99999,Chtoura,catalog/1480.JPG,"37,085",kg,true
3022,Chtoura Kukkaisvesi appelsiini 500ml,63,12,99999,Chtoura,catalog/3022.JPG,"17,916",kg,true
9812,63 Kukkaisvesi appelsiini 250ml ,63,24,99999,Chtoura,catalog/9812.JPG,"21,611",kg,true
3030,Chtoura Falafel 200g,63,24,99999,Chtoura,catalog/3030.JPG,"30,886",kg,true
6316,Chtoura Foul 400g Kurdish Lebanon,63,24,99999,Chtoura,catalog/6316.JPG,"17,282",kg,true
6317,Chtoura Foul 400g recipe Syrian,63,24,99999,Chtoura,catalog/6317.JPG,"17,282",kg,true
11514,Chtoura Foul 400g Saudi Arabia KSA Reseptillä,63,24,99999,Chtoura,catalog/11514.JPG,"17,282",kg,true
4962,Chtoura Foul 420g Armenia,63,24,99999,Chtoura,catalog/4962.JPG,"17,282",kg,true
137,Chtoura Foul 420g annos Tavallinen,63,24,99999,Chtoura,catalog/137.JPG,"17,282",kg,true
468,Chtoura Foul 420g Medammas Egyptiläinen,63,24,99999,Chtoura,catalog/468.JPG,"17,282",kg,true
487,Chtoura challenge 420g Medammas Chilillä,63,24,99999,Chtoura,catalog/487.JPG,"17,282",kg,true
335,Chtoura challenge 420g Medammes Libanonilainen,63,24,99999,Chtoura,catalog/335.JPG,"17,282",kg,true
763,Chtoura Foul 420g Medammes Palestina,63,24,99999,Chtoura,catalog/763.JPG,"17,282",kg,true
773,Chtoura challenge 420g pavut / kikherneet,63,24,99999,Chtoura,catalog/773.JPG,"17,282",kg,true
138,Chtoura challenge 420g with kimyon / kumina,63,24,99999,Chtoura,catalog/138.JPG,"17,282",kg,true
11150,Chtoura Foul 600g chilli ,63,12,99999,Chtoura,catalog/11150.JPG,"10,805",kg,true
10344,Chtoura Foul 600g Libanes Herneet,63,12,99999,Chtoura,catalog/10344.JPG,"10,805",kg,true
3034,Chtoura Foul 600g Medammas Libanonilainen resepti,63,12,99999,Chtoura,catalog/3034.JPG,"10,805",kg,true
6713,Chtoura Foul 600g Medammas Tavallinen,63,12,99999,Chtoura,catalog/6713.JPG,"10,496",kg,true
10345,Chtoura Foul 600g Palestiina,63,12,99999,Chtoura,catalog/10345.JPG,"10,805",kg,true
3546,Chtoura täytetyt viinilehdet 350g,63,12,99999,Chtoura,catalog/3546.JPG,"33,993",kg,true
3020,Chtoura Grenadiini Melassi 250ml nar eksise,63,24,99999,Chtoura,catalog/3020.JPG,"33,978",kg,true
3021,Chtoura Grenadiini Melassi 500ml ,63,12,99999,Chtoura,catalog/3021.JPG,"29,356",kg,true
9140,Grenadiini Syrup 600ml Chtoura granaattiomena siirappi ,63,12,99999,Chtoura,catalog/9140.JPG,"29,356",kg,true
492,Chtoura kurkku 1kg Säilykekurkut,63,12,99999,Chtoura,catalog/492.JPG,"30,283",kg,true
338,Chtoura kurkku viinietikassa 3Kg Cucmbes,63,4,99999,Chtoura,catalog/338.JPG,"27,820",kg,true
3023,Säilykekurkut 003023Chtoura Cucmbes 2kg,63,4,99999,Chtoura,catalog/3023.JPG,"25,759",kg,true
493,Chtoura cucumbers Säilykekurkut 600g,63,12,99999,Chtoura,catalog/493.JPG,"24,718",kg,true
11810,Chtoura Hommes Tahini 185g tin,63,24,99999,Chtoura,catalog/11810.JPG,"15,427",kg,true
469,Chtoura Hommes Tahini 430g tin,63,24,99999,Chtoura,catalog/469.JPG,"20,993",kg,true
4242,Chtoura Hommes Tahin 850 g,63,12,99999,Chtoura,catalog/4242.JPG,"21,626",kg,true
3035,Chtoura Jallab Siirappi 600 ml,63,12,99999,Chtoura,catalog/3035.JPG,"32,447",kg,true
333,"Chtoura Mackdous 1,3kg glass munakoiso öljyssä",63,6,99999,Chtoura,catalog/333.JPG,"61,439",kg,true
1018,Chtoura Makdous box filled 350g munakoiso öljyssä,63,12,99999,Chtoura,catalog/1018.JPG,"43,268",kg,true
3031,Chtoura Mohalabieh 500g ,63,24,99999,Chtoura,catalog/3031.JPG,"40,161",kg,true
11654,Chtoura oliivi öljy 1550ml ,63,6,99999,Chtoura,catalog/11654.JPG,"59,507",kg,true
3039,Chtoura oliivi öljy 250ml ,63,12,99999,Chtoura,catalog/3039.JPG,"33,993",kg,true
11653,Chtoura oliivi öljy 510ml,63,12,99999,Chtoura,catalog/11653.JPG,"50,997",kg,true
3040,Chtoura oliivi öljy 900ml ,63,6,99999,Chtoura,catalog/3040.JPG,"46,058",kg,true
11120,Chtoura retiisi 1kg lasi Säilötyt nauriit ,63,12,99999,Chtoura,catalog/11120.JPG,"24,100",kg,true
1022,Chtoura radish 600g lasi Säilötyt nauriit,63,12,99999,Chtoura,catalog/1022.JPG,"23,172",kg,true
3027,Chtoura Ruusu siirappi 600ml ,63,12,99999,Chtoura,catalog/3027.JPG,"30,901",kg,true
7128,Chtoura Ruusuvesi 250ml ,63,24,99999,Chtoura,catalog/7128.JPG,"21,611",kg,true
3880,Chtoura Ruusuvesi 500ml ,63,12,99999,Chtoura,catalog/3880.JPG,"18,535",kg,true
339,Chtoura punainen retiisi säilötyt nauriit 3 kg lasi ,63,4,99999,Chtoura,catalog/339.JPG,"22,667",kg,true
639,Chtoura Salca 1100g tomaattitahna - LIB6ST,63,6,99999,Chtoura,catalog/639.JPG,"15,837",kg,true
1327,Chtoura Tahini 400g Seesamitahna,63,12,99999,Chtoura,catalog/1327.JPG,"37,085",kg,true
1325,Chtoura Tahini 800g Seesamitahna,63,12,99999,Chtoura,catalog/1325.JPG,"63,364",kg,true
11131,Chtoura Tamarind Siirappi,63,12,99999,Chtoura,catalog/11131.JPG,"27,191",kg,true
3539,Chtoura Tursu 1Kg VIhannessekoitus,63,12,99999,Chtoura,catalog/3539.JPG,"23,172",kg,true
11121,Chtoura Tursu 3Kg Vihannessekoitus,63,4,99999,Chtoura,catalog/11121.JPG,"22,667",kg,true
3755,Chtoura Viinilehdet 500g Yaprak lasi,63,12,99999,Chtoura,catalog/3755.JPG,"29,356",kg,true
761,Chtoura Viinilehdet 900 g,63,12,99999,Chtoura,catalog/761.JPG,"33,993",kg,true
1211,Dimo Molokhia 200g,63,20,99999,Dimo,catalog/1211.JPG,"45,319",kg,true
1210,Dimo Molokhia 400g,63,10,99999,Dimo,catalog/1210.JPG,"39,921",kg,true
11300,Durra 500ml cider vinegar,64,12,99999,Durra,catalog/11300.JPG,"18,535",kg,true
1322,Durra aprikoosihillo 430g recel marmelade,64,12,99999,Durra,catalog/1322.JPG,"26,264",kg,true
6368,Durra Arabic Najaf säilyke Modabes 650g,64,12,99999,Durra,catalog/6368.JPG,"34,921",kg,true
6367,Durra Arabic säilyke Aug 3Kg Najaf,64,4,99999,Durra,catalog/6367.JPG,"33,488",kg,true
3744,Durra Babaganuch 370g,64,24,99999,Durra,catalog/3744.JPG,"32,741",kg,true
3162,Falafel Durra mix 350g,64,12,99999,Durra,catalog/3162.JPG,"33,993",kg,true
6349,Durra Viikunahillo 430g,64,12,99999,Durra,catalog/6349.JPG,"27,191",kg,true
6810,Durra Foul Medammes Chili 400g,64,24,99999,Durra,catalog/6810.JPG,"18,519",kg,true
11306,Durra Foul Medammes Kumina 400g,64,24,99999,Durra,catalog/11306.JPG,"17,901",kg,true
11307,Durra Foul Medammes Libanonilainen resepti 400g,64,24,99999,Durra,catalog/11307.JPG,"17,901",kg,true
3565,Durra Foul Medammes Tavallinen 400g,64,24,99999,Durra,catalog/3565.JPG,"17,282",kg,true
11308,Durra challenge Medammes Shamiya Resepti 400g,64,24,99999,Durra,catalog/11308.JPG,"17,901",kg,true
6348,Durra granaattiomena kastike 235cc,64,24,99999,Durra,catalog/6348.JPG,"45,108",kg,true
6352,Durra pomegranate kastike 425cc,64,12,99999,Durra,catalog/6352.JPG,"21,008",kg,true
11700,Durra pomegranate kastike 750ml,64,6,99999,Durra,catalog/11700.JPG,"39,411",kg,true
490,Durra kurkku 1400g Salatalik Tursu,64,6,99999,Durra,catalog/490.JPG,"27,817",kg,true
489,Durra kurkku 720ml Pickled Cucumber,64,12,99999,Durra,catalog/489.JPG,"27,810",kg,true
11511,Durra kurkku villi 1400g Lasi,64,6,99999,Durra,catalog/11511.JPG,"28,977",kg,true
6362,Durra kurkku villi 1400g Lasi,64,6,99999,Durra,catalog/6362.JPG,"47,527",kg,true
6363,Durra kurkku villi 3Kg,64,4,99999,Durra,catalog/6363.JPG,"34,003",kg,true
6345,Dura Halva 350g Tavallinen,64,12,99999,Durra,catalog/6345.JPG,"27,191",kg,true
6347,Dura Halawa 700g Pistaasi,64,12,99999,Durra,catalog/6347.JPG,"57,181",kg,true
11558,Dura Halawa 700g Suklaa,64,12,99999,Durra,catalog/11558.JPG,"57,181",kg,true
11049,Durra Hummus Tahina 370g,64,24,99999,Durra,catalog/11049.JPG,"20,993",kg,true
6354,Durra Hummus Tahina 850g,64,12,99999,Durra,catalog/6354.JPG,"21,626",kg,true
11299,Durra Makdous 1200g täytetty munakoiso,64,6,99999,Durra,catalog/11299.JPG,"62,985",kg,true
6356,Durra Makdous 600g munakoiso,64,12,99999,Durra,catalog/6356.JPG,"71,093",kg,true
11058,Durra Mango säilyke Amba 1350g,64,6,99999,Durra,catalog/11058.JPG,"25,112",kg,true
11057,Durra Mango säilyke Amba 2800g,64,4,99999,Durra,catalog/11057.JPG,"32,973",kg,true
11059,Durra Mango säilyke Amba 600g Sharp,64,12,99999,Durra,catalog/11059.JPG,"27,191",kg,true
11812,Durra Mohalabieh Vanukas Banaani 160g,64,12,99999,Durra,catalog/11812.JPG,"10,805",kg,true
1307,Durra Mohalabieh Vanukas Suklaa 160g,64,12,99999,Durra,catalog/1307.JPG,"10,805",kg,true
11800,Durra Mohalabieh Vanukas 160g Kirsikka Vanilijakastike,64,12,99999,Durra,catalog/11800.JPG,"10,805",kg,true
11811,Durra Mohalabieh Vanukas Vanilja 160g,64,12,99999,Durra,catalog/11811.JPG,"10,805",kg,true
1316,Durra Auringonkukkaöljy 1L,64,15,99999,Durra,catalog/1316.JPG,"27,033",kg,true
6343,Durra Tahina 400g,64,12,99999,Durra,catalog/6343.JPG,"37,085",kg,true
6344,Durra Tahina 800g,64,12,99999,Durra,catalog/6344.JPG,"61,818",kg,true
4294,Durra Tonnikala 160gr Annos,64,48,99999,Durra,catalog/4294.JPG,"65,482",kg,true
344,Durra Viinilehdet Yaprak 1400g Lasi,64,6,99999,Durra,catalog/344.JPG,"29,750",kg,true
774,Durra Viinilehdet Yaprak 2750g Lasi,64,4,99999,Durra,catalog/774.JPG,"29,881",kg,true
11399,Durra Viinilehdet 900g lasi Yaprak,64,12,99999,Durra,catalog/11399.JPG,"30,901",kg,true
11781,Rashad seesamikeksi 454g Seesamitikut,64,12,99999,Rashad,catalog/11781.JPG,"29,356",kg,true
4397,Zarrin Augurken 3kg maustekurkku,64,6,99999,Zarrin,catalog/4397.JPG,"32,146",kg,true
2691,Basak Vehnätärkkelys 200g ,67,12,99999,Basak,catalog/2691.JPG,"11,733",kg,true
10004,Basak Vehnätärkkelys 400g ,67,12,99999,Basak,catalog/10004.JPG,"21,008",kg,true
3937,Basak Pikavanukas 110g Suklaa,67,12,99999,Basak,catalog/3937.JPG,"12,351",kg,true
3773,Quick Maustettu Banaanivanukas 125g is Basak,67,12,99999,Basak,catalog/3773.JPG,"12,351",kg,true
1602,Basak Suklaakastike 130g,67,12,99999,Basak,catalog/1602.JPG,"12,351",kg,true
1370,Basak Mansikanmakuinen Jelly 100g Aroma,67,12,99999,Basak,catalog/1370.JPG,"13,897",kg,true
3769,Basak korppujauho of 250 g .,67,12,99999,Basak,catalog/3769.JPG,"12,042",kg,true
1723,Basak Leivontajauhot 10x10g,67,15,99999,Basak,catalog/1723.JPG,"11,768",kg,true
1596,Basak Mannasuurimot 500g ,67,12,99999,Basak,catalog/1596.JPG,"16,370",kg,true
3697,Basak Kaakao 100g,67,24,99999,Basak,catalog/3697.JPG,"43,253",kg,true
6834,Basak Kaakao 24x25g,67,24,99999,Basak,catalog/6834.JPG,"14,191",kg,true
1603,Basak is Kazandibi 150g Jälkiruokajauho,67,12,99999,Basak,catalog/1603.JPG,"10,187",kg,true
2689,Basak Mantelivanukas 140g Vanukasjauho,67,12,99999,Basak,catalog/2689.JPG,"10,805",kg,true
3934,Basak Kermavaahto 75gr,67,12,99999,Basak,catalog/3934.JPG,"10,805",kg,true
9195,Basak Kermavaahto e -Sadr 75gx4 Lahja,67,10,99999,Basak,catalog/9195.JPG,"30,904",kg,true
1722,Basak Egypt 's 400g Maissi,67,12,99999,Basak,catalog/1722.JPG,"12,351",kg,true
1369,Basak Appelsiinin makuinen Jelly 100g ,67,12,99999,Basak,catalog/1369.JPG,"13,897",kg,true
4017,Basak Profiterol 360 g .,67,8,99999,Basak,catalog/4017.JPG,"18,128",kg,true
4583,Basak Vanukasjauho Kookos 130g,67,12,99999,Basak,catalog/4583.JPG,"9,260",kg,true
7679,Basak Vanukas Tummasuklaa 105 g,67,12,99999,Basak,catalog/7679.JPG,"10,805",kg,true
2690,Basak Suklaavanukas Annos 105g,67,12,99999,Basak,catalog/2690.JPG,"10,805",kg,true
3935,Basak Mansikkavanukas 130g ,67,12,99999,Basak,catalog/3935.JPG,"9,260",kg,true
1612,Basak Kaakao-Hasselpähkinä vanukas 110g Pähkinä,67,12,99999,Basak,catalog/1612.JPG,"10,805",kg,true
1608,Basak Kaakaovanukas 120g,67,12,99999,Basak,catalog/1608.JPG,"10,805",kg,true
3936,Basak Aprikoosivanukas 100g,67,12,99999,Basak,catalog/3936.JPG,"10,805",kg,true
1614,Basak Maustettu banaanivanukas 130g,67,12,99999,Basak,catalog/1614.JPG,"9,260",kg,true
1605,Basak Vanilijan makuinen vanukas 130g,67,12,99999,Basak,catalog/1605.JPG,"9,260",kg,true
4015,Basak Revani 500g,67,8,99999,Basak,catalog/4015.JPG,"13,387",kg,true
1599,Basak Vaniljakastike 150g,67,12,99999,Basak,catalog/1599.JPG,"10,187",kg,true
1724,Basak Sahlep Kuuma-juomajauhe maidolla 300g /,67,12,99999,Basak,catalog/1724.JPG,"30,283",kg,true
1610,Basak Supangle Vanukas kaakaolla 155g ,67,12,99999,Basak,catalog/1610.JPG,"11,733",kg,true
1607,Basak Sütlac Riisipuuro 155g,67,12,99999,Basak,catalog/1607.JPG,"10,805",kg,true
4016,Basak Tiramisu 355g,67,8,99999,Basak,catalog/4016.JPG,"18,128",kg,true
2695,Dr Oetker Asüre 230g Jälkiruokajauho,68,24,99999,Dr.Oetker,catalog/2695.JPG,"30,886",kg,true
7419,Dr Oetker cik.Muhale cikolad 215g,68,24,99999,Dr.Oetker,catalog/7419.JPG,"24,703",kg,true
8499,Dr Oetker Cikolata Sos 128g,68,24,99999,Dr.Oetker,catalog/8499.JPG,"30,886",kg,true
2703,Dr Oetker Irmik Helvasi 400g,68,12,99999,Dr.Oetker,catalog/2703.JPG,"26,264",kg,true
2697,Dr Oetker Irmik Tatl 162g mannasuurimo jauho,68,24,99999,Dr.Oetker,catalog/2697.JPG,"21,611",kg,true
5225,Dr Oetker Kaymak Santi 116g,68,12,99999,Dr.Oetker,catalog/5225.JPG,"19,462",kg,true
3128,Dr Oetker Kazandibi 165g,68,24,99999,Dr.Oetker,catalog/3128.JPG,"20,993",kg,true
2694,Dr Oetker Keskül 140g Jälkiruokajauho,68,24,99999,Dr.Oetker,catalog/2694.JPG,"21,611",kg,true
2706,Dr Oetker Krem Santi Suklaa 80g,68,24,99999,Dr.Oetker,catalog/2706.JPG,"23,466",kg,true
2704,Dr Oetker Krem Santi Cilek 80g Mansikkajauhe,68,24,99999,Dr.Oetker,catalog/2704.JPG,"21,611",kg,true
6339,Dr Oetker Krem Santi Orman Meyveli 75g,68,24,99999,Dr.Oetker,catalog/6339.JPG,"23,466",kg,true
2705,Dr Oetker Krem Santi Sade 2er 150g,68,12,99999,Dr.Oetker,catalog/2705.JPG,"18,535",kg,true
2701,Dr Oetker Krem Santi Sade 4er 300g Ekonomik boy,68,12,99999,Dr.Oetker,catalog/2701.JPG,"29,356",kg,true
2700,Dr Oetker Krem Santi Sade 75g Kermavaahto,68,24,99999,Dr.Oetker,catalog/2700.JPG,"23,466",kg,true
2707,Dr Oetker Kurabiye Un tuzlu 500g Kakku Mix,68,8,99999,Dr.Oetker,catalog/2707.JPG,"14,418",kg,true
10412,Dr Oetker Misir Nisastasy 150g,68,12,99999,Dr.Oetker,catalog/10412.JPG,"10,805",kg,true
10414,Dr Oetker Mozaik Pasta 262g,68,8,99999,Dr.Oetker,catalog/10414.JPG,"21,219",kg,true
2708,Dr Oetker Muhallebi 210g Jälkiruokajauho,68,24,99999,Dr.Oetker,catalog/2708.JPG,"21,611",kg,true
2696,Dr Oetker Pirinc Unu 175g Riisijauho,68,12,99999,Dr.Oetker,catalog/2696.JPG,"10,805",kg,true
3127,Dr Oetker Profiterol 360g,68,8,99999,Dr.Oetker,catalog/3127.JPG,"17,509",kg,true
5927,Dr Oetker Vanukas Cabuk Suklaa 125g,68,24,99999,Dr.Oetker,catalog/5927.JPG,"24,703",kg,true
5926,Dr Oetker Vanukas Cabuk Vanilja 118g,68,24,99999,Dr.Oetker,catalog/5926.JPG,"26,558",kg,true
2711,Dr Oetker Revani 500g Kakku Mix,68,8,99999,Dr.Oetker,catalog/2711.JPG,"14,418",kg,true
2710,Dr Oetker Sakizli muhallebi 150g,68,24,99999,Dr.Oetker,catalog/2710.JPG,"21,611",kg,true
2709,Dr Oetker Salep tozu 80g Maitojuoma jauhe,68,12,99999,Dr.Oetker,catalog/2709.JPG,"12,351",kg,true
6340,Dr Oetker sambali 620g,68,8,99999,Dr.Oetker,catalog/6340.JPG,"16,479",kg,true
6059,Dr Oetker Saray Lokmasi 357g,68,8,99999,Dr.Oetker,catalog/6059.JPG,"12,975",kg,true
11201,Dr Oetker Simit and Kumru 556g,68,8,99999,Dr.Oetker,catalog/11201.JPG,"21,219",kg,true
2698,Dr Oetker Supangle Suklaa 143g Vanukas,68,24,99999,Dr.Oetker,catalog/2698.JPG,"21,611",kg,true
2702,Dr Oetker Sütlac 155g Riisipuuro,68,24,99999,Dr.Oetker,catalog/2702.JPG,"21,611",kg,true
10413,Dr Oetker Tam Tahili Kurabiye 230g,68,8,99999,Dr.Oetker,catalog/10413.JPG,"17,097",kg,true
2693,Dr Oetker Tavukgögsü 125g Jälkiruokajauho,68,24,99999,Dr.Oetker,catalog/2693.JPG,"21,611",kg,true
2712,Dr Oetker Tiramisu Kakku Mix 355g,68,8,99999,Dr.Oetker,catalog/2712.JPG,"17,509",kg,true
5632,Dr Oetker Trilece Karamelli Soslu 315g,68,8,99999,Dr.Oetker,catalog/5632.JPG,"16,479",kg,true
2699,Dr Oetker Tursukur 100g Einmachhilfe,68,24,99999,Dr.Oetker,catalog/2699.JPG,"15,427",kg,true
6679,Dr Oetker Un Kurabiy 450g,68,8,99999,Dr.Oetker,catalog/6679.JPG,"14,418",kg,true
6559,Dr Oetker Zerde 167g,68,24,99999,Dr.Oetker,catalog/6559.JPG,"33,978",kg,true
2692,Basak Asure 110g Jälkiruokajauho,220,12,99999,Basak,catalog/2692.JPG,"17,916",kg,true
6283,Basak besamel Sosu 80g,220,12,99999,Basak,catalog/6283.JPG,"11,733",kg,true
1579,Basak Hamur Kabartma tozu 5x10g / Ruokasooda,220,30,99999,Basak,catalog/1579.JPG,"15,420",kg,true
5120,Basak Karisim - Pandispanya 350gr,220,8,99999,Basak,catalog/5120.JPG,"16,066",kg,true
5015,Basak Karisim 375g Kaakao,220,8,99999,Basak,catalog/5015.JPG,"18,540",kg,true
5014,Basak Karisim Suklaa 500g kek,220,8,99999,Basak,catalog/5014.JPG,"18,540",kg,true
1588,Basak Krem Caramel 110g / Creme Caramel,220,12,99999,Basak,catalog/1588.JPG,"13,897",kg,true
1580,Basak Krem Santi Cilek 2x75g,220,12,99999,Basak,catalog/1580.JPG,"18,535",kg,true
10006,Basak Krem Santi Cilek 75g,220,12,99999,Basak,catalog/10006.JPG,"10,496",kg,true
1581,Basak Krem Santi Kakaolu 2x75g = 150g /,220,12,99999,Basak,catalog/1581.JPG,"18,535",kg,true
4863,Basak Krem Santi kakaolu 75gr,220,12,99999,Basak,catalog/4863.JPG,"10,805",kg,true
1582,Basak Krem Santi Sade 150g Schlagcrem,220,12,99999,Basak,catalog/1582.JPG,"18,535",kg,true
1373,Basak Muz Aromali jöle 100g /Hyytelö banaani maulla,220,12,99999,Basak,catalog/1373.JPG,"13,897",kg,true
1584,Basak Pasta Kremasi Kakaolu 160g / Krempulver kaakaon kanssa,220,12,99999,Basak,catalog/1584.JPG,"18,535",kg,true
1586,Basak Pasta Kremasi Muz 140g Backmischun,220,12,99999,Basak,catalog/1586.JPG,"18,535",kg,true
1587,Basak Pasta Kremasi Vanilil Aromali 140g,220,12,99999,Basak,catalog/1587.JPG,"18,535",kg,true
7509,Basak Pasta Susu Boncuk 25g,220,15,99999,Basak,catalog/7509.JPG,"11,574",kg,true
7680,Basak Pudding Badem Cikolatali 105g,220,12,99999,Basak,catalog/7680.JPG,"10,805",kg,true
1652,Basak Pudra Sekeri 200g Pack Seker pulv,220,12,99999,Basak,catalog/1652.JPG,"11,733",kg,true
1725,Basak Salep aromali hazir Icecek tozu 130g /,220,12,99999,Basak,catalog/1725.JPG,"15,443",kg,true
1726,Sahlep flavored powder ready to spike on 4x20g,220,6,99999,Basak,catalog/1726.JPG,"6,639",kg,true
5854,Virgo Santa Kaymakli 120g,220,12,99999,Basak,catalog/5854.JPG,"18,535",kg,true
1590,Basak Candies Vanili 30g  Vaniljajauhe,220,30,99999,Basak,catalog/1590.JPG,"15,420",kg,true
1372,Basak  Visne Aromali Jöle 100g / Hapankirsikalla maustettu hyytelö,220,12,99999,Basak,catalog/1372.JPG,"13,897",kg,true
7525,Granite Black Galaxy 61 * 30.5 * 1 Kiillotettu,71,1,99999,Granit,catalog/7525.JPG,"45,099",kg,true
8755,"Tan Ruskea graniitti 61x30,5x1cm",71,1,99999,Granit,catalog/8755.JPG,"51,528",kg,true
11567,Argeta siipikarja levite kana 95g Classic,73,12,99999,Argeta,catalog/11567.JPG,"15,134",kg,true
2853,Argeta kana levite Halal 95g 6x2,73,12,99999,Argeta,catalog/2853.JPG,"15,288",kg,true
3410,Argeta kana levite Junior 95g 6x2,73,12,99999,Argeta,catalog/3410.JPG,"15,134",kg,true
11565,Argeta kana levite maksa 95g 6x2,73,12,99999,Argeta,catalog/11565.JPG,"14,825",kg,true
11566,Argeta kana levite mausteinen 95g,73,12,99999,Argeta,catalog/11566.JPG,"15,443",kg,true
11612,Argeta Junior pizza levite 95g 6x2,73,12,99999,Argeta,catalog/11612.JPG,"15,443",kg,true
11661,Argeta kalkkuna levite 95g,73,12,99999,Argeta,catalog/11661.JPG,"15,134",kg,true
478,Argeta tonnikala levite 95g,73,12,99999,Argeta,catalog/478.JPG,"15,443",kg,true
7236,Argeta Tonnikala Sicilian levitteet 95g,73,12,99999,Argeta,catalog/7236.JPG,"14,825",kg,true
4121,Podravka kana tahna 95g 3 + 1 FREE,73,4,99999,Podravka,catalog/4121.JPG,"10,300",kg,true
11777,Podravka kana tahna pikantti 95g 3 + 1 Grati,73,4,99999,Podravka,catalog/11777.JPG,"10,300",kg,true
4364,Ashbel Petek Bal siirappi 486g hunajakennon palojen kanssa,74,12,99999,Ashbel,catalog/4364.JPG,"21,626",kg,true
536,Ashbel Petek Bal siirappi 750g hunajakennon palojen kanssa,74,6,99999,Ashbel,catalog/536.JPG,"23,953",kg,true
4451,Ashbel Petek Bal siirappi 950g hunajakennon palojen kanssa,74,12,99999,Ashbel,catalog/4451.JPG,"47,906",kg,true
7112,Ashbel siirappi 1kg Hunajalla maustettu,74,12,99999,Ashbel,catalog/7112.JPG,"21,626",kg,true
6668,Ashbel siirappi 600g Tabak Petek siirappi hunajakennon palasten kanssa,74,12,99999,Ashbel,catalog/6668.JPG,"47,906",kg,true
10636,Ashbel siirappi hunaja 250g lasi,74,12,99999,Ashbel,catalog/10636.JPG,"13,279",kg,true
6701,Ashbel siirappi Almond hunaja 245g,74,12,99999,Ashbel,catalog/6701.JPG,"27,810",kg,true
9807,Ashbel siirappi hunajalla 350g annostelija Sikma Pet,74,10,99999,Ashbel,catalog/9807.JPG,"18,022",kg,true
4365,Ashbel Süzme Bal siirappi hunajalla 486g,74,12,99999,Ashbel,catalog/4365.JPG,"18,535",kg,true
9498,Ashbel Süzme Bal siirappi hunajalla 750g,74,12,99999,Ashbel,catalog/9498.JPG,"32,447",kg,true
4452,Ashbel Süzme Bal siirappi hunajalla 950g,74,12,99999,Ashbel,catalog/4452.JPG,"27,191",kg,true
10496,Buram Bal Akasya Tube 300g kartonki,75,10,99999,Buram,catalog/10496.JPG,"29,616",kg,true
6581,Buram Akasya Petek Bal Hunaja 1kg,75,6,99999,Buram,catalog/6581.JPG,"58,734",kg,true
3231,Buram Akasya Petek Bal 500ml purkki hunajaa,75,12,99999,Buram,catalog/3231.JPG,"72,639",kg,true
6580,Buram Akasya Süzme Bal Hunaja 1kg,75,6,99999,Buram,catalog/6580.JPG,"51,005",kg,true
3230,Buram Akasya süzme Bal 500ml purkki hunajaa,75,12,99999,Buram,catalog/3230.JPG,"67,383",kg,true
11603,Buram Antep Fistik 700g,75,12,99999,Buram,catalog/11603.JPG,"58,726",kg,true
11602,Buram Antep Fistik helva 350g,75,12,99999,Buram,catalog/11602.JPG,"30,901",kg,true
9206,Buram Ari Poleni220g hunaja,75,9,99999,Buram,catalog/9206.JPG,"53,320",kg,true
11336,Buram Ari Şuţu 500g,75,6,99999,Buram,catalog/11336.JPG,"68,473",kg,true
7504,Buram Balli çörek Otlu 450g hunaja,75,6,99999,Buram,catalog/7504.JPG,"38,638",kg,true
4317,Buram Bal Cam 500g,75,12,99999,Buram,catalog/4317.JPG,"61,200",kg,true
7947,Buram Bal Cerezli 450g hunaja,75,12,99999,Buram,catalog/7947.JPG,"50,997",kg,true
3053,Buram Cita Petek Bal +/- per kg kennohunaja 15kg,75,15,99999,Buram,catalog/3053.JPG,"125,580",kg,true
5660,Buram Forest Honey 300g cam Bal Tube,75,10,99999,Buram,catalog/5660.JPG,"29,616",kg,true
8034,Buram helva kaakao 700g,75,12,99999,Buram,catalog/8034.JPG,"38,631",kg,true
8033,Buram helva Sade 700g,75,12,99999,Buram,catalog/8033.JPG,"38,631",kg,true
5657,Buram hunaja 700g Cicek suzme,75,6,99999,Buram,catalog/5657.JPG,"27,044",kg,true
6308,Buram Hunaja Cicek Bali 300g Tuubi hunaja Pet,75,10,99999,Buram,catalog/6308.JPG,"24,463",kg,true
5420,Buram Bal Ihlamur 500g Linden honey,75,12,99999,Buram,catalog/5420.JPG,"69,547",kg,true
11601,Buram kaakao helva 350 g,75,12,99999,Buram,catalog/11601.JPG,"23,172",kg,true
6397,Buram Karakovan Petek Bal kg,75,1,99999,Buram,catalog/6397.JPG,"22,800",kg,true
5659,Buram Kars petekli Bal 1kg,75,6,99999,Buram,catalog/5659.JPG,"54,870",kg,true
3057,Buram Kars Petekli Cicek Bali 450g,75,8,99999,Buram,catalog/3057.JPG,"37,090",kg,true
5658,Buram Kars süzme Cicek Bal 1kg,75,6,99999,Buram,catalog/5658.JPG,"47,140",kg,true
11077,Buram Kase Petek Bal 400g Hunaja Honeycomb,75,12,99999,Buram,catalog/11077.JPG,"47,906",kg,true
4320,Buram Bal Kekik 500g hunaja,75,12,99999,Buram,catalog/4320.JPG,"69,547",kg,true
11804,Buram Kestane Bali 500g hunaja,75,12,99999,Buram,catalog/11804.JPG,"69,547",kg,true
5107,Buram Kestane Bali kastanjahunaja kukkaishunajan kanssa 250gGlas,75,12,99999,Buram,catalog/5107.JPG,"38,631",kg,true
9414,Buram Mini Cita Petek Bal kilolta +/- 12kg,75,12,99999,Buram,catalog/9414.JPG,"98,918",kg,true
8667,Buram mini Kase Petek Bal 250g,75,18,99999,Buram,catalog/8667.JPG,"53,308",kg,true
10495,Buram Panax 500g hunaja,75,6,99999,Buram,catalog/10495.JPG,"91,661",kg,true
6234,Buram Petek Cicek Bal 700g hunaja purkki,75,6,99999,Buram,catalog/6234.JPG,"30,909",kg,true
3054,Buram Bal Petekli hunajaa hunajakenno paloilla 500g lasi,75,12,99999,Buram,catalog/3054.JPG,"41,722",kg,true
11143,Buram kittivaha 500g,75,9,99999,Buram,catalog/11143.JPG,"97,376",kg,true
3055,Buram Süzme Cicek Bal 500g hunaja purkki,75,12,99999,Buram,catalog/3055.JPG,"38,631",kg,true
11159,Buram Süzme Kars Bali 450g,75,8,99999,Buram,catalog/11159.JPG,"31,937",kg,true
11221,Buram Tahin helva 350g Sade,75,12,99999,Buram,catalog/11221.JPG,"23,172",kg,true
10809,Buram Uzum Pekmezi 480g,75,18,99999,Buram,catalog/10809.JPG,"25,483",kg,true
7339,Balim Suezin Ci Bal 700 Süzme Cicek Bali 700g Tarjous,76,6,99999,Balim,catalog/7339.JPG,"23,953",kg,true
7338,Balim Süzm Ci Bal450 Kukkahunaja 450g,76,12,99999,Balim,catalog/7338.JPG,"32,447",kg,true
11413,Gülsan Piknik Bal aromi Surub 18li 20g,76,12,99999,Gülsan,catalog/11413.JPG,"17,916",kg,true
11414,Gülsan Piknik Hasselpähkinävoi 18li 20g,76,12,99999,Gülsan,catalog/11414.JPG,"19,462",kg,true
11833,Pate Lina paprika levite 90g,76,10,99999,Patelina,catalog/11833.JPG,"11,066",kg,true
11832,Pate Kana Pate 90g Kokosija Lina siipikarja,76,10,99999,Patelina,catalog/11832.JPG,"11,066",kg,true
11830,Pate Lina siipikarja kanapiiras 90g,76,10,99999,Patelina,catalog/11830.JPG,"11,066",kg,true
11026,PCD Pindakaas maapähkinävoi 350g,76,12,99999,PCD,catalog/11026.JPG,"21,008",kg,true
11027,PCD Pindakaas maapähkinävoi 500g,76,12,99999,PCD,catalog/11027.JPG,"26,264",kg,true
11837,Prego Papuja valmiita syötäväksi 400g Pasulj posni,76,12,99999,Prego,catalog/11837.JPG,"26,264",kg,true
11838,Prego Kanaa ja riisiä valmiina syötäväksi 400g Pileci pilav,76,12,99999,Prego,catalog/11838.JPG,"29,356",kg,true
11836,Prego Naudanlihaa gulassi valmiina syötäväksi 400g Gula govedi,76,12,99999,Prego,catalog/11836.JPG,"52,543",kg,true
10736,Aldim Fruchtaufstric h Mansikka 340g,77,12,99999,Aldim,catalog/10736.JPG,"18,535",kg,true
10735,Aldim Fruchtaufstric h vadelma 340g,77,12,99999,Aldim,catalog/10735.JPG,"18,535",kg,true
10738,Aldim Fruchtaufstric h karpalo 340g,77,12,99999,Aldim,catalog/10738.JPG,"20,080",kg,true
10739,Aldim Fruchtaufstric h Valeakaasia marja 340g,77,12,99999,Aldim,catalog/10739.JPG,"18,535",kg,true
9376,Burcu ahududu Recel 1850g hillo,77,6,99999,Burcu,catalog/9376.JPG,"30,909",kg,true
9397,Burcu ahududu Recel 700g hilloa,77,12,99999,Burcu,catalog/9397.JPG,"27,810",kg,true
9380,Burcu AYVA Recel 1850g hillo,77,6,99999,Burcu,catalog/9380.JPG,"30,909",kg,true
9386,Burcu AYVA Recel 380g hilloa,77,12,99999,Burcu,catalog/9386.JPG,"16,989",kg,true
9393,Burcu AYVA Recel 700g hilloa,77,12,99999,Burcu,catalog/9393.JPG,"27,810",kg,true
11385,Burcu Bögürtle Recel 1850g karhunvatukka hilloa,77,6,99999,Burcu,catalog/11385.JPG,"30,909",kg,true
11386,Burcu Bögürtle Recel 380g karhunvatukka hilloa,77,12,99999,Burcu,catalog/11386.JPG,"16,989",kg,true
11387,Burcu Bögürtle Recel 700g karhunvatukka hilloa,77,12,99999,Burcu,catalog/11387.JPG,"27,810",kg,true
9375,Burcu Cilek Recel 1850g hillo,77,6,99999,Burcu,catalog/9375.JPG,"30,909",kg,true
9385,Burcu Cilek Recel 380g hilloa,77,12,99999,Burcu,catalog/9385.JPG,"16,989",kg,true
9392,Burcu Cilek Recel 700g hilloa,77,12,99999,Burcu,catalog/9392.JPG,"27,810",kg,true
9378,Burcu Gül Recel 1850g hillo,77,6,99999,Burcu,catalog/9378.JPG,"30,909",kg,true
9389,Burcu Gül Recel 380g hilloa,77,12,99999,Burcu,catalog/9389.JPG,"16,989",kg,true
9396,Burcu Gül Recel 700g hillo,77,12,99999,Burcu,catalog/9396.JPG,"27,810",kg,true
9381,Burcu Incirli Recel 1850g hillo,77,6,99999,Burcu,catalog/9381.JPG,"30,909",kg,true
9382,Burcu Incir reçeli 700g hillo,77,12,99999,Burcu,catalog/9382.JPG,"27,810",kg,true
9377,Burcu Kayisi Recel 1850g hillo,77,6,99999,Burcu,catalog/9377.JPG,"30,909",kg,true
9394,Burcu Kayisi Recel 700g hillo,77,12,99999,Burcu,catalog/9394.JPG,"27,810",kg,true
9387,Burcu Kaysisi Recel 380g hillo,77,12,99999,Burcu,catalog/9387.JPG,"60,272",kg,true
9395,Burcu Portakal Recel 700g hillo,77,12,99999,Burcu,catalog/9395.JPG,"27,810",kg,true
9374,Burcu Visne Recel 1850g hillo,77,6,99999,Burcu,catalog/9374.JPG,"30,909",kg,true
9384,Burcu Visne Recel 380g kirsikkahillo,77,12,99999,Burcu,catalog/9384.JPG,"18,535",kg,true
9391,Burcu Visne Recel 700g kirsikkahillo,77,12,99999,Burcu,catalog/9391.JPG,"27,810",kg,true
6875,Gesas ahududu Recel 855g vadelmahillo,77,12,99999,Gesas,catalog/6875.JPG,"27,810",kg,true
6873,Gesas AYVA Recel 855g kvittenihillo,77,12,99999,Gesas,catalog/6873.JPG,"27,810",kg,true
6868,Gesas Cilek Recel 855g Mansikkahillo,77,12,99999,Gesas,catalog/6868.JPG,"27,810",kg,true
11383,Gesas Erik Recel 850g luumuhillo,77,12,99999,Gesas,catalog/11383.JPG,"27,810",kg,true
6870,Gesas Gül Recel 855g ruusuhillo,77,12,99999,Gesas,catalog/6870.JPG,"27,810",kg,true
11384,Gesas havuç Recel 850g porkkana hillo,77,12,99999,Gesas,catalog/11384.JPG,"27,810",kg,true
6869,Gesas Kaysi Recel 855g aprikoosihillo,77,12,99999,Gesas,catalog/6869.JPG,"30,901",kg,true
6871,Gesas Portakal Recel 855g,77,12,99999,Gesas,catalog/6871.JPG,"27,810",kg,true
6867,Gesas Visne reçeli 855g kirsikkahillo,77,12,99999,Gesas,catalog/6867.JPG,"27,810",kg,true
4464,Gülcan maissi sose 350gr unikko voita,77,15,99999,Gülcan,catalog/4464.JPG,"27,810",kg,true
1467,Gülcan Maissi sose 650gr unikko voita,77,12,99999,Gülcan,catalog/1467.JPG,"42,491",kg,true
11412,Gülsan Piknik Recel 18 li 20g,77,12,99999,Gülcan,catalog/11412.JPG,"55,635",kg,true
12057,Takovo hillo aprikoosi 450g lasi,77,6,99999,Takovo,catalog/12057.JPG,"15,443",kg,true
11954,Takovo hilloa aprikoosi / Kaysija 800g lasi KT1MK,77,6,99999,Takovo,catalog/11954.JPG,"10,813",kg,true
11957,Takovo hillo Cherry / Cherry 800g lasi KT1DV,77,6,99999,Takovo,catalog/11957.JPG,"15,451",kg,true
12056,Takovo hillo hedelmä Mix 450g lasi,77,6,99999,Takovo,catalog/12056.JPG,"15,451",kg,true
11953,Takovo hillo sekahedelmiä 800g lasi KT1MM,77,6,99999,Takovo,catalog/11953.JPG,"10,813",kg,true
11956,Takovo hilloa Luumu 800g lasi KT1DS,77,6,99999,Takovo,catalog/11956.JPG,"15,451",kg,true
12058,Takovo marmeladia Ruusunmarja  Sipurak 450g lasi,77,6,99999,Takovo,catalog/12058.JPG,"15,451",kg,true
11955,Takovo marmeladia Ruusunmarja  800g lasi KT1MS,77,6,99999,Takovo,catalog/11955.JPG,"10,813",kg,true
10720,Aribella Andiz Pekmez 440g,78,12,99999,Aribella,catalog/10720.JPG,"15,451",kg,true
10721,Aribella Andiz Pekmez 850g,78,12,99999,Aribella,catalog/10721.JPG,"33,993",kg,true
12109,Burcu Uzum Pekmez 72cc lasi,78,12,99999,Burcu,catalog/12109.JPG,"58,726",kg,true
7531,Dolunay Johannes ydin Keciboynuzu Ozu 700m mehuste lasi,78,12,99999,Dolunay,catalog/7531.JPG,"32,447",kg,true
8724,Gesas Dut Pekmez 650,78,12,99999,Gesas,catalog/8724.JPG,"91,189",kg,true
6865,Gesas Enerji Ikizi 500gr + 650gr ,78,6,99999,Gesas,catalog/6865.JPG,"32,447",kg,true
7151,Gesas Pekmez 650g PET,78,12,99999,Gesas,catalog/7151.JPG,"30,136",kg,true
2755,Gülcan Dut Pekmez 460g lasi,78,12,99999,Gülcan,catalog/2755.JPG,"29,356",kg,true
1472,Gülcan Dut Pekmezi 700g / silkkiäispuunmarja siirappi,78,12,99999,Gülcan,catalog/1472.JPG,"24,718",kg,true
11199,Gülcan Harnup Pekmez 720cc lasi Keciboynu,78,12,99999,Gülcan,catalog/11199.JPG,"32,447",kg,true
5158,"Gülcan Pekmez 2,5kg",78,6,99999,Gülcan,catalog/5158.JPG,"30,901",kg,true
7625,Gülcan Pekmez Tube 650g PET Harnup Pekmezi,78,12,99999,Gülcan,catalog/7625.JPG,"32,841",kg,true
7610,Gülcan Pekmez Uzum 460g,78,12,99999,Gülcan,catalog/7610.JPG,"29,356",kg,true
5070,Gülcan Uzum Pekmez 1500g rypäle siirappi,78,10,99999,Gülcan,catalog/5070.JPG,"21,626",kg,true
1471,Gülcan Uzum Pekmez 72cc,78,12,99999,Gülcan,catalog/1471.JPG,"31,548",kg,true
10346,Al-Yaman Tahina 454g,79,10,99999,Al-Yaman,catalog/10346.JPG,"29,356",kg,true
10347,Al-Yaman Tahini 907g,79,10,99999,Al-Yaman,catalog/10347.JPG,"37,345",kg,true
10645,Burcu humus Tahina 400g,79,24,99999,Burcu,catalog/10645.JPG,"65,685",kg,true
10646,Burcu humus Tahina 800g,79,12,99999,Burcu,catalog/10646.JPG,"23,466",kg,true
12108,Burcu Tahini 550g,79,1,99999,Burcu,catalog/12108.JPG,"20,080",kg,true
6866,Gesas Tahin 18kg,79,1,99999,Gesas,catalog/6866.JPG,"44,814",kg,true
6864,"Gesas Tahin Kova 1,415Kg",79,8,99999,Gesas,catalog/6864.JPG,"83,474",kg,true
7616,"Gülcan Tahin 1,5kg",79,4,99999,Gülcan,catalog/7616.JPG,"68,522",kg,true
7609,Gülcan Tahini 350g lasi,79,12,99999,Gülcan,catalog/7609.JPG,"32,973",kg,true
7612,Gülcan Tahinin seesami tahna 500g PET,79,12,99999,Gülcan,catalog/7612.JPG,"27,810",kg,true
7613,Gülcan Tahini 600g lasipurkki,79,12,99999,Gülcan,catalog/7613.JPG,"37,085",kg,true
11415,Gülsan Tahina KREMA 400g Jar,79,12,99999,Gülcan,catalog/11415.JPG,"44,814",kg,true
9957,Bambu riisipaperi paistamiseen 400g,81,36,99999,Bamboo,catalog/9957.JPG,"23,172",kg,true
9956,Bambu riisipaperi kevätkääryle 400g,81,36,99999,Bamboo,catalog/9956.JPG,"76,936",kg,true
6323,Sienikansia 3kg kahvaton ämpäri,81,1,99999,,catalog/6323.JPG,"76,936",kg,true
11769,Matiss Afrikkalaista paprika tuorejuustoa 3K,81,1,99999,Matiss,catalog/11769.JPG,"18,420",kg,true
11770,Matiss Artisokat Täytetty tuorejuustolla 3kg,81,1,99999,Matiss,catalog/11770.JPG,"24,346",kg,true
11086,Matiss cacik 250g Tzatziki,81,8,99999,Matiss,catalog/11086.JPG,"21,769",kg,true
6775,Matiss sienet GEF. tuorejuusto 3kg,81,1,99999,Matiss,catalog/6775.JPG,"9,265",kg,true
11768,Matiss Cherry Bom paprikaa tuorejuustolla 3kg,81,1,99999,Matiss,catalog/11768.JPG,"23,702",kg,true
11771,Matiss tuorejuusto paprikalla 3kg,81,1,99999,Matiss,catalog/11771.JPG,"23,057",kg,true
11772,Matiss tuorejuusto pepperoni 3kg,81,1,99999,Matiss,catalog/11772.JPG,"26,278",kg,true
11773,Matiss tuorejuusto juusto tomaatti 3kg,81,1,99999,Matiss,catalog/11773.JPG,"26,278",kg,true
11762,Matiss tuorejuusto oliivi gr 3kg,81,1,99999,Matiss,catalog/11762.JPG,"26,278",kg,true
11767,Matiss Marinoitu Surimi katkarapuja 3kg,81,1,99999,Matiss,catalog/11767.JPG,"21,125",kg,true
11763,Matiss Marinoitu tomaatti kuivattu 3kg,81,1,99999,Matiss,catalog/11763.JPG,"23,057",kg,true
11764,Matiss Täytetyt oliivit sw tuorejuustoa 3kg,81,1,99999,Matiss,catalog/11764.JPG,"21,125",kg,true
11765,Matiss Täytetyt punaiset mini paprikat tuorejuustolla 3kg,81,1,99999,Matiss,catalog/11765.JPG,"21,512",kg,true
11766,Matiss Täytetyt hot paprikat tuorejuustolla 3kg,81,1,99999,Matiss,catalog/11766.JPG,"21,769",kg,true
11085,Matiss Zaziki 1kg ämpäri Hausgemacht,81,6,99999,Matiss,catalog/11085.JPG,"21,769",kg,true
11079,Memleket Acuka ACI 150g Alm Spread,81,12,99999,Memleket,catalog/11079.JPG,"19,315",kg,true
11078,Memleket Acuka mild 150g Alm Spread,81,12,99999,Memleket,catalog/11078.JPG,"20,080",kg,true
11080,Memleket Antep ezmesi 150g Chili levitteet,81,12,99999,Memleket,catalog/11080.JPG,"20,080",kg,true
11083,Memleket Biberli Krem Peynir 150g,81,12,99999,Memleket,catalog/11083.JPG,"20,080",kg,true
11084,Memleket Hummus 150g muussatut kahviherneet,81,12,99999,Memleket,catalog/11084.JPG,"20,080",kg,true
11082,Memleket Kayseri Cemen 150g paprika levite sipulin ja valkosipulin kanssa,81,12,99999,Memleket,catalog/11082.JPG,"20,080",kg,true
11081,Memleket Patlican ezmesi 150g munakoiso levite,81,12,99999,Memleket,catalog/11081.JPG,"20,080",kg,true
4419,Pismaniye Ciloglu 180 g,81,24,99999,Pismaniye,catalog/4419.JPG,"20,080",kg,true
4421,Pismaniye Ciloglu 180 g,81,6,99999,Pismaniye,catalog/4421.JPG,"37,069",kg,true
9934,Parsan päädyt 3100ml,81,6,99999,,catalog/9934.JPG,"9,267",kg,true
3915,Titiz Kestane Kebap kastanjat 125g (oranssi),81,30,99999,Titiz,catalog/3915.JPG,"45,208",kg,true
6702,Titiz Kestane Sekeri kastanjat sokeria 125g (vihreä),81,30,99999,Titiz,catalog/6702.JPG,"34,743",kg,true
2270,Wermio grillatut sienet 4kg Eim,81,1,99999,Wermio,catalog/2270.JPG,"34,743",kg,true
11322,Akcaoglu helva Badem 5kg,82,8,99999,Akcaoglu,catalog/11322.JPG,"45,601",kg,true
11498,Akcaoglu helva Pistaasi 800g,82,8,99999,Akcaoglu,catalog/11498.JPG,"279,271",kg,true
11319,Akcaoglu helva kaakao 5Kg,82,1,99999,Akcaoglu,catalog/11319.JPG,"23,693",kg,true
9452,Akcaoglu helva kaakao 800g,82,8,99999,Akcaoglu,catalog/9452.JPG,"25,119",kg,true
11321,Akcaoglu helva Sultan 5Kg,82,1,99999,Akcaoglu,catalog/11321.JPG,"36,059",kg,true
9454,Akcaoglu helva Sultan 900g,82,1,99999,,catalog/9454.JPG,"35,424",,true
1543,Chtoura helva Fistik 454g pistaasipähkinöitä,82,12,99999,63,catalog/1543.JPG,"44,304",kg,true
1546,Chtoura helva Fistik 800g pistaasipähkinöitä,82,12,99999,63,catalog/1546.JPG,"32,447",kg,true
3742,Chtoura helva kaakao 400g Suklaa,82,12,99999,63,catalog/3742.JPG,"57,181",kg,true
1572,Chtoura helva Sade 400g vanilja,82,12,99999,63,catalog/1572.JPG,"29,356",kg,true
1550,Chtoura helva Sade 800g vanilja,82,12,99999,63,catalog/1550.JPG,"24,718",kg,true
6361,Durra Halawa 700g Sade,82,12,99999,Durra,catalog/6361.JPG,"46,360",kg,true
6853,Gesas helva Cream Kaakao 400g muovi,82,12,99999,Gesas,catalog/6853.JPG,"47,906",kg,true
6852,Gesas helva Crem Vanilie 400g muovi,82,12,99999,Gesas,catalog/6852.JPG,"26,264",kg,true
6856,Gesas helva Fistik 350g,82,12,99999,Gesas,catalog/6856.JPG,"26,264",kg,true
6862,Gesas helva Fistik 3kg,82,2,99999,Gesas,catalog/6862.JPG,"30,901",kg,true
6859,Gesas helva Fistik 700g,82,12,99999,Gesas,catalog/6859.JPG,"31,687",kg,true
6855,Gesas helva kaakao 350g,82,12,99999,Gesas,catalog/6855.JPG,"57,181",kg,true
6861,Gesas helva kaakao 3kg,82,2,99999,Gesas,catalog/6861.JPG,"20,080",kg,true
6858,Gesas helva kaakao 700g,82,12,99999,Gesas,catalog/6858.JPG,"23,958",kg,true
6854,Gesas helva Vanilie 350g Sade helva,82,12,99999,Gesas,catalog/6854.JPG,"33,993",kg,true
6860,Gesas helva Vanilie 3kg,82,2,99999,Gesas,catalog/6860.JPG,"20,080",kg,true
6857,Gesas helva Vanilie 700g,82,12,99999,Gesas,catalog/6857.JPG,"23,958",kg,true
7617,Gülcan Antep Fistik helva 350g,82,12,99999,Gülcan,catalog/7617.JPG,"36,466",kg,true
7615,Gülcan Antep Fistik helva 700g,82,12,99999,Gülcan,catalog/7615.JPG,"27,810",kg,true
7606,Gülcan kaakao helva 350g,82,12,99999,Gülcan,catalog/7606.JPG,"47,906",kg,true
7618,Gülcan kaakao helva 700g,82,12,99999,Gülcan,catalog/7618.JPG,"18,535",kg,true
7608,Gülcan Sade helva 350g,82,12,99999,Gülcan,catalog/7608.JPG,"32,447",kg,true
7607,Gülcan Sade helva 700g,82,12,99999,Gülcan,catalog/7607.JPG,"20,080",kg,true
11419,"Gülsan Tahin helva Tepsi 4,6kg",82,1,99999,Gülcan,catalog/11419.JPG,"32,447",kg,true
11416,Gülsan Tahin Tepsi helva 750g suklaa,82,6,99999,Gülcan,catalog/11416.JPG,"19,966",kg,true
11106,Kagit helva 45g,82,36,99999,Kagit,catalog/11106.JPG,"18,542",kg,true
8762,KOSKA helva Antep Fistik 250g Diabeetikon,82,18,99999,Koska,catalog/8762.JPG,"18,504",kg,true
8761,KOSKA helva kaakao 250g Diabeetikon,82,18,99999,Koska,catalog/8761.JPG,"57,946",kg,true
8760,KOSKA helva Sade 250g Diabeetikon,82,18,99999,Koska,catalog/8760.JPG,"50,990",kg,true
11248,Oruc Dede Findikli helva 5Kg,82,1,99999,Oruc,catalog/11248.JPG,"50,990",kg,true
11847,Oruc Dede Kadayif Gul 350g,82,12,99999,Oruc,catalog/11847.JPG,"40,577",kg,true
11849,Oruc Dede Kadayif Sac Arasi 350g,82,12,99999,Oruc,catalog/11849.JPG,"37,085",kg,true
11848,Oruc Dede Kadayif Sarma 350g,82,12,99999,Oruc,catalog/11848.JPG,"37,085",kg,true
11249,Oruc Dede Kakaolu helva 5Kg,82,1,99999,Oruc,catalog/11249.JPG,"37,085",kg,true
11250,Oruc Dede Sade helva 5Kg,82,1,99999,Oruc,catalog/11250.JPG,"30,271",kg,true
11247,Oruc Dede Saraylim helva 5Kg,82,1,99999,Oruc,catalog/11247.JPG,"30,271",kg,true
11465,Gesas Duble Yer Fistik Lokum 500g,83,12,99999,Gesas,catalog/11465.JPG,"36,712",kg,true
11369,"Gesas Findik Cezerye Lokum 1,8kg",83,6,99999,Gesas,catalog/11369.JPG,"27,810",kg,true
11376,"Gesas Güllü Lokum 1,8kg",83,6,99999,Gesas,catalog/11376.JPG,"71,101",kg,true
11467,Gesas Güllü Lokum 500g,83,12,99999,Gesas,catalog/11467.JPG,"28,590",kg,true
11372,Gesas Güllü Lokum 5Kg,83,1,99999,Gesas,catalog/11372.JPG,"23,172",kg,true
11380,Gesas Güllü Lokum 900g,83,12,99999,Gesas,catalog/11380.JPG,"10,948",kg,true
11469,"Gesas Hin. Ceviz Prens Findik Lokum 1,8kg",83,6,99999,Gesas,catalog/11469.JPG,"30,901",kg,true
11464,Gesas Hin. Cevizli lokum Findik 500g,83,12,99999,Gesas,catalog/11464.JPG,"67,236",kg,true
11463,Gesas Hindistan Cevi Pasa Findik Lokum 500g,83,12,99999,Gesas,catalog/11463.JPG,"35,539",kg,true
11462,Gesas Hindistan Cevi Prens Findik Lokum 500g,83,12,99999,Gesas,catalog/11462.JPG,"35,539",kg,true
11461,Gesas Kapli Sade Cik. Lokum 500g,83,12,99999,Gesas,catalog/11461.JPG,"35,539",kg,true
11374,"Gesas Kapli Sade Lokum Suklaa 1,8kg",83,6,99999,Gesas,catalog/11374.JPG,"30,901",kg,true
11378,Gesas Kapli Sade Lokum Suklaa 900g,83,12,99999,Gesas,catalog/11378.JPG,"42,503",kg,true
11466,Gesas Meyve Kus Lokum 500g,83,12,99999,Gesas,catalog/11466.JPG,"43,268",kg,true
11377,"Gesas meyveli Kus Lokum 1,8kg",83,6,99999,Gesas,catalog/11377.JPG,"26,264",kg,true
11381,Gesas meyveli Kus Lokum 1kg,83,12,99999,Gesas,catalog/11381.JPG,"34,774",kg,true
11373,Gesas meyveli Kus Lokum 5Kg,83,1,99999,Gesas,catalog/11373.JPG,"37,085",kg,true
11375,"Gesas Sade Lokum 1,8kg",83,6,99999,Gesas,catalog/11375.JPG,"14,813",kg,true
11468,Gesas Sade Lokum 500g,83,12,99999,Gesas,catalog/11468.JPG,"28,590",kg,true
11371,Gesas Sade Lokum 5Kg,83,1,99999,Gesas,catalog/11371.JPG,"23,172",kg,true
11379,Gesas Sade Lokum 900g,83,12,99999,Gesas,catalog/11379.JPG,"10,948",kg,true
10926,Inci Beyaz Duble lokum pistaasi maapähkinä maku 350 g,83,12,99999,Incibeyaz,catalog/10926.JPG,"30,901",kg,true
10927,Incibeyaz Findikli Lokum 350g,83,12,99999,Incibeyaz,catalog/10927.JPG,"38,631",kg,true
10919,Incibeyaz Rose Delight maku 350g,83,12,99999,Incibeyaz,catalog/10919.JPG,"29,356",kg,true
10949,Incibeyaz Rose Delight maku 5Kg,83,1,99999,Incibeyaz,catalog/10949.JPG,"23,172",kg,true
10921,Incibeyaz Retro Delight maku 350g,83,12,99999,Incibeyaz,catalog/10921.JPG,"13,216",kg,true
11543,Incibeyaz Lokum 200g Fitil Karisik Kutu special,83,12,99999,Incibeyaz,catalog/11543.JPG,"21,008",kg,true
11541,Incibeyaz Lokum 5Kg Fitil Balli A.Fistik,83,1,99999,Incibeyaz,catalog/11541.JPG,"44,814",kg,true
11539,Incibeyaz Lokum 5Kg Fitil Nar A.Fistik,83,1,99999,Incibeyaz,catalog/11539.JPG,"70,206",kg,true
11542,Incibeyaz Lokum 5Kg Fitil Portakal A.Fis,83,1,99999,Incibeyaz,catalog/11542.JPG,"70,206",kg,true
11540,Incibeyaz Lokum 5Kg Fitil Safranli Balli,83,1,99999,Incibeyaz,catalog/11540.JPG,"70,206",kg,true
11538,Incibeyaz Lokum 5Kg Fitil Sütlü A.Fistik,83,1,99999,Incibeyaz,catalog/11538.JPG,"70,206",kg,true
11537,Incibeyaz Lokum 5Kg Yaprak Nar A.Fistik,83,1,99999,Incibeyaz,catalog/11537.JPG,"70,206",kg,true
11536,Incibeyaz Lokum 5Kg Zerecli Nar A.Fistik,83,1,99999,Incibeyaz,catalog/11536.JPG,"70,206",kg,true
10931,Incibeyaz Lüks Basma Fistik Lokum 350g,83,12,99999,Incibeyaz,catalog/10931.JPG,"70,206",kg,true
10920,Incibeyaz Granaattiomenan makuinen delight350g,83,12,99999,Incibeyaz,catalog/10920.JPG,"37,085",kg,true
10954,Incibeyaz Granaattiomenan makuinen delight 5Kg,83,1,99999,Incibeyaz,catalog/10954.JPG,"23,172",kg,true
10932,Incibeyaz Nar H.Cevi Duble Fistik Lokum 350g,83,12,99999,Incibeyaz,catalog/10932.JPG,"13,216",kg,true
10937,Incibeyaz Pismaniye 150g Sade,83,24,99999,Incibeyaz,catalog/10937.JPG,"38,012",kg,true
11534,Incibeyaz Pismaniye 150g Sade kaakao,83,24,99999,Incibeyaz,catalog/11534.JPG,"37,069",kg,true
10938,Inc Beyaz Pismaniye 250g Rulo,83,18,99999,Incibeyaz,catalog/10938.JPG,"37,069",kg,true
10939,Inc Beyaz Pismaniye Fistik 300g,83,12,99999,Incibeyaz,catalog/10939.JPG,"34,758",kg,true
11535,Inc Beyaz Pismaniye Rulo 250g kaakao,83,18,99999,Incibeyaz,catalog/11535.JPG,"30,901",kg,true
10940,Incibeyaz Pismaniye Rulo Fistik 250g,83,18,99999,Incibeyaz,catalog/10940.JPG,"34,758",kg,true
10918,Incibeyaz Sade Lokum 350g,83,12,99999,Incibeyaz,catalog/10918.JPG,"37,077",kg,true
10948,Incibeyaz Sade Lokum 5Kg,83,1,99999,Incibeyaz,catalog/10948.JPG,"5,409",kg,true
6519,Saray Lokum Mandeln mantelit 400g,83,12,99999,Saray,catalog/6519.JPG,"23,172",kg,true
932,Saray Ceviz Sucuk Pekmez rypäle siirappi saksanpähkinöillä 400g,83,12,99999,Saray,catalog/932.JPG,"13,216",kg,true
11029,Saray Karisik Lokum Karisik Pudra 5kg,83,5,99999,Saray,catalog/11029.JPG,"30,901",kg,true
7357,Saray Karsik Lokum Hedelmä Mix 400g,83,12,99999,Saray,catalog/7357.JPG,"38,631",kg,true
10782,Saray Lokum Antep Fistik 250g Cifte Kavrulmus,83,12,99999,Saray,catalog/10782.JPG,"17,384",kg,true
6476,Saray Lokum Cevizli Hindistan 400g,83,12,99999,Saray,catalog/6476.JPG,"30,901",kg,true
9069,Saray Lokum Findikli 5Kg,83,5,99999,Saray,catalog/9069.JPG,"31,829",kg,true
6474,Saray Lokum Findikli Noisette 400g,83,12,99999,Saray,catalog/6474.JPG,"30,901",kg,true
6477,Saray Lokum Fistik pistaasi 400g,83,12,99999,Saray,catalog/6477.JPG,"24,469",kg,true
7140,Saray Lokum Gullu 5kg,83,5,99999,Saray,catalog/7140.JPG,"30,901",kg,true
6434,Saray Lokum Gullu Rose 400g,83,12,99999,Saray,catalog/6434.JPG,"35,539",kg,true
7141,Saray Lokum Karisik Findikli manteli ja saksanpähkinä sekoitus 4kg,83,4,99999,Saray,catalog/7141.JPG,"14,164",kg,true
11177,Saray Turkish Delight Mini Meyve 300g,83,12,99999,Saray,catalog/11177.JPG,"21,626",kg,true
10898,Saray Lokum Narli à la Grenade 5 Kg,83,5,99999,Saray,catalog/10898.JPG,"18,545",kg,true
6432,Saray Lokum Sade Natural 400g,83,12,99999,Saray,catalog/6432.JPG,"24,718",kg,true
7139,Saray Lokum Sade Nature 5kg,83,5,99999,Saray,catalog/7139.JPG,"15,452",kg,true
9215,Saray Turkish Delight special Kasa Lux 4kg,83,4,99999,Saray,catalog/9215.JPG,"21,626",kg,true
6475,Saray Turkish Delight Sultan à la cream 350g,83,12,99999,Saray,catalog/6475.JPG,"14,164",kg,true
9780,Saray Narli Lokum 400g,83,12,99999,Saray,catalog/9780.JPG,"17,514",kg,true
10240,Seyyidler Antep Fistik Fitil 400g,83,15,99999,Seyyidler,catalog/10240.JPG,"35,539",kg,true
10888,Seyyidler Antep Fistikli Kus Lokum 400g,83,15,99999,Seyyidler,catalog/10888.JPG,"24,718",kg,true
9758,Seyyidler Bademli Oscar 400g lokum,83,15,99999,Seyyidler,catalog/9758.JPG,"79,205",kg,true
9755,Seyyidler Bol Pekmez Cevizli Antepsucuk 400gr,83,15,99999,Seyyidler,catalog/9755.JPG,"54,085",kg,true
9759,Seyyidler Cezerye 400g Yaprak Yaprak,83,15,99999,Seyyidler,catalog/9759.JPG,"54,085",kg,true
11105,Seyyidler File Sarma 400g,83,15,99999,Seyyidler,catalog/11105.JPG,"54,085",kg,true
10889,Seyyidler meyveli Sarma 5kg Lokum,83,20,99999,Seyyidler,catalog/10889.JPG,"36,694",kg,true
9756,Seyyidler Oscar 400g Findikli Oscar,83,15,99999,Seyyidler,catalog/9756.JPG,"54,085",kg,true
11339,Seyyidler Oscar Cezerye 50g,83,24,99999,Seyyidler,catalog/11339.JPG,"43,773",kg,true
9754,Seyyidler Pekmezli 400g Cevizli sucuk,83,15,99999,Seyyidler,catalog/9754.JPG,"54,085",kg,true
10485,Seyyidler Susamli Karma 400g,83,15,99999,Seyyidler,catalog/10485.JPG,"18,519",kg,true
10484,Seyyidler Tek Vac Pekmezli 80gr,83,4,99999,Seyyidler,catalog/10484.JPG,"46,356",kg,true
11104,Seyyisler Antep F. Pasa 4kg,83,4,99999,Seyyidler,catalog/11104.JPG,"46,356",kg,true
11704,Takovo Ratluk Turkish Delight Rose 450g EL3RR,83,12,99999,Takovo,catalog/11704.JPG,"28,335",kg,true
11705,Takovo Ratluk Turkish Delight saksanpähkinät 450g EL3RO,83,12,99999,Takovo,catalog/11705.JPG,"141,182",kg,true
5647,Al Rai Naudanliha Pakattu 200g,85,24,99999,Al Rai ,catalog/5647.JPG,"21,626",kg,true
4095,Al Rai Naudanliha Pakattu 340g,85,24,99999,Al Rai ,catalog/4095.JPG,"23,172",kg,true
4097,Al Rai Naudanliha Pakattu 800g,85,12,99999,Al Rai ,catalog/4097.JPG,"29,649",kg,true
4105,Al Rai Kana Lounas 200g,85,24,99999,Al Rai ,catalog/4105.JPG,"40,161",kg,true
4099,Al Rai Kana Lounas 340g,85,24,99999,Al Rai ,catalog/4099.JPG,"44,814",kg,true
4833,Al Rai Kana Lounas 800gr,85,12,99999,Al Rai ,catalog/4833.JPG,"38,924",kg,true
8073,Al Rai suolaliha 340g naudanlihaa,85,24,99999,Al Rai ,catalog/8073.JPG,"49,436",kg,true
4094,Al Rai Corned scaaf 340g Schaaf,85,12,99999,Al Rai ,catalog/4094.JPG,"49,451",kg,true
8741,Al Rai Skipjack Light Tuna Meat 160g,85,48,99999,Al Rai ,catalog/8741.JPG,"89,628",kg,true
6769,Balkanera Sucuk aci Ring 1kg Scharf,85,8,99999,Balkanera,catalog/6769.JPG,"43,268",kg,true
6095,Balkanera Sucuk mild Ring 1kg,85,8,99999,Balkanera,catalog/6095.JPG,"116,185",kg,true
6768,Balkaneta Virsle aci sausages 400g Sharp,85,18,99999,Balkanera,catalog/6768.JPG,"32,968",kg,true
6770,Balkaneta Virsle sausages 400g mild,85,18,99999,Balkanera,catalog/6770.JPG,"32,968",kg,true
9824,Fulya Cesnili Salam 200g,85,12,99999,Fulya,catalog/9824.JPG,"39,396",kg,true
1989,Fulya Hindi Salam Dilim 150g turkey -sausage in slices,85,16,99999,Fulya,catalog/1989.JPG,"39,396",kg,true
1833,Fulya Tavuk ciger ezmesi 200g chicken liverwurst,85,24,99999,Fulya,catalog/1833.JPG,"19,462",kg,true
6599,Fulya Tavuk Dilim Acili Salam 200g,85,12,99999,Fulya,catalog/6599.JPG,"28,835",kg,true
1825,Fulya Tavuksalata Dilim Salam 200g / makkara,85,12,99999,Fulya,catalog/1825.JPG,"30,886",kg,true
5384,Fulya Tavuksalata Salam Biber 200g,85,12,99999,Fulya,catalog/5384.JPG,"19,462",kg,true
4689,Gülcan Beaver Dilim Salam 200g SIGIR,85,12,99999,Gülcan,catalog/4689.JPG,"19,462",kg,true
4691,Gülcan Beaver Kana Salami 200g Dilimi,85,12,99999,Gülcan,catalog/4691.JPG,"19,462",kg,true
4712,Gülcan Hindi Dilim Salam 200g kalkkuna salami punainen,85,12,99999,Gülcan,catalog/4712.JPG,"10,187",kg,true
4690,Gülcan SIGIR dilim Salam 200g,85,12,99999,Gülcan,catalog/4690.JPG,"10,187",kg,true
4687,Gülcan Tavuksalata Dilim Salam 200g,85,12,99999,Gülcan,catalog/4687.JPG,"16,989",kg,true
5701,Gülcan kalkkuna Pizza Salami 500gr,85,12,99999,Gülcan,catalog/5701.JPG,"10,187",kg,true
5724,Gülcan kalkkuna salami pizza geschn. 250g,85,18,99999,Gülcan,catalog/5724.JPG,"10,187",kg,true
5704,Gülcan kalkkuna salami viipaloitu 250g leivälle,85,18,99999,Gülcan,catalog/5704.JPG,"43,268",kg,true
5703,Gülcan kalkkuna salamia paahtoleipää geschn. 500g,85,12,99999,Gülcan,catalog/5703.JPG,"37,077",kg,true
4693,Gülcan Zeytinli Salami 200g,85,12,99999,Gülcan,catalog/4693.JPG,"37,077",kg,true
3716,Koc mini Salami 300gr,85,10,99999,,catalog/3716.JPG,"40,176",kg,true
4864,Liberty suolaliha 340g Ranska,85,12,99999,,catalog/4864.JPG,"10,187",kg,true
3383,Maroc Sade Salami 280g,85,10,99999,,catalog/3383.JPG,"34,769",kg,true
3715,"Maroc Kana Salami 10,08kg 3",85,10,99999,,catalog/3715.JPG,"32,447",kg,true
4596,Öz Dana iskembe 500g,85,8,99999,Öz,catalog/4596.JPG,"33,480",kg,true
2063,Öz Kayseri Dilim pastirma 100g,85,8,99999,Öz,catalog/2063.JPG,"30,904",kg,true
2064,Öz Kayseri SIGIR pastirma per KG,85,1,99999,Öz,catalog/2064.JPG,"27,815",kg,true
2065,Öz Kayseri Yemeklik pastirma 200g Kinkku,85,8,99999,Öz,catalog/2065.JPG,"26,784",kg,true
11834,Pipi Chicken Makkara mini370g,85,14,99999,Pipi,catalog/11834.JPG,"25,763",kg,true
11835,Pipi Kana makkara pizza maulla mini 350g,85,14,99999,Pipi,catalog/11835.JPG,"32,968",kg,true
703,Efe Inci Sos 200 ml 200 ml voi Sosis,86,12,99999,Efepasa,catalog/703.JPG,"29,920",kg,true
705,Efepasa Arzum viipaloitu kana salami 200g,86,12,99999,Efepasa,catalog/705.JPG,"30,641",kg,true
701,Efepasa Burcu Sauce 250ml voi,86,12,99999,Efepasa,catalog/701.JPG,"21,626",kg,true
752,Efepasa Ebru Tavuk- Salam 500g pala,86,10,99999,Efepasa,catalog/752.JPG,"18,071",kg,true
707,Efepas Etap SIGIR pippuri viipale 200g,86,12,99999,Efepasa,catalog/707.JPG,"21,626",kg,true
744,Efepasa viipale makkaraa 2x250g,86,12,99999,Efepasa,catalog/744.JPG,"36,057",kg,true
750,Efepas on Imran SIGIR Makkara 500g,86,10,99999,Efepasa,catalog/750.JPG,"18,071",kg,true
695,Efepas Kervan viipaloitu turkkilainen makkara 200g,86,12,99999,Efepasa,catalog/695.JPG,"63,364",kg,true
698,Efepas Mera Makkara 500g ,86,12,99999,Efepasa,catalog/698.JPG,"36,057",kg,true
756,Efepas Pasa Kangalmakkara 1kg,86,9,99999,Efepasa,catalog/756.JPG,"18,071",kg,true
757,Efepas Pasam prinssi makkara 1kg,86,9,99999,Efepasa,catalog/757.JPG,"61,818",kg,true
604,Efepas Yonca prinssi Makkara 500g,86,18,99999,Efepasa,catalog/604.JPG,"85,783",kg,true
709,Efepasa SIGIR salami viipaleet 200g ,86,12,99999,Efepasa,catalog/709.JPG,"85,783",kg,true
753,Efepasa Pippuroitu Kana viipale 200g ,86,12,99999,Efepasa,catalog/753.JPG,"92,727",kg,true
714,Egetürk Avci Makkarat 250ml,86,12,99999,Egetürk,catalog/714.JPG,"18,071",kg,true
11895,Egetürk Aytürk karitsan salami siivuja 2x100g,86,24,99999,Egetürk,catalog/11895.JPG,"18,071",kg,true
730,Egetürk Babacan Makkara 900ml Annos,86,6,99999,Egetürk,catalog/730.JPG,"28,737",kg,true
746,Egetürk Bahar SIGIR Dilim pastirma 100g,86,20,99999,Egetürk,catalog/746.JPG,"55,619",kg,true
748,Egetürk Bereket Hindi Sögüs Dilim 125g,86,15,99999,Egetürk,catalog/748.JPG,"39,411",kg,true
727,Egetürk Boncuk Makkara 200ml Annos,86,12,99999,Egetürk,catalog/727.JPG,"56,655",kg,true
749,Egetürk Ciftlik Sefa Hindi Gögsü 125 g,86,15,99999,Egetürk,catalog/749.JPG,"28,965",kg,true
718,Egetürk Coban SIGIR pastirma 2kg pala,86,2,99999,Egetürk,catalog/718.JPG,"28,737",kg,true
612,Egetürk Derya Hindi Dilim Salam 200g,86,12,99999,Egetürk,catalog/612.JPG,"27,033",kg,true
690,Egetürk Egem Dilim Sucuk 200g,86,12,99999,Egetürk,catalog/690.JPG,"41,993",kg,true
733,Egetürk Egemen Parma Sucuk 500g,86,18,99999,Egetürk,catalog/733.JPG,"19,462",kg,true
2342,Egetürk Egetat Dilim Sucuk 500g,86,12,99999,Egetürk,catalog/2342.JPG,"27,191",kg,true
712,Egetürk Elif SIGIR Fistikli Salami 500g,86,10,99999,Egetürk,catalog/712.JPG,"92,727",kg,true
731,Egetürk Emre Kangal Sucuk 1kg,86,9,99999,Egetürk,catalog/731.JPG,"63,364",kg,true
11896,Egetürk Ertürk Dilim SIGIR Salami 2x100g,86,24,99999,Egetürk,catalog/11896.JPG,"38,633",kg,true
11897,Egetürk Gokturk Dilim Hindi Salami 2x100g,86,24,99999,Egetürk,catalog/11897.JPG,"86,942",kg,true
741,Egetürk Gürbüz Tavuksalata Dilim Salami 200g,86,12,99999,Egetürk,catalog/741.JPG,"55,619",kg,true
739,Egetürk Mehtap Sigir biberli Dilim 200g,86,12,99999,Egetürk,catalog/739.JPG,"55,619",,true
692,Egetürk Oya Macar Kuzu Dilim 200g,86,12,99999,Egetürk,catalog/692.JPG,"18,535",kg,true
728,Egetürk Özlem Hindi Dilim Salami 200g,86,12,99999,Egetürk,catalog/728.JPG,"20,080",kg,true
9229,Egetürk Peynir Sefas Hindi Salami 500g,86,10,99999,Egetürk,catalog/9229.JPG,"27,191",kg,true
745,Egetürk Pinar Makkara 250ml tölkki,86,12,99999,Egetürk,catalog/745.JPG,"27,191",kg,true
723,Egetürk Saray Sefasi Dilim 125g,86,12,99999,Egetürk,catalog/723.JPG,"38,633",kg,true
716,Egetürk Saray Sefasi SIGIR 500g / 5kg,86,10,99999,Egetürk,catalog/716.JPG,"30,283",kg,true
10421,Egetürk Sevilen SIGIR pastirma 1kg,86,1,99999,Egetürk,catalog/10421.JPG,"16,989",kg,true
10502,Egetürk SIGIR Sefasi Dilim Peynirli Salami 125g,86,12,99999,Egetürk,catalog/10502.JPG,"38,633",kg,true
732,Egetürk Sirma Parmak Sucuk 1kg,86,9,99999,Egetürk,catalog/732.JPG,"22,800",kg,true
737,Egetürk Sultan Kangal Sucuk 500g,86,12,99999,Egetürk,catalog/737.JPG,"16,989",kg,true
722,Egetürk Tavuksalata Sefasi Dilim 125g,86,12,99999,Egetürk,catalog/722.JPG,"86,942",kg,true
721,Egetürk Tavuksalata Sefasi Salami 500g pala,86,10,99999,Egetürk,catalog/721.JPG,"61,818",kg,true
720,Egetürk Tonton Sosis 300ml Annos,86,12,99999,Egetürk,catalog/720.JPG,"16,989",kg,true
724,EgetürkTadim SIGIR Dilim Salami 200g,86,12,99999,Egetürk,catalog/724.JPG,"38,633",kg,true
8739,Founty sardiinit 125g Normaali Marokko,87,50,99999,Founty,catalog/8739.JPG,"40,176",kg,true
8740,Founty sardiinit 125g Marokko ,87,50,99999,Founty,catalog/8740.JPG,"18,535",kg,true
2439,Gambero katkarapu Borelli SAPOR di 7.5kg ämpäri,87,1,99999,Gambero,catalog/2439.JPG,"45,023",kg,true
10498,Lorena Tonnikala Tölkissä 1705g,87,6,99999,Fresh,catalog/10498.JPG,"45,023",kg,true
993,Freshly kana makkaraleike 850g Pilić Salam ,88,12,99999,Fresh,catalog/993.JPG,"75,874",kg,true
990,Freshly kana makkaraleike 200g / Pilić Salam,88,24,99999,Fresh,catalog/990.JPG,"55,643",kg,true
980,Freshly kana makkaraleike 340g / Pilić Salam,88,12,99999,Fresh,catalog/980.JPG,"43,268",kg,true
997,Freshly kana makkaraleike 850g / Pilić Salam,88,12,99999,Fresh,catalog/997.JPG,"29,649",kg,true
976,Freshly naudanliha makkaraleike kana 340g / SIGIR,88,12,99999,Fresh,catalog/976.JPG,"20,080",kg,true
3363,Freshly naudanliha wrap makkaraleike kana 200g / SIGIR,88,24,99999,Fresh,catalog/3363.JPG,"43,268",kg,true
3362,Juuri Tavuksalata Makkara 425g Hanhi,88,12,99999,Fresh,catalog/3362.JPG,"24,718",kg,true
11219,Gülcan Biberli Tavuksalata Salami 1.8kg,89,6,99999,Gülcan,catalog/11219.JPG,"35,833",kg,true
5675,Gülcan Biberli Tavuksalata Salami 500g,89,10,99999,Gülcan,catalog/5675.JPG,"18,225",kg,true
5707,Gülcan çıtır Sosis 500g makkarat,89,12,99999,Gülcan,catalog/5707.JPG,"25,499",kg,true
11220,"Gülcan Fistik Tavuksalata Salam 1,8 kg",89,6,99999,Gülcan,catalog/11220.JPG,"13,642",kg,true
4983,Gülcan mini Sosis 400g makkarat Boncu Cocktail,89,12,99999,Gülcan,catalog/4983.JPG,"29,356",kg,true
4981,Gülcan Salam Sade SIGIR 500g,89,10,99999,Gülcan,catalog/4981.JPG,"25,499",kg,true
4990,Gülcan Salam 2er 2x500 gr Tavuksalata + Sade,89,10,99999,Gülcan,catalog/4990.JPG,"23,172",kg,true
5089,Gülcan Salam 3erPack,89,10,99999,Gülcan,catalog/5089.JPG,"12,354",kg,true
5687,Gülcan Salam Fistik 500g Salami,89,10,99999,Gülcan,catalog/5687.JPG,"21,887",kg,true
4980,Gülcan Salam Hindi 500g,89,10,99999,Gülcan,catalog/4980.JPG,"21,887",kg,true
5087,Gülcan Salam Hindi 1.8kg,89,6,99999,Gülcan,catalog/5087.JPG,"13,642",kg,true
5274,Gülcan Salam Hindi 900gr,89,10,99999,Gülcan,catalog/5274.JPG,"12,354",kg,true
5275,Gülcan Salam Sade 900g,89,10,99999,Gülcan,catalog/5275.JPG,"23,953",kg,true
5088,Gülcan Salam Sade SIGIR 1.8kg,89,6,99999,Gülcan,catalog/5088.JPG,"20,598",kg,true
5086,"Gülcan Salam Tavuksalata 1,8 kg",89,6,99999,Gülcan,catalog/5086.JPG,"21,887",kg,true
4977,Gülcan Salam Tavuksalata 500g,89,10,99999,Gülcan,catalog/4977.JPG,"24,726",kg,true
5273,Gülcan Salam Tavuksalata 900gr,89,10,99999,Gülcan,catalog/5273.JPG,"23,953",kg,true
9899,Gülcan Sandvic Sosis 1x7 keitetty 300g,89,20,99999,Gülcan,catalog/9899.JPG,"12,354",kg,true
4984,Gülcan SIGIR Sosis 500g makkarat,89,10,99999,Gülcan,catalog/4984.JPG,"20,598",kg,true
5008,Gülcan SIGIR Sosis Izgaralik makkarat500g ,89,10,99999,Gülcan,catalog/5008.JPG,"22,131",kg,true
5706,Gülcan Snack Salami 175g,89,24,99999,Gülcan,catalog/5706.JPG,"19,310",kg,true
5043,Gülcan Sosis Jumbo ACI 1kg,89,10,99999,Gülcan,catalog/5043.JPG,"20,598",kg,true
5044,Gülcan Sosis Jumbo Tatli 1kg,89,10,99999,Gülcan,catalog/5044.JPG,"45,108",kg,true
4986,Gülcan Sucuk Kangal makkara 1kg ,89,8,99999,Gülcan,catalog/4986.JPG,"38,633",kg,true
4985,Gülcan Sucuk parmak makkara 1kg ,89,8,99999,Gülcan,catalog/4985.JPG,"38,633",kg,true
6993,Gülcan Tavuksalata Makkara 250g annos,89,12,99999,Gülcan,catalog/6993.JPG,"32,968",kg,true
4982,Gülcan Tavuksalata Makkara 500g ,89,10,99999,Gülcan,catalog/4982.JPG,"32,968",kg,true
5702,Gülcan Truthansalami rinkilä 600g,89,8,99999,Gülcan,catalog/5702.JPG,"16,989",kg,true
6382,Gülcan Zeytin Salami 500g,89,10,99999,Gülcan,catalog/6382.JPG,"19,310",kg,true
11312,Bosna Makkara 450 g nauta,90,14,99999,Bosna,catalog/11312.JPG,"33,998",kg,true
3856,Bosna Makkara 700g naudanlihaa,90,14,99999,Bosna,catalog/3856.JPG,"14,157",kg,true
7468,Bosnian Makkara 5kg kotitekoinen halal,90,5,99999,Bosna,catalog/7468.JPG,"73,925",kg,true
2417,Kelmendi Bosna Sucuk 700g,90,14,99999,Kelmendi,catalog/2417.JPG,"79,335",kg,true
2414,Kelmendi Kosova Makkara 2er,90,13,99999,Kelmendi,catalog/2414.JPG,"60,281",kg,true
4968,Kelmendi Kosovon Makkara Aci,90,13,99999,Kelmendi,catalog/4968.JPG,"88,352",kg,true
7474,Kelmendi Makkara 1kg Prizreni,90,14,99999,Kelmendi,catalog/7474.JPG,"66,970",kg,true
5001,Kelmendi Virshle Prizreni 500g,90,20,99999,Kelmendi,catalog/5001.JPG,"66,970",kg,true
181,Aviko Ranskalaiset perunat 10mm 10kg,91,1,99999,Aviko,catalog/181.JPG,"86,549",kg,true
8805,Paistettuja perunoita McCain 10kg,91,1,99999,McCain,catalog/8805.JPG,"87,572",kg,true
9805,Porkkana salaatti Crown 2650ml,91,4,99999,,catalog/9805.JPG,"14,169",kg,true
10820,Vita Margariini 18lt Baklavalik,91,1,99999,Vita,catalog/10820.JPG,"18,034",kg,true
10819,Vita Margariini 18lt Kizartmalik,91,1,99999,Vita,catalog/10819.JPG,"15,969",kg,true
10724,Vita Margariini 1kg,91,12,99999,Vita,catalog/10724.JPG,"29,627",kg,true
10725,Vita Margariini 2Kg,91,6,99999,Vita,catalog/10725.JPG,"28,339",kg,true
10726,Vita Margariini 4kg,91,4,99999,Vita,catalog/10726.JPG,"32,447",kg,true
12128,Vita Margariini 500g,91,12,99999,,catalog/12128.JPG,"28,590",,true
12129,Vita Margariini 700 g,91,12,99999,,catalog/12129.JPG,"36,064",,true
10818,Vita Margariini 8kg,91,1,99999,Vita,catalog/10818.JPG,"21,626",kg,true
10789,Robert kanaa makkaraleike vihreillä oliiveilla 340 g,92,12,99999,Robert,catalog/10789.JPG,"27,810",kg,true
4324,Robert kanaa makkaraleike oliiveilla 600 gr,92,8,99999,Robert,catalog/4324.JPG,"27,051",kg,true
4325,Robert kanaa makkaraleike persiljalla 600gr,92,8,99999,Robert,catalog/4325.JPG,"24,718",kg,true
970,Robert kanoja aamiaisliha 340g Pilić Salam,92,12,99999,Robert,catalog/970.JPG,"27,815",kg,true
1006,Robert kanoja aamiaisliha 200g Pilić Salam,92,12,99999,Robert,catalog/1006.JPG,"27,815",kg,true
987,Robert kanoja aamiaisliha 850g Pilić Salam,92,24,99999,Robert,catalog/987.JPG,"24,100",kg,true
1000,Robert kana makkaraleike 850g Pilić Salam,92,12,99999,Robert,catalog/1000.JPG,"57,181",kg,true
1005,Robert valkosipuli makkaraleike 600g / Salam,92,8,99999,Robert,catalog/1005.JPG,"30,886",kg,true
3365,Robert Pilić Salam Aci 200g,92,24,99999,Robert,catalog/3365.JPG,"57,181",kg,true
3364,Robert Pilić Salam Aci 340g,92,12,99999,Robert,catalog/3364.JPG,"27,815",kg,true
985,Robert naudanliha makkaraleike kanaa 200g / SIGIR Sal,92,24,99999,Robert,catalog/985.JPG,"30,886",kg,true
973,Robert Karja aamiaisliha kanalla 350g / SIGIR Sal,92,12,99999,Robert,catalog/973.JPG,"23,172",kg,true
1003,Robert naudanliha makkaraleike kanaa 850g / SIGIR Sala,92,12,99999,Robert,catalog/1003.JPG,"42,016",kg,true
962,Robert Tavuksalata makkara annos 227gr,92,12,99999,Robert,catalog/962.JPG,"29,356",kg,true
10567,"Suho Meso, Savustettu naudanliha",93,5,99999,Suho Meso,catalog/10567.JPG,"72,639",kg,true
7388,Solen Kahvalti Keyfi Aamiaismakkara 1kg sininen sk,94,9,99999,Sölen,catalog/7388.JPG,"21,626",kg,true
7389,Solen Kahvalti Keyfi Prinssimakkara 1kg sininen PK,94,9,99999,Sölen,catalog/7389.JPG,"61,183",kg,true
2386,Solen Kangal Sucuk 1kg makkara Mangal,94,9,99999,Sölen,catalog/2386.JPG,"46,364",kg,true
2387,Solen Parmak Sucuk 1kg Mangal,94,9,99999,Sölen,catalog/2387.JPG,"46,364",kg,true
2865,Solen parmak Sucuk 500g Mangal,94,18,99999,Sölen,catalog/2865.JPG,"63,754",kg,true
9212,Solen SIGIR Sosis Do SE 250g makkarat,94,12,99999,Sölen,catalog/9212.JPG,"63,754",kg,true
9211,Solen Tavuksalata Sosis Do SE 250g makkarat,94,12,99999,Sölen,catalog/9211.JPG,"69,540",kg,true
7470,Bosanski Sudzuk 450g makkara Halal,95,16,99999,Bosanski,catalog/7470.JPG,"26,264",kg,true
1823,Koc Kayseri Sucuk 450g,95,20,99999,Koc Kayceri,catalog/1823.JPG,"16,989",kg,true
6833,Ozipek Sucuk el YAPI Kangal 100% Dana Helal,95,4,99999,,catalog/6833.JPG,"80,363",kg,true
9593,Sancak Kavurma 200g,95,20,99999,,catalog/9593.JPG,"72,113",kg,true
2487,Sera Parmak Sucuk 1kg,95,9,99999,Sera,catalog/2487.JPG,"42,248",kg,true
10501,Sera Parmak Sucuk 250g,95,18,99999,Sera,catalog/10501.JPG,"69,537",kg,true
2488,Sera Parmak Sucuk 500g,95,18,99999,Sera,catalog/2488.JPG,"60,276",kg,true
605,Domiat 500g Feta Art 40%,96,12,99999,Domiat,catalog/605.JPG,"39,396",kg,true
11499,Gülcan Organ juusto 250g Majdoul Juusto,96,24,99999,Gülcan,catalog/11499.JPG,"67,221",kg,true
540,Sütdiyar Ciftlik 55% 1 kg Annos ,96,6,99999,Sütdiyari,catalog/540.JPG,"46,360",kg,true
2368,Sütdiyar maalaistalo juusto 1kg Annos 40%,96,6,99999,Sütdiyari,catalog/2368.JPG,"74,169",kg,true
555,Sütdiyar maalaistalo juusto 55% 400g Annos,96,6,99999,Sütdiyari,catalog/555.JPG,"39,411",kg,true
2252,Sütdiyar juusto 400g annos 40% pehmeä juusto,96,6,99999,Sütdiyari,catalog/2252.JPG,"40,184",kg,true
541,Sütdiyar Juusto 1kg Annos60%,96,6,99999,Sütdiyari,catalog/541.JPG,"27,044",kg,true
557,Sütdiyar Juusto 60% 400 g Pehmeä juusto,96,6,99999,Sütdiyari,catalog/557.JPG,"22,407",kg,true
5003,Alaska Seitifile 12x750g,97,9,99999,Alaska,catalog/5003.JPG,"50,232",kg,true
3425,Chatar kanamakkara 450g Maroc ,97,24,99999,Chatar,catalog/3425.JPG,"27,044",kg,true
2379,Chatar Matrak Salami tavallinen 450g,97,24,99999,Chatar,catalog/2379.JPG,"42,885",kg,true
5366,Chatar Oliivisalami 450g ,97,24,99999,Chatar,catalog/5366.JPG,"40,161",kg,true
3663,Chatar Marokko Salami 450g Pikantti,97,24,99999,Chatar,catalog/3663.JPG,"40,161",kg,true
3669,Chatar Kanamakkara Salami Marokko 3x250g,97,24,99999,Chatar,catalog/3669.JPG,"40,161",kg,true
3709,Chatar Salami Dinde 3x250g,97,24,99999,Chatar,catalog/3709.JPG,"40,161",kg,true
2380,Chat Salami Marokko mini 4x85g,97,34,99999,Chatar,catalog/2380.JPG,"64,894",kg,true
2187,Chatar Makkaraa naudanliha salami mix Marokko 3x280g,97,22,99999,Chatar,catalog/2187.JPG,"64,894",kg,true
3241,Chat Salam Salam Maroc Rinder Pikantti + Oliivit 3x280g,97,22,99999,Chatar,catalog/3241.JPG,"61,275",kg,true
474,Dardanel Tonnikalaa oliiviöljyssä 160g Tuplapakkaus,97,12,99999,Dardanel,catalog/474.JPG,"64,021",kg,true
10640,Dardanel Tonnikalaa oliiviöljyssä 120g Pussi,97,12,99999,Dardanel,catalog/10640.JPG,"61,187",kg,true
5410,Dardanel Tonnikalaa SB-die Duo Pack 160g,97,12,99999,Dardanel,catalog/5410.JPG,"35,539",kg,true
4964,Dardanel Tonnikalaa auringonkukkaöljyssä Hot Pippuri 160g,97,12,99999,Dardanel,catalog/4964.JPG,"21,626",kg,true
2461,Frutti di Mare 1kg IT Merenelävä Cocktail,97,10,99999,,catalog/2461.JPG,"35,539",kg,true
5617,Rotary 20kg Hackfleisch,97,20,99999,,catalog/5617.JPG,"21,008",kg,true
2233,Kana 10kg kokonainen,97,1,99999,,catalog/2233.JPG,"74,703",kg,true
5622,Kana Döner 7kg,97,7,99999,,catalog/5622.JPG,"144,253",kg,true
2303,Kanan koivet 10kg Kart,97,1,99999,,catalog/2303.JPG,"31,044",kg,true
2195,Hähnchen Flügel 10kg Kart Tuore,97,1,99999,,catalog/2195.JPG,"37,864",kg,true
6076,Kana Sydän 5Kg,97,5,99999,,catalog/6076.JPG,"25,892",kg,true
2546,Kanan maksa 5kg pakkaus,97,5,99999,,catalog/2546.JPG,"25,247",kg,true
6075,Kana vatsat 5Kg,97,5,99999,,catalog/6075.JPG,"14,164",kg,true
2194,Kanan reidet 10kg tuore ,97,1,99999,,catalog/2194.JPG,"13,520",kg,true
2403,Kanakyljykset leivitetty 180g / 3kg Kar Sprehe,97,3,99999,,catalog/2403.JPG,"13,520",kg,true
2495,Broilerin rintafilee 12kg kartonki jäädytetty Brasilia,97,12,99999,,catalog/2495.JPG,"15,586",kg,true
2234,Broilerin filee tuore rintafilee 2 x 5kg,97,10,99999,,catalog/2234.JPG,"18,933",kg,true
5468,"Lammas medaljonki kanta, jäädytetty NZ karitsan kruunu",97,1,99999,,catalog/5468.JPG,"83,460",kg,true
2072,"Linda sardelleja öljy, file 600g tölkki",97,12,99999,Linda,catalog/2072.JPG,"68,262",kg,true
5938,"Linda tonnikala 2/1 paloja öljyssä 1,7kg",97,6,99999,Linda,catalog/5938.JPG,"19,322",kg,true
6240,"Linda tonnikala 2/1 paloja vedessä 1,7 kg",97,6,99999,Linda,catalog/6240.JPG,"117,468",kg,true
11333,"Lorena tonnikalaa, annos185g",97,24,99999,Lorena,catalog/11333.JPG,"51,778",kg,true
2438,Merenelävät salaatti öljyssä 7.5kg ämpäri,97,1,99999,,catalog/2438.JPG,"51,778",kg,true
1368,Molla Minisalami 50g (2x25g) Helal,97,45,99999,Molla,catalog/1368.JPG,"27,794",kg,true
3274,Molla Sandvich Helal,97,15,99999,Molla,catalog/3274.JPG,"74,585",kg,true
2062,Öz Kavurma Dana kg,97,1,99999,,catalog/2062.JPG,"45,158",kg,true
5004,Paz. Punakampelafile 20x500g 70-120g,97,10,99999,Paz,catalog/5004.JPG,"15,246",kg,true
11494,Pescamar sardiinit tomaattikastikkeessa 115g,97,50,99999,Pescamar,catalog/11494.JPG,"13,911",kg,true
11493,Pescamar sardiinit kasviöljyssä 115g,97,50,99999,Pescamar,catalog/11493.JPG,"63,109",kg,true
9707,Pescamar tonnikala oliiviöljyssä 110g,97,50,99999,Pescamar,catalog/9707.JPG,"36,005",kg,true
11491,Pescamar tonnikalaa kasviöljyssä 110g,97,50,99999,Pescamar,catalog/11491.JPG,"42,446",kg,true
11496,Pescamar tonnikalaa kasviöljyssä 80g,97,100,99999,Pescamar,catalog/11496.JPG,"74,651",kg,true
9706,Pescamar tonnikalaa kasviöljyssä 80g Pack 3,97,32,99999,Pescamar,catalog/9706.JPG,"61,769",kg,true
11497,Pescamar tonnikala tomaattikastikkeessa 80g,97,100,99999,Pescamar,catalog/11497.JPG,"82,316",kg,true
9708,Pescamar tonnikala tomaattikastikkeessa 80g Pack 3,97,32,99999,Pescamar,catalog/9708.JPG,"68,388",kg,true
11492,Pescamar tonnikala tomaattikastikkeessa 110g,97,50,99999,Pescamar,catalog/11492.JPG,"82,316",kg,true
8699,Pf kinkkua leikkele neliö,97,8,99999,,catalog/8699.JPG,"64,266",kg,true
5385,Podravka Kotitekoinen liha keitto 70g,97,14,99999,Podravka,catalog/5385.JPG,"55,328",kg,true
3605,Podravka Hühnerfleis CREM 135g Kokosja,97,15,99999,Podravka,catalog/3605.JPG,"50,487",kg,true
10785,Podravka kana tahna 95g Kokosja,97,22,99999,Podravka,catalog/10785.JPG,"13,688",kg,true
10722,Podravka kana tahna pikantti 100g,97,15,99999,Podravka,catalog/10722.JPG,"16,598",kg,true
11735,Podravka kanapiiras 50g,97,30,99999,Podravka,catalog/11735.JPG,"21,227",kg,true
8799,Podravka mausteinen kanapiiras 50g,97,30,99999,Podravka,catalog/8799.JPG,"14,473",kg,true
3639,Podravka Karja varhainen 200g Narezak,97,15,99999,Podravka,catalog/3639.JPG,"19,284",kg,true
485,Podravka Rindergulas 840g annos,97,12,99999,Podravka,catalog/485.JPG,"15,420",kg,true
11525,Podrovka Dolcela Prinsessa Munkki 250,97,7,99999,Podravka,catalog/11525.JPG,"28,965",kg,true
11302,Podrovka naudanliha pihvi 95g,97,22,99999,Podravka,catalog/11302.JPG,"80,368",kg,true
3240,Rinderentrecote Ribs Eye Etelä-Amerikka Vak Jäädytetyt,97,1,99999,,catalog/3240.JPG,"16,763",kg,true
2306,Rindersalami 80 leikkaus,97,1,99999,,catalog/2306.JPG,"22,361",kg,true
2522,Rotbarschfilet 1kg 140-160 g,97,10,99999,,catalog/2522.JPG,"19,322",kg,true
2304,Salami 80 Vak am Stück,97,1,99999,,catalog/2304.JPG,"7,728",kg,true
2305,Salami geschn 80 Vak,97,1,99999,,catalog/2305.JPG,"59,244",kg,true
11650,Punakampela pannulle valmis 10x1kg laukku,97,10,99999,,catalog/11650.JPG,"5,796",kg,true
9578,"Tonnikala öljyssä 1,7Kg Dose Boniitti",97,6,99999,,catalog/9578.JPG,"6,311",kg,true
9608,Tonnikala 1705g Omassa liemessä Skipjack,97,6,99999,,catalog/9608.JPG,"69,550",kg,true
1736,Maya hiiva LKV 1 kg 24St 42g,98,1,99999,,catalog/1736.JPG,"61,826",kg,true
1818,Yayla Tavuk Dilim 150g,98,16,99999,,catalog/1818.JPG,"61,826",kg,true
1800,Yayla Tavuksalata Salamimakkara 500g,98,8,99999,,catalog/1800.JPG,"2,575",kg,true
11457,Abreissbeutel 20x30x3cm Läpinäkyvä 5 kg,100,1,99999,,catalog/11457.JPG,"30,896",kg,true
5557,Alumiini kansi R15 100,100,1,99999,,catalog/5557.JPG,"23,693",kg,true
5561,Alumiini kansi R25 100,100,1,99999,,catalog/5561.JPG,"20,610",kg,true
5559,Alumiini kansi R28 + 27 100,100,1,99999,,catalog/5559.JPG,"3,670",kg,true
5562,Alumiini kansi R84 100,100,1,99999,,catalog/5562.JPG,"3,734",kg,true
5563,Alumiini kansi R87 100,100,1,99999,,catalog/5563.JPG,"3,090",kg,true
5570,Alumiini kansi R88,100,1,99999,,catalog/5570.JPG,"4,894",kg,true
5558,Alu Decker R45 100 (911),100,1,99999,,catalog/5558.JPG,"3,541",kg,true
6753,Alu R85G kuori 100 Kapsalon,100,1,99999,,catalog/6753.JPG,"6,440",kg,true
11507,Alumiinipakkaus Baklava / Baklava levy pieni,100,1,99999,,catalog/11507.JPG,"3,670",kg,true
4367,Alumiinipakkaus Baklava / Baklava levy suuri,100,1,99999,,catalog/4367.JPG,"6,053",kg,true
3455,Alumiinipakkaus Soikea 35cm per / st,100,100,99999,,catalog/3455.JPG,"0,514",kg,true
3454,Alumiinipakkaus Soikea 45cm per / st,100,100,99999,,catalog/3454.JPG,"3,425",kg,true
3453,Alumiinipakkaus R15 L 100,100,1,99999,,catalog/3453.JPG,"218,865",kg,true
4682,Alumiinipakkaus R 25 100,100,1,99999,,catalog/4682.JPG,"38,517",kg,true
3452,Alumiinipakkaus R 28 L 100,100,1,99999,,catalog/3452.JPG,"7,728",kg,true
3449,Alumiinipakkaus R 87 100,100,1,99999,,catalog/3449.JPG,"5,538",kg,true
3451,Alumiinipakkaus R27 100,100,1,99999,,catalog/3451.JPG,"4,379",kg,true
3447,Alumiinipakkaus R45 100 935L,100,1,99999,,catalog/3447.JPG,"6,311",kg,true
3448,Alumiinipakkaus R84 L 100,100,1,99999,,catalog/3448.JPG,"4,250",kg,true
3445,Alumiinivuoka tarjotin R880 G 100,100,1,99999,,catalog/3445.JPG,"7,084",kg,true
3443,Alumiiniastia 150R 100,100,1,99999,,catalog/3443.JPG,"8,836",kg,true
2486,Alumiiniastia 170R 100,100,1,99999,,catalog/2486.JPG,"9,789",kg,true
2485,Alumiiniastia 200R 100,100,1,99999,,catalog/2485.JPG,"6,053",kg,true
2599,Alumiiniastia 230R 100,100,1,99999,,catalog/2599.JPG,"10,047",kg,true
2393,Aluminimfolio 30cm 11my 2H13,100,4,99999,,catalog/2393.JPG,"9,918",kg,true
2601,Alumiinifoliota 14my 30cm 1.2kg nr15501430 2I13,100,6,99999,,catalog/2601.JPG,"13,654",kg,true
7517,Alumiinifoliota 30cm x 14 minun 1kg nr.12001430 2I11,100,6,99999,,catalog/7517.JPG,"22,152",kg,true
2596,45cm alumiinifolio 14my 1.570 kg 2I12,100,6,99999,,catalog/2596.JPG,"43,662",kg,true
7604,Asiabox 16oz 50s,100,9,99999,,catalog/7604.JPG,"34,774",kg,true
7605,Asiabox 26oz 50s,100,9,99999,,catalog/7605.JPG,"63,372",kg,true
5564,B2 kansi 100 2D13,100,6,99999,,catalog/5564.JPG,"46,364",kg,true
2101,B2 kansi 100st Kart 2D12,100,6,99999,,catalog/2101.JPG,"70,711",kg,true
5565,B3 kansi 100 2E12,100,6,99999,,catalog/5565.JPG,"29,363",kg,true
2099,B3 kansi 100 2E11,100,6,99999,,catalog/2099.JPG,"29,363",kg,true
7010,Blanco Lautasliinat 33 * 33cm 6 kg,100,1,99999,,catalog/7010.JPG,"37,865",kg,true
1739,Döner paperipussit st 3200 2J13,100,1,99999,,catalog/1739.JPG,"35,547",kg,true
7041,Dönerbox 160Z pieni,100,10,99999,,catalog/7041.JPG,"14,427",kg,true
7053,Dönerbox 26oz iso,100,10,99999,,catalog/7053.JPG,"14,298",kg,true
3477,"Käärepaperi 12,5kg",100,1,99999,,catalog/3477.JPG,"51,515",kg,true
3418,Kokoontaitettava 1000 st,100,1,99999,,catalog/3418.JPG,"88,873",kg,true
2096,Taitetut paperi pyyhkeet 20 x 200 kpl,100,1,99999,,catalog/2096.JPG,"19,322",kg,true
9896,Fasana lautasliinat 2 ply 1/4 1500st 40cm valkoinen 6x250,100,1,99999,,catalog/9896.JPG,"10,124",kg,true
7005,Talouskelmu 30cm 300mtr 2J11,100,4,99999,,catalog/7005.JPG,"17,518",kg,true
2481,Talouskelmu 45cm 300mtr 2J12,100,4,99999,,catalog/2481.JPG,"21,898",kg,true
7674,"Frischpakkaus paperi 12,5kg",100,1,99999,,catalog/7674.JPG,"16,484",kg,true
7934,"Frischpakkaus paperi 12,5kg 33x40",100,12,99999,,catalog/7934.JPG,"29,366",kg,true
7935,"Frischpakkaus paperi 12,5kg 37x50",100,12,99999,,catalog/7935.JPG,"23,508",kg,true
7936,"Frischpakkaus paperi 12,5kg 40x60",100,12,99999,,catalog/7936.JPG,"36,312",kg,true
7908,"Frischpakkaus paperi 12,5kg 50x75",100,12,99999,,catalog/7908.JPG,"36,312",kg,true
2609,Hampurilaislaatikko HP 3 125st 2C13,100,4,99999,,catalog/2609.JPG,"36,312",kg,true
2600,Hampurilaislaatikko HP-2 125st 2D11 / IP9,100,4,99999,,catalog/2600.JPG,"36,312",kg,true
3502,Hampurilaislaatikko HP 6 125st 2C11,100,4,99999,,catalog/3502.JPG,"34,003",kg,true
3474,Hampurilaislaatikko MP 10 100st 2C12,100,5,99999,,catalog/3474.JPG,"35,034",kg,true
3507,Kahvin sekoituslusikka 1000st,100,5,99999,,catalog/3507.JPG,"26,532",kg,true
3464,Kahvikuppi ruskea koneeseen 180cc 3000,100,30,99999,,catalog/3464.JPG,"28,978",kg,true
7714,Extra vaahtomuovi kansi 500,100,10,99999,,catalog/7714.JPG,"17,384",kg,true
7712,Kilon tin vaahtomuovi 500,100,10,99999,,catalog/7712.JPG,"54,066",kg,true
7713,Kilon tin vaahtomuovi 750ml 500,100,10,99999,,catalog/7713.JPG,"24,463",kg,true
3486,Kilobak 1000cc 500St,100,1,99999,,catalog/3486.JPG,"46,362",kg,true
11604,Kilobak 750cc 500cc,100,1,99999,,catalog/11604.JPG,"36,057",kg,true
7657,Kilobak kansi,100,1,99999,,catalog/7657.JPG,"46,503",kg,true
5569,Kilobak kannellinen 1000cc 250cc,100,1,99999,,catalog/5569.JPG,"46,503",kg,true
7656,Kilobak kannellinen 500cc 250cc,100,1,99999,,catalog/7656.JPG,"24,603",kg,true
5395,Box Menu 1 lokero 125st 2B11,100,2,99999,,catalog/5395.JPG,"37,099",kg,true
7863,Box Menu 1 lokero 100 2B11,100,2,99999,,catalog/7863.JPG,"31,173",kg,true
5396,Box Menu 2 lokeroa 125st 2B12,100,2,99999,,catalog/5396.JPG,"20,866",kg,true
3421,Box Menu 3 lokeroa 125st 2B13,100,2,99999,,catalog/3421.JPG,"21,897",kg,true
4797,Pallet folio 50x300m 17my,100,6,99999,,catalog/4797.JPG,"19,707",kg,true
3487,Pallet folio 50x300m 20my Musta,100,6,99999,,catalog/3487.JPG,"19,578",kg,true
7828,Pahvikuppi 10x16cm 250er,100,12,99999,,catalog/7828.JPG,"37,092",kg,true
4798,Pahvikuppi 8x18x3c 250st,100,1,99999,,catalog/4798.JPG,"62,599",kg,true
2474,Pahvikuppi KU 1 250st paperi,100,1,99999,,catalog/2474.JPG,"37,085",kg,true
7701,Pahvikuppi KU 41,100,1,99999,,catalog/7701.JPG,"3,284",kg,true
2473,Pahvikuppi KU OB 250st paperi,100,1,99999,,catalog/2473.JPG,"7,470",kg,true
4630,Pahvikuppi 9 * 14 * 3 250st paperi,100,1,99999,,catalog/4630.JPG,"7,213",kg,true
2538,Paperilautanen 20x2 pyöreä 100 ST,100,1,99999,,catalog/2538.JPG,"5,796",kg,true
3081,100st paperilautanen 24cm pyöreä,100,1,99999,,catalog/3081.JPG,"5,345",kg,true
2537,50st paperilautanen 26cm pyöreä,100,1,99999,,catalog/2537.JPG,"3,992",kg,true
3422,50st paperilautanen 28cm pyöreä,100,1,99999,,catalog/3422.JPG,"5,989",kg,true
7015,Pergafon 10kg,100,1,99999,,catalog/7015.JPG,"4,057",kg,true
2204,"Pergamentti 1/8 49 g 12,5 kg 2H12",100,1,99999,,catalog/2204.JPG,"5,023",kg,true
3503,"Pergamentti paperi 1/4 12,5kg 2H11",100,1,99999,,catalog/3503.JPG,"20,610",kg,true
3590,Pizza 250 spacer,100,8,99999,,catalog/3590.JPG,"28,661",kg,true
3432,Pizzakar 28x28x4 New Yorkin 1E12,100,1,99999,,catalog/3432.JPG,"28,017",kg,true
3433,"Pizza Kart 29x29x4,2 New Yorkin 1F11",100,1,99999,,catalog/3433.JPG,"66,976",kg,true
7850,Pizza Kart 30x30x100 3cm,100,1,99999,,catalog/7850.JPG,"16,488",kg,true
3434,"Pizza Kart 31x31x4,5 New Yorkin 1F12",100,1,99999,,catalog/3434.JPG,"16,294",kg,true
7913,Pizza Kart 40x60x5cm ruskea,100,1,99999,,catalog/7913.JPG,"14,298",kg,true
7931,Pizza Kart 45x45x5 50st ruskea,100,1,99999,,catalog/7931.JPG,"16,874",kg,true
2629,Pizzalaatikko 20x20x4 100st 1C13,100,1,99999,,catalog/2629.JPG,"25,634",kg,true
2512,Pizzalaatikko 22x22x3 200St veg.Cubo 200 1A12,100,1,99999,,catalog/2512.JPG,"24,475",kg,true
2472,Pizzalaatikko 22x22x3 alumiini Cubo 200,100,1,99999,,catalog/2472.JPG,"9,789",kg,true
3430,"Pizzalaatikko 22x22x4, New Yorkin 100 1D11",100,1,99999,,catalog/3430.JPG,"20,095",kg,true
2602,Pizzalaatikko 24x24x3 200st veg Cubo 1A13,100,1,99999,,catalog/2602.JPG,"32,333",kg,true
3431,Pizzalaatikko 24x24x4 New Yorkin 100 1D12,100,1,99999,,catalog/3431.JPG,"12,881",kg,true
2479,Pizzalaatikko 26x26x3 200st 1B11,100,1,99999,,catalog/2479.JPG,"20,803",kg,true
2513,Pizzalaatikko 28x28x3 alumiini Cubo 200,100,1,99999,,catalog/2513.JPG,"13,074",kg,true
2484,Pizzalaatikko 29x29x3 200st 1B13,100,1,99999,,catalog/2484.JPG,"22,800",kg,true
5317,Pizzalaatikko 30x30x3 150er 1C11,100,1,99999,,catalog/5317.JPG,"45,086",kg,true
5314,Pizzalaatikko 32x32x3 150er 1C12,100,1,99999,,catalog/5314.JPG,"26,407",kg,true
9237,Pizzalaatikko 32x32x3 150S Power,100,1,99999,,catalog/9237.JPG,"21,254",kg,true
2392,Calzone pizzalaatikko 27x16x7 200st,100,1,99999,,catalog/2392.JPG,"20,610",kg,true
2477,Pizzalaatikko vegCubo 28x28x3 200st 1B12,100,1,99999,,catalog/2477.JPG,"25,892",kg,true
2476,Pizzalaatikko vegCubo 45x45x5 50st,100,1,99999,,catalog/2476.JPG,"27,180",kg,true
2475,Pizzalaatikko vegCubo 50x50x7 50st,100,1,99999,,catalog/2475.JPG,"29,627",kg,true
4476,Pizzalaatikoita 26x26x4 100 ST New Yorker`s 1E11,100,1,99999,,catalog/4476.JPG,"23,186",kg,true
2205,Pizzalaatikoita veg. Cubo 20x20x3 200st. 1A11,100,1,99999,,catalog/2205.JPG,"28,339",kg,true
3323,Muovilautanen 100 1X,100,10,99999,,catalog/3323.JPG,"13,525",kg,true
3457,Muovilautanen 100 2 lokeroa,100,10,99999,,catalog/3457.JPG,"14,169",kg,true
3458,Muovilautanen 100 3 lokeroa,100,10,99999,,catalog/3458.JPG,"51,515",kg,true
10806,Läpinäkyvä muovihaarukka 100,100,20,99999,,catalog/10806.JPG,"51,515",kg,true
3290,Muovihaarukat 100,100,20,99999,,catalog/3290.JPG,"51,515",kg,true
3484,Muovilusikka 100er,100,20,99999,,catalog/3484.JPG,"38,878",kg,true
10584,Muovilusikka 25er Lux läpinäkyvä,100,40,99999,,catalog/10584.JPG,"20,585",kg,true
3504,Muoviveitsi 100,100,20,99999,,catalog/3504.JPG,"20,585",kg,true
7685,Muovitarjotin V3 250,100,4,99999,,catalog/7685.JPG,"36,018",kg,true
3468,Ranskalais pussit Nr. 23 10kg,100,1,99999,,catalog/3468.JPG,"20,585",kg,true
3469,Ranskalais No.25 10kg pussit,100,1,99999,,catalog/3469.JPG,"41,217",kg,true
3472,Ranskalais No.27 10kg pussit,100,1,99999,,catalog/3472.JPG,"23,315",kg,true
5229,Ranskalais kulho A7 250st muovi,100,4,99999,,catalog/5229.JPG,"25,247",kg,true
5441,Ranskalais astia KU 60 100st paperi,100,1,99999,,catalog/5441.JPG,"25,247",kg,true
3506,Ranskalais haarukka 1000st 3 Zahn värillinen,100,10,99999,,catalog/3506.JPG,"27,820",kg,true
3496,Ranskalais kuppi 16 Muovi 250,100,4,99999,,catalog/3496.JPG,"9,145",kg,true
3499,Ranskalais kuppi 250st 23 muovi,100,4,99999,,catalog/3499.JPG,"38,633",kg,true
9923,Ranskalais A14 kuori valkoinen 250,100,4,99999,,catalog/9923.JPG,"22,667",kg,true
10971,Ranskalais astia A23 Bio 200st muovi,100,4,99999,,catalog/10971.JPG,"18,030",kg,true
9924,Ranskalais astia A50 / 30 Läpinäkyvä 250,100,4,99999,,catalog/9924.JPG,"30,396",kg,true
9925,Ranskalais kulho A9 Weis muovi 250cc,100,4,99999,,catalog/9925.JPG,"16,999",kg,true
5442,Ranskalais kulhot 7 250st musta,100,4,99999,,catalog/5442.JPG,"37,095",kg,true
3478,Puhdistus rullina 20cm 300m 2A13,100,6,99999,,catalog/3478.JPG,"22,152",kg,true
3446,Kastike kuppi 100cc + kansi Combi,100,1,99999,,catalog/3446.JPG,"19,575",kg,true
3463,Kastike kuppi 125cc + 250cc kansi 2G12,100,1,99999,,catalog/3463.JPG,"13,132",kg,true
3462,Kastike kuppi 250cc + 250cc kansi 2G11,100,1,99999,,catalog/3462.JPG,"23,959",kg,true
7884,Kastike kuppi 30cc + kansi 500St PP10332 Weis,100,1,99999,,catalog/7884.JPG,"9,403",kg,true
3460,Kastike kuppi 500cc + kansi 250st 2G13,100,1,99999,,catalog/3460.JPG,"10,948",kg,true
4366,Kastike kuppi 50cc + kansi Combi,100,1,99999,,catalog/4366.JPG,"11,077",kg,true
7707,Kastike kuppi Kombi + kansi 80cc 2E13,100,1,99999,,catalog/7707.JPG,"13,847",kg,true
7827,Keitto kulho 250cc 100,100,10,99999,,catalog/7827.JPG,"18,935",kg,true
6318,Keitto kulho 500 cc 100 kahvalla,100,10,99999,,catalog/6318.JPG,"20,481",kg,true
7704,Keitto kulho 750cc 100 kahvalla,100,10,99999,,catalog/7704.JPG,"38,633",kg,true
7709,Lautanen 1X vaahto 6x100er,100,6,99999,,catalog/7709.JPG,"46,362",kg,true
7710,Lautanen 2 lokeroa vaahtomuovi 6x100er,100,6,99999,,catalog/7710.JPG,"63,109",kg,true
7711,Levyt 3 lokeroa vaahtomuovi 6x100er,100,6,99999,,catalog/7711.JPG,"29,363",kg,true
3234,Talouspaperi 100m,100,1,99999,,catalog/3234.JPG,"27,817",kg,true
5338,Ostoskassit 28x14x48 1000st Döner pressure 9my valkoinen,100,1,99999,,catalog/5338.JPG,"23,180",kg,true
2480,Ostoskassit 1000st 30x20x60 17my,100,1,99999,,catalog/2480.JPG,"14,298",kg,true
2220,Ostoskassit 2000st 25x12x45 9my pahvi 20 100 kappaletta,100,1,99999,,catalog/2220.JPG,"11,412",kg,true
2470,Ostoskassit 2000st 30x15x55 17my pahvi,100,1,99999,,catalog/2470.JPG,"18,162",kg,true
4142,Ostoskassit 2000st. 28 * 14 * 48 Carton 11my,100,1,99999,,catalog/4142.JPG,"12,881",kg,true
2598,Ostoskassit paine 40x30x65 20my 500St,100,1,99999,,catalog/2598.JPG,"24,603",kg,true
11455,Ostoskassit Super Jumbo 40 + 20x70cm valkoinen extra vahva,100,1,99999,,catalog/11455.JPG,"16,874",kg,true
3466,Juomakupit valkoinen 180 3000,100,30,99999,,catalog/3466.JPG,"25,892",kg,true
7430,Vakum pussit 20x30cm 1000st Läpinäkyvä,100,1,99999,,catalog/7430.JPG,"20,739",kg,true
7429,Vakum pussit 25x35cm 1000st. läpinäkyvä,100,1,99999,,catalog/7429.JPG,"46,337",kg,true
1924,Kurpitsa pala 10kg 7 kpl,102,1,99999,,catalog/1924.JPG,"59,385",kg,true
9499,Kesäkurpitsa vihreä 14er SP5kg Karton,102,1,99999,,catalog/9499.JPG,"83,925",kg,true
7283,Zuchini weis 5kg TUE,102,5,99999,,catalog/7283.JPG,"12,237",kg,true
1871,Abate päärynät 1lg65-70,103,1,99999,,catalog/1871.JPG,"10,304",kg,true
1853,Artisokat tuoreet 24er PR. de Britagne,103,1,99999,,catalog/1853.JPG,"0,000",kg,true
4040,Päärynät conferenc14kg,103,1,99999,,catalog/4040.JPG,"13,010",kg,true
2290,Pitkät pavut Fasulye 4kilo crt,103,1,99999,,catalog/2290.JPG,"19,322",kg,true
2261,Parsakaali 6kilo Luokka I holl kiinnitys,103,1,99999,,catalog/2261.JPG,"15,972",kg,true
1914,Kiina valkosipuli 500g,103,20,99999,,catalog/1914.JPG,"10,820",kg,true
4652,Kastanjiat 5kg SP massa 3A,103,1,99999,,catalog/4652.JPG,"13,010",kg,true
1922,Valkosipuli 100g 20x100gr,103,1,99999,,catalog/1922.JPG,"33,467",kg,true
1917,Valkosipuli 40x250 Kiina,103,40,99999,,catalog/1917.JPG,"23,830",kg,true
3775,Minttu tuore Lucas,103,1,99999,,catalog/3775.JPG,"9,145",kg,true
1838,Persilja LUCAS 20bund luokka 1,103,1,99999,,catalog/1838.JPG,"36,018",kg,true
1843,Purjo 10KILO talletusryhmän 1,103,1,99999,,catalog/1843.JPG,"15,457",kg,true
4792,Kurkku 12er SP Carton 35+,104,1,99999,,catalog/4792.JPG,"12,237",kg,true
1943,Ballarosa 5 kg peruna punainen luokka,105,1,99999,,catalog/1943.JPG,"8,372",kg,true
4048,Bataatti 6 kg L,105,1,99999,,catalog/4048.JPG,"6,569",kg,true
8804,Perunat 5kg DE jauhoinen,105,1,99999,,catalog/8804.JPG,"3,090",kg,true
1933,Perunat 5kg NL muovipussi Altena NL uusi sato,105,1,99999,,catalog/1933.JPG,"13,654",kg,true
1936,Peruna 10kg DE jauhoinen,105,1,99999,,catalog/1936.JPG,"2,575",kg,true
3580,Peruna Grilli 25 kg uusi sato,105,1,99999,,catalog/3580.JPG,"2,910",kg,true
1931,"Peruna Spunta 12,5kg",105,1,99999,,catalog/1931.JPG,"4,714",kg,true
1939,Kriel 10 kg peruna laatikko,105,1,99999,,catalog/1939.JPG,"18,678",kg,true
11870,Balkanin Eta Sarma Selaa,106,15,99999,,catalog/11870.JPG,"13,203",kg,true
671,Balkaneta hapankaali koko päät Paprika,106,15,99999,,catalog/671.JPG,"18,678",kg,true
11876,Balkanin Eta leikattu hapankaalin,106,20,99999,,catalog/11876.JPG,"34,762",kg,true
3144,Balkaneta vakum Lahana hiili eingeleg Kiseli Kupu Glavica,106,15,99999,,catalog/3144.JPG,"20,463",kg,true
4237,Kukkakaali 6 NL 6,106,1,99999,,catalog/4237.JPG,"25,738",kg,true
3245,Kiinankaali Holl. Glorie 8-10er puun,106,1,99999,,catalog/3245.JPG,"19,304",kg,true
1912,Kaali 25kg laukku,106,1,99999,,catalog/1912.JPG,"9,016",kg,true
1759,Kaali Holl 10 kiloa,106,1,99999,,catalog/1759.JPG,"9,016",kg,true
5663,Pehmeä hiiltä St,106,1,99999,,catalog/5663.JPG,"18,034",kg,true
1951,Valkokaali 25kg NL,106,1,99999,,catalog/1951.JPG,"11,593",kg,true
1850,Carli pepper 15x400 luokka 1,107,1,99999,,catalog/1850.JPG,"2,910",kg,true
4228,Corno vihreä 8kg Holland,107,1,99999,,catalog/4228.JPG,"13,525",kg,true
2291,Dolma paprika 15x400 luokka 1,107,1,99999,,catalog/2291.JPG,"13,010",kg,true
1958,Paprika keltainen 10kg luokka 2,107,1,99999,,catalog/1958.JPG,"13,267",,true
1889,Paprika keltainen 5kg NL 80+,107,1,99999,,catalog/1889.JPG,"15,715",kg,true
1885,Vihreä paprika 10kg Holl Kl.2,107,1,99999,,catalog/1885.JPG,"9,660",kg,true
5656,Paprika Mix SP 10x3 pakkaus,107,1,99999,,catalog/5656.JPG,"11,593",kg,true
1891,Paprika punainen 5kg luokka 1 80+ Holland,107,1,99999,,catalog/1891.JPG,"9,660",kg,true
2314,Paprika punainen NL 10kg pieni Kl.2,107,1,99999,,catalog/2314.JPG,"9,789",kg,true
2376,Pepperonichili vihreä 15x350 Yesil ACI pepper luokka 1,107,1,99999,,catalog/2376.JPG,"10,304",kg,true
1894,Pepperonichili punainen 15x350 laukku Mavikent,107,1,99999,,catalog/1894.JPG,"19,966",kg,true
3785,Pepperonichili punainen 3kg KL 1,107,1,99999,,catalog/3785.JPG,"18,162",kg,true
1961,Red paprika Corno luokka 1 4 kg,107,4,99999,,catalog/1961.JPG,"25,892",kg,true
1964,Punainen paprika Corno 8 kiloa,107,1,99999,,catalog/1964.JPG,"15,844",kg,true
4393,Sivri pepper Luokka 1 15x400,107,1,99999,,catalog/4393.JPG,"0,000",kg,true
4273,Spitzpaprika punainen tr muovipussi Kapya,107,1,99999,,catalog/4273.JPG,"6,182",kg,true
1956,Inkivääri tuore 12 kg,108,1,99999,,catalog/1956.JPG,"13,010",kg,true
1974,Piparjuuri 5 kg,108,1,99999,,catalog/1974.JPG,"17,389",kg,true
5423,Piparjuuri loose,108,1,99999,,catalog/5423.JPG,"27,953",kg,true
1753,Porkkanat 20kg / havuç Kl.1,108,1,99999,,catalog/1753.JPG,"27,051",kg,true
1972,Ramana 20s musta Retiche pitkä,108,1,99999,,catalog/1972.JPG,"7,728",kg,true
1846,Retiisi 15er pitkä Extra,108,1,99999,,catalog/1846.JPG,"16,745",kg,true
4667,Cassave Costa Rica 18 kg,109,1,99999,,catalog/4667.JPG,"17,518",kg,true
4236,Jäävuori 10er +- 6kg luokka 2,109,1,99999,,catalog/4236.JPG,"12,881",kg,true
2311,Maasalaatti CAPITO 8x125 g,109,1,99999,,catalog/2311.JPG,"30,658",kg,true
1855,Lollo Bianco 12 er,109,1,99999,,catalog/1855.JPG,"7,986",kg,true
4058,Radicio Salaatti,109,1,99999,,catalog/4058.JPG,"9,789",kg,true
2313,Eier Puska Tomaatit 5kg maine holl Kl.1,110,1,99999,,catalog/2313.JPG,"13,010",kg,true
2221,Puska Tomaatit 5kg luokka 1 Hollanti,110,1,99999,,catalog/2221.JPG,"10,304",kg,true
4051,Tomaatit vihreä 6kilo,110,1,99999,,catalog/4051.JPG,"10,948",kg,true
4049,Kevätsipulia 14er DE,111,1,99999,,catalog/4049.JPG,"7,728",kg,true
3526,Punasipuli 10 kg 60/80,111,1,99999,,catalog/3526.JPG,"5,280",kg,true
1906,Sipuli 20 x 1 kilo Holl,111,1,99999,,catalog/1906.JPG,"9,145",kg,true
1918,Sipulit 25kg luokan I SP massa 2,111,1,99999,,catalog/1918.JPG,"9,660",kg,true
2398,Sipulit DE 25kg 75-105,111,1,99999,,catalog/2398.JPG,"13,010",kg,true
1927,Sipuli uusi sato 5kilo uusi,111,1,99999,,catalog/1927.JPG,"24,475",kg,true
1909,Sipulit valkoinen Sogan 10kg,111,1,99999,,catalog/1909.JPG,"14,813",kg,true
2211,Capri Sonne Cola Mix 10x200ml pahvi,113,4,99999,Capri Sonne,catalog/2211.JPG,"2,446",kg,true
9821,Capri Sun tonttujen juoma 10x200ml,113,4,99999,Capri Sonne,catalog/9821.JPG,"13,525",kg,true
524,Capri Sonne Kirsikka 10x200ml pahvi,113,4,99999,Capri Sonne,catalog/524.JPG,"8,548",kg,true
10965,"Capri Sonne Kirsikka granaattiomena 0,33L",113,15,99999,Capri Sonne,catalog/10965.JPG,"8,548",kg,true
10966,"Caprisonne Mango Passiohedelmä 0,33L",113,15,99999,Capri Sonne,catalog/10966.JPG,"8,548",kg,true
10823,Caprisonne Monster Alarm 10x200 ml,113,4,99999,Capri Sonne,catalog/10823.JPG,"11,188",kg,true
519,Caprisonne Multi 10x200ml pahvi,113,4,99999,Capri Sonne,catalog/519.JPG,"11,188",kg,true
10968,"Caprisonne Multivit amiini 0,33L",113,15,99999,Capri Sonne,catalog/10968.JPG,"8,548",kg,true
525,Capri Sonne Appelsiini 10x200ml pahvi,113,4,99999,Capri Sonne,catalog/525.JPG,"8,548",kg,true
10967,"Capri Sonne Appelsiini Persikka 0,33L",113,15,99999,Capri Sonne,catalog/10967.JPG,"11,188",kg,true
526,Capri Sonne PowerTeam 10x200ml pahvi,113,4,99999,Capri Sonne,catalog/526.JPG,"8,548",kg,true
520,Capri Sun Safari 10x200ml pahvi,113,4,99999,Capri Sonne,catalog/520.JPG,"11,188",kg,true
5742,Kent Trix Elma 200g Omena,114,12,99999,Kent Trix,catalog/5742.JPG,"8,548",kg,true
3848,Kent Trix Kusburnu 200g Ruusunmarja,114,12,99999,Kent Trix,catalog/3848.JPG,"8,548",kg,true
5746,Kent Trix Limon 200g,114,12,99999,Kent Trix,catalog/5746.JPG,"16,989",kg,true
3981,Kent Trix Portakal Appelsiini 200g,114,12,99999,Kent Trix,catalog/3981.JPG,"16,989",kg,true
4220,Kent Trix Tarcin Kaneli 200g,114,12,99999,Kent Trix,catalog/4220.JPG,"16,989",kg,true
5131,Kent Trix Visne 200g kirsikka-aromi,114,12,99999,Kent Trix,catalog/5131.JPG,"16,989",kg,true
11215,"Trix juomajauhe ananas 2,5kg",114,6,99999,Trix,catalog/11215.JPG,"16,989",kg,true
5082,"Trix juomajauhe Cocktail 2,5kg",114,6,99999,Trix,catalog/5082.JPG,"16,989",kg,true
1594,"Trix juomajauhe Mansikka 2,5 kg",114,6,99999,Trix,catalog/1594.JPG,"42,503",kg,true
1691,"Trix juomajauhe Guava 2,5kg",114,6,99999,Trix,catalog/1691.JPG,"42,503",kg,true
1397,"Trix juomajauhe Mango 2,5kg",114,6,99999,Trix,catalog/1397.JPG,"42,503",kg,true
3543,"Trix juomajauhe Vesimeloni 2,5kg",114,6,99999,Trix,catalog/3543.JPG,"42,503",kg,true
11214,"Trix juomajauhe Appelsiini 2,5kg",114,6,99999,Trix,catalog/11214.JPG,"42,503",kg,true
3831,"Trix juomajauhe Vesimelonit 2,5kg",114,6,99999,Trix,catalog/3831.JPG,"42,503",kg,true
6748,"Trix juomajauhe Sitruuna 2,5kg",114,6,99999,Trix,catalog/6748.JPG,"42,503",kg,true
4263,Meysu ananas 1l,115,12,99999,Meysu,catalog/4263.JPG,"42,503",kg,true
10696,Meysu omena nektaria 330ml Tetra,115,12,99999,Meysu,catalog/10696.JPG,"42,503",kg,true
4253,Meysu omenamehu 1L Tetra Pack 100%,115,12,99999,Meysu,catalog/4253.JPG,"10,805",kg,true
11547,Meysu aprikoosi nektaria 330cc tina,115,12,99999,Meysu,catalog/11547.JPG,"6,941",kg,true
4254,Meysu aprikoosi nektaria 1 L Tetra Pack,115,12,99999,Meysu,catalog/4254.JPG,"10,805",kg,true
8783,Meysu aprikoosi nektaria 200ml hoikka Kaysi,115,27,99999,Meysu,catalog/8783.JPG,"6,941",kg,true
10697,Meysu granaattiomenan mehu 100% 1L pullo,115,6,99999,Meysu,catalog/10697.JPG,"10,805",kg,true
8826,Meysu granaattiomena mehu 1L nektaria,115,12,99999,Meysu,catalog/8826.JPG,"10,400",kg,true
8781,Meysu kirsikka 200ml slim nektaria,115,27,99999,Meysu,catalog/8781.JPG,"12,359",kg,true
4259,Meysu kirsikka nektaria 1L Tetra Pack,115,12,99999,Meysu,catalog/4259.JPG,"10,805",kg,true
4245,Meysu kirsikka & granaattiomena omena nektaria 330ml Tetra,115,12,99999,Meysu,catalog/4245.JPG,"10,400",kg,true
11230,Meysu Mango 1L Tetra Pack,115,12,99999,Meysu,catalog/11230.JPG,"10,805",kg,true
8784,Meysu Monivitamiini 200ml Mesi slim,115,27,99999,Meysu,catalog/8784.JPG,"6,941",kg,true
7321,Meysu monivitamiini 300ml Tetra,115,12,99999,Meysu,catalog/7321.JPG,"10,805",kg,true
4256,Meysu monivitamiini Nectar 1 L,115,12,99999,Meysu,catalog/4256.JPG,"10,400",kg,true
11546,Meysu monivitamiini nektaria 330cc tina,115,12,99999,Meysu,catalog/11546.JPG,"6,941",kg,true
10693,Meysu Appelsiini nektaria 330cc tina,115,12,99999,Meysu,catalog/10693.JPG,"10,805",kg,true
4247,Meysu Appelsiini & veriappelsiini 330ml tretra,115,12,99999,Meysu,catalog/4247.JPG,"6,941",kg,true
4257,Meysu appelsiini nektaria 1L Tetra Pack,115,12,99999,Meysu,catalog/4257.JPG,"6,941",kg,true
8780,Meysu appelsiini nektaria 200ml hoikka Portakal,115,27,99999,Meysu,catalog/8780.JPG,"6,941",kg,true
4246,Persikka ja aprikoosi 330ml Tetra Meysu,115,12,99999,Meysu,catalog/4246.JPG,"10,805",kg,true
8782,Meysu persikka 200ml slim Seftali,115,27,99999,Meysu,catalog/8782.JPG,"10,400",kg,true
4258,Meysu persikka nektaria 1 L Tetra Pack,115,12,99999,Meysu,catalog/4258.JPG,"6,941",kg,true
11548,Meysu persikka nektaria 330cc tina,115,12,99999,Meysu,catalog/11548.JPG,"10,400",kg,true
4248,Meysu kvitteni nektaria 100% 1L pullo,115,6,99999,Meysu,catalog/4248.JPG,"10,805",kg,true
11278,Meysu ruusuvesi 1L pullo,115,6,99999,Meysu,catalog/11278.JPG,"6,941",kg,true
11166,Meysu tomaattimehu 100% 1L Tetra,115,12,99999,Meysu,catalog/11166.JPG,"8,494",kg,true
10612,Burgaz Raki 0.7L,116,12,99999,Burgaz,catalog/10612.JPG,"8,494",kg,true
1146,Kuoppa 15yo 70cl 40% Gold Selection,116,6,99999,,catalog/1146.JPG,"10,805",kg,true
3412,Federacia Klassinen 45% Vodka 0.5L hopea-pahvi,116,20,99999,,catalog/3412.JPG,"109,739",kg,true
2336,"Johnnie Walker Red Lab 40% 0,7cl",116,6,99999,,catalog/2336.JPG,"139,891",kg,true
11906,"Takovo Omean 0,7l Jabuka Brandy 40% KT1RJ",116,6,99999,Takovo,catalog/11906.JPG,"118,489",kg,true
11904,"Takovo aprikoosibrandy 0,7l Kajsija 40% KT1RK",116,6,99999,Takovo,catalog/11904.JPG,"84,241",kg,true
11903,Takovo Dzin 40% 1L Gin KT1DG,116,6,99999,Takovo,catalog/11903.JPG,"54,870",kg,true
11905,"Takovo Quince Brandy 0,7l Dunja 40% KT1RD",116,6,99999,Takovo,catalog/11905.JPG,"72,647",kg,true
11899,"Takovo Sljivovica Luumu Brandy 40% 0,75 l Sljivovica KT1RS",116,6,99999,Takovo,catalog/11899.JPG,"67,236",kg,true
11900,Takovo Vodka Baltian 1L 40% KT3BV,116,6,99999,Takovo,catalog/11900.JPG,"72,647",kg,true
11901,Takovo Vodka Sitruuna Baltik 40% 1L Limun KT1LV,116,6,99999,Takovo,catalog/11901.JPG,"62,599",kg,true
11898,"Takovo William päärynä Brandy 40% 0,7 l Viljamovka KT1RV",116,6,99999,Takovo,catalog/11898.JPG,"67,236",kg,true
1130,"Tekirdag Raki 0,35 guldenia 45 til-%",116,12,99999,Tekirdag,catalog/1130.JPG,"67,236",kg,true
1132,"Tekirdag Raki 0,7 Fl 45 til-%",116,6,99999,Tekirdag,catalog/1132.JPG,"82,695",kg,true
6566,Tekirdag Raki Gold 0.2L Fl,116,24,99999,Tekirdag,catalog/6566.JPG,"102,010",kg,true
6558,Tekirdag Raki Gold 0.7L,116,6,99999,Tekirdag,catalog/6558.JPG,"88,878",kg,true
10148,Tekirdag Raki Gold 35cl 45%,116,12,99999,Tekirdag,catalog/10148.JPG,"182,378",kg,true
1133,Vodka Classik 0.5L 40% vol. Vozhak,116,20,99999,Vozhak,catalog/1133.JPG,"121,341",kg,true
9318,"Vodka Alkuperäinen 0,5L 40% vol. Vozhak",116,20,99999,Vozhak,catalog/9318.JPG,"143,748",kg,true
3110,Vodka Platinum 0.7L 40% vol. Ukrainka,116,6,99999,,catalog/3110.JPG,"110,759",kg,true
4028,Vodka Posolskaya 0.7L 40% Black Box,116,12,99999,,catalog/4028.JPG,"110,759",kg,true
9317,Vodka Special 0.5L 40% vol. Vozhak,116,20,99999,,catalog/9317.JPG,"54,870",kg,true
9484,Yeni Raki 0.2L 45%,116,24,99999,Yeni,catalog/9484.JPG,"120,560",kg,true
1129,"Yeni Raki 0,35 L 45 til-%",116,12,99999,Yeni,catalog/1129.JPG,"110,759",kg,true
1127,Yeni Raki 0.7L 45% vol,116,6,99999,Yeni,catalog/1127.JPG,"126,728",kg,true
11291,"Yeni Raki Ala 0,35 L",116,8,99999,Yeni,catalog/11291.JPG,"97,372",kg,true
7849,Yeni Raki Ala 0.7L,116,6,99999,Yeni,catalog/7849.JPG,"91,970",kg,true
7848,Yeni Raki Seri 0.7L,116,6,99999,Yeni,catalog/7848.JPG,"102,015",kg,true
7937,Uludag Gazoz 1 L,117,12,99999,Uludag,catalog/7937.JPG,"122,887",kg,true
7241,"Uludag Gazoz 24x0,33L Dose",117,24,99999,Uludag,catalog/7241.JPG,"95,061",kg,true
7242,"Uludag Gazoz 24x0,5L Fl",117,24,99999,Uludag,catalog/7242.JPG,"13,897",kg,true
10320,"Uludag hiilihapotonta limonadia 0,5l Fl",117,24,99999,Uludag,catalog/10320.JPG,"13,263",kg,true
7238,Uludag hiilihapotonta limonadia 12x1l,117,12,99999,Uludag,catalog/7238.JPG,"18,519",kg,true
9455,Uludag Portakal Orange 0.5L 0.5L,117,24,99999,Uludag,catalog/9455.JPG,"18,519",kg,true
10429,Uludag Portakal Orange 1L 1L Pet,117,12,99999,Uludag,catalog/10429.JPG,"13,897",kg,true
9822,Aloe Vera juo 1.5L,118,12,99999,Aloe Vera,catalog/9822.JPG,"18,519",kg,true
10173,Aloe Vera Juo 500 ml,118,20,99999,Aloe Vera,catalog/10173.JPG,"15,443",kg,true
10780,Aloe Vera juo mansikka 500ml,118,20,99999,Aloe Vera,catalog/10780.JPG,"26,264",kg,true
4876,Aloe Vera juoma granaattiomena 500ml,118,20,99999,Aloe Vera,catalog/4876.JPG,"22,647",kg,true
10781,Aloe Vera Mango Drink 500ml,118,20,99999,Aloe Vera,catalog/10781.JPG,"22,647",kg,true
7999,Bursa Gazos 0.33l Turkin limonadi Pfandfrei,118,24,99999,Bursa,catalog/7999.JPG,"22,647",kg,true
11998,Champion Kahvi Kerma 12x10x10g,118,12,99999,Champion,catalog/11998.JPG,"23,162",kg,true
11997,"Champion sitruunamehu 100% 12x7,5g",118,12,99999,Champion,catalog/11997.JPG,"12,954",kg,true
11996,"Champion Lime Juice 100% 12x7,5g",118,12,99999,Champion,catalog/11996.JPG,"20,080",kg,true
11999,Champion iskukuumennettua maitoa 12x10x10g,118,12,99999,Champion,catalog/11999.JPG,"6,168",kg,true
4877,Tislattu vesi 5L,118,1,99999,,catalog/4877.JPG,"6,168",kg,true
11807,DIDI bergamotin jäätee 1500ml PET,118,6,99999,DIDI,catalog/11807.JPG,"6,168",kg,true
6524,DIDI Annos 250ml jää bergamotin Mini,118,24,99999,DIDI,catalog/6524.JPG,"2,833",kg,true
9253,DIDI Annos 250ml persikka jäätee Mini,118,24,99999,DIDI,catalog/9253.JPG,"10,040",kg,true
4453,DIDI Annos 250ml sitruuna jäätee Mini,118,24,99999,DIDI,catalog/4453.JPG,"14,809",kg,true
6341,DIDI Annos 4p 500ml Berga Motta Jäätee,118,4,99999,DIDI,catalog/6341.JPG,"14,809",kg,true
11668,DIDI Annos 500ml persikka jäätee 4p,118,4,99999,DIDI,catalog/11668.JPG,"14,809",kg,true
2883,DIDI Annos 500ml sitruuna jäätee 4p,118,4,99999,DIDI,catalog/2883.JPG,"10,610",kg,true
1464,DIDI Annos 500ml jää bergamotia,118,12,99999,DIDI,catalog/1464.JPG,"10,610",kg,true
9418,DIDI Annos 500ml Peach Iced Tea,118,12,99999,DIDI,catalog/9418.JPG,"10,610",kg,true
6523,DIDI Dose 500 ml Sitruuna IceTea,118,12,99999,DIDI,catalog/6523.JPG,"10,187",,true
11805,DIDI Dose 1500ml Persikka PET,118,6,99999,DIDI,catalog/11805.JPG,"10,187",,true
2824,DIDI Tetra 1000ml Bergamot,118,12,99999,DIDI,catalog/2824.JPG,"10,187",,true
3518,DIDI Tetra 1000ml Persikka,118,12,99999,DIDI,catalog/3518.JPG,"10,040",,true
4003,DIDI Tetra 1000ml Sitruuna,118,12,99999,DIDI,catalog/4003.JPG,"12,351",,true
2055,DIDI Tetra 200ml 6er Bergamot Multipack,118,1,99999,DIDI,catalog/2055.JPG,"12,351",,true
12005,DIDI Tetra 200ml 6er Bergamot Multipack,118,4,99999,DIDI,catalog/12005.JPG,"12,351",,true
12003,DIDI Tetra 200 ml 6 er Persikka Multipack,118,4,99999,DIDI,catalog/12003.JPG,"1,673",,true
12004,DIDI Tetra 200ml 6er Sitruuna Multipack,118,4,99999,DIDI,catalog/12004.JPG,"6,178",,true
9481,DIDI Tetra 200ml Persikka Multipack,118,27,99999,DIDI,catalog/9481.JPG,"6,178",,true
5010,DIDI Tetra 200ml Persikka Multipack 6er,118,1,99999,DIDI,catalog/5010.JPG,"6,178",,true
3995,DIDI Tetra 200ml Sitruuna Multipack 6er,118,1,99999,DIDI,catalog/3995.JPG,"13,182",,true
11118,Energydrink Hot Blood 250 ml ,118,24,99999,DIDI,catalog/11118.JPG,"1,673",,true
1112,Ersu Granaattiomena mehu100% 1l lasi,118,6,99999,Ersu,catalog/1112.JPG,"1,673",,true
1149,Ersu Granaattiomena mehu 100% 200 ml Nar Suyu,118,24,99999,Ersu,catalog/1149.JPG,"13,263",,true
1166,Ersu Granaattiomena mehu 100% 1l tetrapack Nar Suyu,118,12,99999,Ersu,catalog/1166.JPG,"13,905",,true
11992,Frapi Guava Nektariini 250ml pullo,118,24,99999,Frapi,catalog/11992.JPG,"16,664",,true
11993,Frapi Mango Nektariini 250ml pullo,118,24,99999,Frapi,catalog/11993.JPG,"24,718",,true
9866,Grace Kookosvesi+hedelmäliha 310ml annos (sininen),118,12,99999,Grace,catalog/9866.JPG,"13,882",,true
9868,Grace Kookosvesi 1l,118,12,99999,Grace,catalog/9868.JPG,"13,882",,true
9867,Grace Kookosvesi+hedelmäliha 310ml annos (vihreä),118,12,99999,Graca,catalog/9867.JPG,"11,733",,true
1223,Greenland Mehu mango1l,118,12,99999,Greenland,catalog/1223.JPG,"29,356",,true
3614,Iran Nar Suyu 1l Granaattiomena mehu,118,12,99999,Iran,catalog/3614.JPG,"11,733",,true
10832,Iran Visne Suyu 1l Kirsikkamehu,118,12,99999,Iran,catalog/10832.JPG,"15,443",,true
11936,Juvinata Baby Juice Mehevä Aprikoosi 125ml / 130g SP2PA,118,12,99999,Juvinata ,catalog/11936.JPG,"26,264",,true
11935,Juvinata Baby Juice Mehevä Peach 125ml / 130g SP2PR,118,12,99999,Juvinata,catalog/11935.JPG,"24,718",,true
11937,Juvinata Baby Juice Mehevä päärynä 125ml / 130g SP2PS,118,12,99999,Juvinata,catalog/11937.JPG,"10,805",,true
11861,Kiliyaka Icetea 1l Persikka,118,12,99999,Kiliyaka,catalog/11861.JPG,"10,805",,true
11862,Kiliyaka Icetea 1l Sitruuna,118,12,99999,Kiliyaka,catalog/11862.JPG,"10,805",,true
11860,Kiliyaka Visneta 1l Kirsikka,118,12,99999,Kiliyaka,catalog/11860.JPG,"12,351",,true
11859,Kiliyaka Lemonade 1L PET,118,12,99999,Kiliyaka,catalog/11859.JPG,"12,351",,true
11852,Kiliyaka Salgam Suyu 1l,118,12,99999,Kiliyaka,catalog/11852.JPG,"12,351",,true
11855,Kiliyaka Salgam Suyu 1l ACI,118,12,99999,Kiliyaka,catalog/11855.JPG,"12,351",,true
11850,Kiliyaka Salgam Suyu 1L cutulu ACI cam,118,12,99999,Kiliyaka,catalog/11850.JPG,"12,351",,true
11857,Kiliyaka Salgam Suyu 1L erikoisuus,118,12,99999,Kiliyaka,catalog/11857.JPG,"12,351",,true
11858,Kiliyaka Salgam Suyu 1L erikoisuus ACI,118,12,99999,Kiliyaka,catalog/11858.JPG,"23,172",,true
11853,Kiliyaka Salgam Suyu 2l,118,6,99999,Kiliyaka,catalog/11853.JPG,"12,351",,true
11856,Kiliyaka Salgam Suyu 2l ACI,118,6,99999,Kiliyaka,catalog/11856.JPG,"12,351",,true
11851,Kiliyaka Salgam Suyu 330cc,118,24,99999,Kiliyaka,catalog/11851.JPG,"10,813",,true
11854,Kiliyaka Salgam Suyu 330cc ACI,118,24,99999,Kiliyaka,catalog/11854.JPG,"10,813",,true
11323,Lipton Icetea 1l persikka,118,12,99999,Lipton,catalog/11323.JPG,"12,336",,true
11324,Lipton Icetea 1l sitruuna,118,12,99999,Lipton,catalog/11324.JPG,"12,336",,true
11442,Pinar Aprikoosi Nektariini 1L,118,12,99999,Pinar,catalog/11442.JPG,"13,897",,true
11445,Pinar Cherry Nektariini 1L,118,12,99999,Pinar,catalog/11445.JPG,"13,897",,true
1099,Pinar Madran 5l vesi,118,4,99999,Pinar,catalog/1099.JPG,"12,351",,true
11446,Pinar Monivitamiini Nektariini 1L,118,12,99999,Pinar,catalog/11446.JPG,"12,351",,true
11444,Pinar Orange Nektariini 1L,118,12,99999,Pinar,catalog/11444.JPG,"5,663",,true
11443,Pinar Peach Nektariini 1L,118,12,99999,Pinar,catalog/11443.JPG,"12,351",,true
12172,Siraz Demirhindi Serbeti 250 ml: n yhdistelmä,118,24,99999,Siraz,catalog/12172.JPG,"12,351",,true
12173,Siraz Osmanli Serbeti 250 ml: n yhdistelmä,118,24,99999,Siraz,catalog/12173.JPG,"12,351",,true
12171,Siraz Uzum Sirasi 250 ml: viinirypäleet sekoitus,118,24,99999,Siraz,catalog/12171.JPG,"21,611",,true
4073,Sun Quik Guava Syrup 700ml + 20%,118,6,99999,Sun,catalog/4073.JPG,"21,611",,true
9065,Sun Quik Mango Syrup 700ml + 20%,118,6,99999,SUn,catalog/9065.JPG,"21,611",,true
9064,Sun Quik appelsiini siirappi 700ml + 20%,118,6,99999,SUn,catalog/9064.JPG,"21,325",,true
9066,Sun Quik Tropical siirappi 700ml + 20%,118,6,99999,Sun,catalog/9066.JPG,"19,006",,true
11923,Takovo Apple Jabuka kirkas hedelmänektariin 1L 50% KT1NJ,118,12,99999,Takovo,catalog/11923.JPG,"19,006",,true
11926,Takovo Aprikoosi Hedelmänektari Kajsi mehevä 1L 40% KT1NK,118,12,99999,Takovo,catalog/11926.JPG,"19,006",,true
12053,Takovo Citrusi mix 1.5L Family Pack SN3OK,118,8,99999,Takovo,catalog/12053.JPG,"11,733",,true
11924,Takovo Cocktail Kokt mehevä hedelmänektariin 1L 50% KT1NC,118,12,99999,Takovo,catalog/11924.JPG,"11,733",,true
12052,Takovo Cocktail pulp Hedelmänektari 1.5L Family Pack SN3SK,118,8,99999,Takovo,catalog/12052.JPG,"10,295",,true
12037,Takovo Coctail Omena persikka 0.2L 50% MD1DJB,118,3,99999,Takovo,catalog/12037.JPG,"11,733",,true
12036,Takovo Dojpak sekoitus sitrus 0.2L 10% MD1DP,118,3,99999,Takovo,catalog/12036.JPG,"11,326",,true
12041,Takovo Hedelmänektari omena 0.2L 50% MD1DJ,118,3,99999,Takovo,catalog/12041.JPG,"0,962",,true
12038,Takovo Hedelmänektari aprikoosi 0.2L 40% MD1DK,118,3,99999,Takovo,catalog/12038.JPG,"0,962",,true
12040,Takovo Hedelmänektari persikka 0.2L 50% MD1DB,118,3,99999,Takovo,catalog/12040.JPG,"0,962",,true
12039,Takovo Hedelmänektari mansikka 0.2L 40% MD1DS,118,3,99999,Takovo,catalog/12039.JPG,"0,962",,true
12035,Takovo Orange 0.2L Pomorandza MD1DP,118,3,99999,Takovo,catalog/12035.JPG,"0,962",,true
11925,Takovo Peach Hedelmänektari Bereskv mehevä 1L 50% KT1NBR,118,12,99999,Takovo,catalog/11925.JPG,"0,962",,true
12051,Takovo Peach mehevä Hedelmänektari 1.5L Family Pack SN3SB,118,6,99999,Takovo,catalog/12051.JPG,"0,962",,true
11942,Takovo siirappi 1L Mustikka Borovnica lasi MD2SBS,118,6,99999,Takovo,catalog/11942.JPG,"11,733",,true
11940,Takovo siirappi 1L Kirsikka lasi MD2SVS,118,6,99999,Takovo,catalog/11940.JPG,"7,721",,true
11939,Takovo siirappi 1L Lemon - Limun lasi MD2SLS,118,6,99999,Takovo,catalog/11939.JPG,"15,451",,true
11938,Takovo siirappi 1L Orange-Pomorandza lasi MD2SPS,118,6,99999,Takovo,catalog/11938.JPG,"15,451",,true
11941,Takovo siirappi 1L Mansikka lasi MD2SJS,118,6,99999,Takovo,catalog/11941.JPG,"15,451",,true
9988,Türtamek persikka nektariini 1L,118,12,99999,Türtamek,catalog/9988.JPG,"15,451",,true
10321,Türtamek Portakal nektariini 1L,118,12,99999,Türtamek,catalog/10321.JPG,"15,451",,true
11739,Vimto hedelmämehua 710ml pullo,118,12,99999,Vimpto,catalog/11739.JPG,"12,042",,true
9279,Bardolino Castelmac 0.75 L,119,6,99999,Castel Marco,catalog/9279.JPG,"13,897",kg,true
6795,Bardolino Chiaretto 1.5 ltr. Castel Marco Rose,119,6,99999,Castel Marco,catalog/6795.JPG,"44,814",kg,true
2612,"Cankaya valkoviini 0,75 Beyaz Sarab",119,12,99999,Beyaz Sarab,catalog/2612.JPG,"13,132",kg,true
6796,"Chardonnay 0,75 ltr. Castel Marco valkoviini Pulgia",119,6,99999,Castel Marco,catalog/6796.JPG,"23,953",kg,true
6060,"Cremovo viini 0,75 l Caldirola Voi. 14,7%",119,12,99999,Cremovo,catalog/6060.JPG,"51,925",kg,true
3107,Cremovo viini 2L Caldirola Vol.14.7%,119,6,99999,Cremovo,catalog/3107.JPG,"13,132",kg,true
3109,Frascati Viini 0.75 12%,119,6,99999,Frascati,catalog/3109.JPG,"50,379",kg,true
6028,Frascati viini 1.5L 12%,119,6,99999,Frascati,catalog/6028.JPG,"56,415",kg,true
3926,"Ital. Bianco viini 0,75 l",119,6,99999,,catalog/3926.JPG,"16,997",kg,true
3006,"Krimin kuohuviini punainen mild 0,75 guldenia",119,6,99999,,catalog/3006.JPG,"28,590",kg,true
4991,"Lal Pembe viini 0,7l nousi",119,12,99999,Lal Pembe,catalog/4991.JPG,"7,721",kg,true
6242,"Lambrusco Dolce 0,25 Caldirola 9% + 3%",119,12,99999,Lambrusco Dolce,catalog/6242.JPG,"35,547",kg,true
4313,"Lambrusco Dolce 0,75 Caldirola Voi. 9%",119,6,99999,Lambrusco Dolce,catalog/4313.JPG,"52,543",kg,true
4462,Lambrusco Dolce 2L Caldirola,119,6,99999,Lambrusco Dolce,catalog/4462.JPG,"13,897",kg,true
5690,"Lambrusco Monterosso 0,75Ltr.",119,6,99999,Lambrusco Dolce,catalog/5690.JPG,"14,678",kg,true
6799,"Merlot 0,75 ltr. Castel Marco Tarantino",119,6,99999,Castel Marco,catalog/6799.JPG,"29,363",kg,true
6793,Merlot 1.5 Ltr. Castel Marco,119,6,99999,Castel Marco,catalog/6793.JPG,"10,040",kg,true
7981,"Pinot Grigio 1,5Ltr. Castel Marco",119,6,99999,Castel Marco,catalog/7981.JPG,"13,132",kg,true
3121,"Rosato Vino da TAVOL 0,75 guldenia 11%",119,6,99999,,catalog/3121.JPG,"23,180",kg,true
1101,"Rosso Vino da Tavola 0,75 l",119,6,99999,,catalog/1101.JPG,"23,180",kg,true
3988,"Samppanja Zolotaya Balka Punainen, mild 0,75 l 13% kuohuviiniä Krimiltä",119,6,99999,,catalog/3988.JPG,"7,721",kg,true
5797,"Zolotaya Balka kuohuva valkoinen puolikuiva 0,75L 12% kuohuviiniä Krimiltä",119,6,99999,,catalog/5797.JPG,"7,721",kg,true
1114,Sultaniye makea valkoviini 0.7L,119,12,99999,,catalog/1114.JPG,"34,001",kg,true
1140,"Traev Selekt Set Aphrodizijak + Tramíně 0,75 l punaviini, kuiva",119,1,99999,,catalog/1140.JPG,"34,001",kg,true
6798,"Valpolicella 0,75Ltr Castel Marco",119,12,99999,Valpolicella,catalog/6798.JPG,"50,997",kg,true
6792,"Valpolicella 1,5 Ltr Castel Marco",119,6,99999,Valpolicella,catalog/6792.JPG,"10,175",kg,true
3105,Valpolicella viini 1.5L 12%,119,6,99999,Valpolicella,catalog/3105.JPG,"26,264",kg,true
9278,"Valpoliciella Castel marco 0,75 l",119,6,99999,Valpolicella,catalog/9278.JPG,"23,180",kg,true
9277,"Vardolino Chiaretto Castel Marco 0,75 l",119,6,99999,Vardolino,catalog/9277.JPG,"31,682",kg,true
1139,"Villa Doluca Roseviini 0,75 l",119,6,99999,Villa Doluca,catalog/1139.JPG,"13,132",kg,true
1126,Villa Doluca punainen 0.7L Kirmizi Sarab,119,6,99999,Villa Doluca,catalog/1126.JPG,"13,132",kg,true
3263,"Villa Doluca valkoviini 0,7l Beyaz Sarap",119,6,99999,Villa Doluca,catalog/3263.JPG,"20,088",kg,true
1143,"Yakut punaviini 0,7l Kirmizi Sarap",119,12,99999,Yakut,catalog/1143.JPG,"20,088",kg,true
115,Aksiyon Asurelik Beyaz Bugday 800g vehnä,121,20,99999,Aksiyon,catalog/115.JPG,"20,088",kg,true
9233,Aksiyon Asurelik Bugday 800g Sari,121,20,99999,Aksiyon,catalog/9233.JPG,"52,543",kg,true
11186,Aksiyon Cig Köftelik Bulgur 800g,121,20,99999,Aksiyon,catalog/11186.JPG,"20,585",kg,true
11045,Aksiyon Cig Köftelik Esmer Bulgur 800g,121,20,99999,Aksiyon,catalog/11045.JPG,"22,131",kg,true
11568,Aksiyon Dermason 800g Fasulye 8mm,121,20,99999,Aksiyon,catalog/11568.JPG,"23,162",kg,true
11187,Aksiyon Köftelik Bulgur 800g,121,20,99999,Aksiyon,catalog/11187.JPG,"23,162",kg,true
11046,Aksiyon Köftelik Esmer Bulgur 800g,121,20,99999,Aksiyon,catalog/11046.JPG,"33,467",kg,true
9234,Aksiyon linssit vihreä 800g,121,20,99999,Aksiyon,catalog/9234.JPG,"23,162",kg,true
9236,Aksiyon linssit punainen 800g futbol,121,20,99999,Aksiyon,catalog/9236.JPG,"23,162",kg,true
11047,Aksiyon Midyat Bulgur 800g,121,20,99999,Aksiyon,catalog/11047.JPG,"36,044",kg,true
11193,Aksiyon Patlak Misir 800g Popcorn,121,20,99999,Aksiyon,catalog/11193.JPG,"32,437",kg,true
11043,Aksiyon Pilavlik Bulgur 800g,121,20,99999,Aksiyon,catalog/11043.JPG,"23,162",kg,true
11342,Aksiyon Sira Fasulya 800g pavut syyskuu,121,20,99999,Aksiyon,catalog/11342.JPG,"20,585",kg,true
9235,Aksiyon kuten pavut Japonika Fasulye kuivatut 800g,121,20,99999,Aksiyon,catalog/9235.JPG,"23,162",kg,true
346,Ali Baba couscous hieno 1kg,122,10,99999,Ali Baba,catalog/346.JPG,"38,620",kg,true
348,Ali Baba couscous Medio 1kg,122,10,99999,Ali Baba,catalog/348.JPG,"30,891",kg,true
332,Bacchini couscous karkea 1kg,122,10,99999,Bacchini,catalog/332.JPG,"18,795",kg,true
334,Bacchini couscous karkea 500g,122,18,99999,Bacchini,catalog/334.JPG,"18,795",kg,true
6079,Tattarijauho 1kg Klas,122,12,99999,,catalog/6079.JPG,"21,887",kg,true
10026,Couscous Dari midium 1 Kg,122,12,99999,Dari,catalog/10026.JPG,"24,556",kg,true
2013,Couscous hieno 1kg,122,14,99999,,catalog/2013.JPG,"32,447",kg,true
8796,Couscous hieno 1kg Dari,122,12,99999,,catalog/8796.JPG,"28,737",kg,true
170,Couscous hieno 800g,122,16,99999,,catalog/170.JPG,"25,231",kg,true
7982,Couscous Moyen 1kg,122,14,99999,,catalog/7982.JPG,"28,737",kg,true
4360,Couscous Sipa 1kg,122,12,99999,,catalog/4360.JPG,"24,713",kg,true
6099,Couscous Vivien Pailla 1kg,122,8,99999,,catalog/6099.JPG,"25,231",kg,true
6098,Couscous Vivien Pailla 500gr,122,12,99999,,catalog/6098.JPG,"24,718",kg,true
4867,Timantti Jauhot 25Kg Tyyppi 405,122,1,99999,,catalog/4867.JPG,"18,540",kg,true
6082,Timantti vehnäjauho tyyppi 405 5kg,122,1,99999,,catalog/6082.JPG,"15,443",kg,true
351,"Timantti vehnäjauho tyyppi 405 Extra 2,5 kg",122,4,99999,,catalog/351.JPG,"14,298",kg,true
342,Favero Gries jauhot med oranssi 1kg Irmik,122,10,99999,Favero,catalog/342.JPG,"3,606",kg,true
5294,Favero mannasuurimot 1kg hieno violetti,122,10,99999,Favero,catalog/5294.JPG,"8,755",kg,true
11401,Favero maissijauho 1kg Fioretto medium tummansininen,122,10,99999,Favero,catalog/11401.JPG,"17,507",kg,true
340,Favero maissijauho sininen 1kg Fioretto Gialla,122,10,99999,Favero,catalog/340.JPG,"1,751",kg,true
5978,Favero cornmeal vihreä 1kg Fioretto Bianca,122,10,99999,Favero,catalog/5978.JPG,"10,679",kg,true
341,Favero cornmeal 1kg punainen Bramata Gialla,122,10,99999,,catalog/341.JPG,"10,679",kg,true
12066,Kulta jauhe vehnäjauho tyyppi 405 1kg,122,10,99999,,catalog/12066.JPG,"14,157",kg,true
10580,Kulta jauhe vehnäjauho tyyppi 550 1kg,122,5,99999,,catalog/10580.JPG,"10,679",kg,true
349,Gülcan vehnäjauho 1kg Tyyppi 405,122,10,99999,Gülcan,catalog/349.JPG,"5,526",kg,true
11879,Gülcan vehnätärkkelys 800g Bugday nisastas,122,15,99999,Gülcan,catalog/11879.JPG,"2,828",kg,true
5049,Klas jauhot 1kg Tyyppi 402,122,10,99999,Klas,catalog/5049.JPG,"27,033",kg,true
5101,Klas vehnäjauho tyyppi 402 2Kg,122,8,99999,Klas,catalog/5101.JPG,"5,913",kg,true
6086,Palenta 450g maissijauho,122,24,99999,Palenta,catalog/6086.JPG,"27,033",kg,true
2091,Semoule Gries jauhot Fine 900gr,122,16,99999,Semoule,catalog/2091.JPG,"12,869",kg,true
2090,Semoule Gries jauhot Moyen 900gr,122,16,99999,Semoule,catalog/2090.JPG,"21,219",kg,true
354,Tipo 00 jauhot 1kg Pizza,122,10,99999,,catalog/354.JPG,"13,897",kg,true
131,Duru Asurelik Bugday 1kg vehnä,123,12,99999,Duru,catalog/131.JPG,"19,447",kg,true
6411,Duru Baldo Pirinc 1 kg riisiä ITA Akdeniz,123,10,99999,Duru,catalog/6411.JPG,"22,652",kg,true
3354,Duru Bulgur Basbasi 1kg,123,12,99999,Duru,catalog/3354.JPG,"22,652",kg,true
5767,"Duru Bulgur Basbasi 2,5kg",123,15,99999,Duru,catalog/5767.JPG,"5,913",kg,true
10499,Duru Bulgur Pilavlik Kepekli 1kg,123,12,99999,Duru,catalog/10499.JPG,"21,626",kg,true
113,Duru Cigköftelik 1kg vehnä erittäin hieno,123,12,99999,Duru,catalog/113.JPG,"23,948",kg,true
2457,Duru Cigköftelik 2.5kg vehnä sehrfei,123,15,99999,Duru,catalog/2457.JPG,"21,626",kg,true
168,Duru Cigköftelik 5kg vehnä erittäin hieno,123,20,99999,Duru,catalog/168.JPG,"30,897",kg,true
3408,Duru Cigköftelik Esmer 1kg,123,12,99999,Duru,catalog/3408.JPG,"21,626",kg,true
117,Duru Esmer Pilavlik 1kg vehnä,123,12,99999,Duru,catalog/117.JPG,"21,626",kg,true
118,Duru vihreitä linssejä 1kg Yesil Mercimek,123,12,99999,Duru,catalog/118.JPG,"30,897",kg,true
3878,Duru IRI pilavlik 1 kg / vehnä,123,12,99999,Duru,catalog/3878.JPG,"46,349",kg,true
4591,Duru IRI Pilavlik 2.5kg vehnä,123,15,99999,Duru,catalog/4591.JPG,"21,626",kg,true
10176,Duru Kara Bugday 1kg vehnä,123,12,99999,Duru,catalog/10176.JPG,"21,626",kg,true
11902,"Duru Kirgiz Fasulye 2,5kg 8mm",123,15,99999,Duru,catalog/11902.JPG,"30,901",kg,true
111,Duru Köftelik 1kg vehnä hieno,123,12,99999,Duru,catalog/111.JPG,"21,626",kg,true
161,Duru Köftelik 2.5kg vehnä hieno,123,15,99999,Duru,catalog/161.JPG,"30,897",kg,true
167,Duru Köftelik 5kg vehnä hieno,123,20,99999,Duru,catalog/167.JPG,"29,356",kg,true
10525,Duru Köftelik Kepekl 1kg vehnä,123,12,99999,Duru,catalog/10525.JPG,"56,017",kg,true
129,Duru kuru Barbunya 1kg Pinto pavut,123,12,99999,Duru,catalog/129.JPG,"21,626",kg,true
10530,"Duru Kuru Fasulye 2,5 kg 7 mm",123,15,99999,Duru,catalog/10530.JPG,"30,897",kg,true
6627,Duru kuru Fasulye 7mm 1kg syyskuu pavut,123,12,99999,Duru,catalog/6627.JPG,"46,349",kg,true
7478,Duru Kuru Fasulye Kirgiz 8mm 1kg,123,12,99999,Duru,catalog/7478.JPG,"21,626",kg,true
3355,Duru kuru Nohut 8mm 1kg kikherneet,123,12,99999,Duru,catalog/3355.JPG,"38,631",kg,true
114,Duru Midyat Pilavlik 1kg vehnä Ince,123,12,99999,Duru,catalog/114.JPG,"49,254",kg,true
10572,"Duru Midyat Pilavlik 2,5 kg Vehnä Ince",123,15,99999,Duru,catalog/10572.JPG,"41,722",kg,true
2456,Duru Midyat Pilavlik 5kg vehnä karkea Ince,123,20,99999,Duru,catalog/2456.JPG,"41,722",kg,true
2898,Duru patlak Misir 1kg popcorn,123,12,99999,Duru,catalog/2898.JPG,"35,539",kg,true
112,Duru Pilavlik bulgurvehnä karkea 1kg,123,12,99999,Duru,catalog/112.JPG,"21,626",kg,true
160,"Duru Pilavlik bulgurvehnä karkea 2,5 kg",123,15,99999,Duru,catalog/160.JPG,"29,931",kg,true
169,Duru Pilavlik bulgurvehnä karkea 5kg,123,20,99999,Duru,catalog/169.JPG,"46,349",kg,true
7677,Duru Pilavlik Pirinc 5kg riisi Tosya,123,2,99999,Duru,catalog/7677.JPG,"24,100",kg,true
132,Duru punaiset linssit 1kg Kirmizi Mercimek,123,12,99999,Duru,catalog/132.JPG,"21,626",kg,true
2895,Duru punaiset linssit Futbol Mercimek 2.5,123,15,99999,Duru,catalog/2895.JPG,"29,931",kg,true
10619,Duru Telseriyeli Pilavlik 1kg Bulgur,123,12,99999,Duru,catalog/10619.JPG,"46,349",kg,true
156,Gulcan Asurelik Bugday Beyaz 1kg vehnä,124,12,99999,Gülcan,catalog/156.JPG,"17,002",kg,true
7439,Gulcan Asurelik Bugday Sari 1kg vehnä,124,12,99999,Gülcan,catalog/7439.JPG,"32,447",kg,true
12118,Gülcan Basbasi 1kg Bulgur Extra Karkea,124,12,99999,Gülcan,catalog/12118.JPG,"49,254",kg,true
11048,Gülcan Cig Köftelik Esmer 1kg Bulgur,124,12,99999,Gülcan,catalog/11048.JPG,"21,626",kg,true
2714,Gülcan Cikoftelik bulgurvehnä 1kg,124,12,99999,Gülcan,catalog/2714.JPG,"15,443",kg,true
4945,Gülcan Ciköftelik bulgurvehnä 5Kg,124,20,99999,Gülcan,catalog/4945.JPG,"16,370",kg,true
4191,Gülcan Hediklik Bugday 1kg,124,12,99999,Gülcan,catalog/4191.JPG,"16,370",kg,true
4160,Gülcan Köftelik bulgurvehnä 1kg,124,12,99999,Gülcan,catalog/4160.JPG,"16,370",kg,true
4944,Gülcan köftelik bulgurvehnä 5Kg,124,20,99999,Gülcan,catalog/4944.JPG,"16,370",kg,true
4185,Gülcan Köftelik Esme bulgurvehnä 1kg,124,12,99999,Gülcan,catalog/4185.JPG,"37,590",kg,true
11360,Gülcan Köftelik Esmer 5Kg Bulgur,124,20,99999,Gülcan,catalog/11360.JPG,"16,370",kg,true
326,Gülcan linssit vihreä 6mm 1kg,124,20,99999,Gülcan,catalog/326.JPG,"16,370",kg,true
4306,Gülcan linssit Yaprak punainen 5kg,124,20,99999,Gülcan,catalog/4306.JPG,"37,590",kg,true
4159,Gülcan Midyat Pilav bulgurvehnä 1kg,124,12,99999,Gülcan,catalog/4159.JPG,"16,370",kg,true
4943,Gülcan Midyat Pilav bulgurvehnä 5Kg,124,20,99999,Gülcan,catalog/4943.JPG,"37,590",kg,true
4787,Gülcan Midyat Pilavl Telsehriye 1kg,124,12,99999,Gülcan,catalog/4787.JPG,"33,467",kg,true
4786,Gülcan Midyat Pilavl Telsehriye 5Kg,124,20,99999,Gülcan,catalog/4786.JPG,"51,502",kg,true
4201,Gülcan Patl Misir TR 1kg popcorn,124,12,99999,Gülcan,catalog/4201.JPG,"16,370",kg,true
328,Gülcan Patlak Misir 1kg popcorn,124,20,99999,Gülcan,catalog/328.JPG,"37,590",kg,true
4941,Gülcan Pilavlik Bulgur 1kg Esmer,124,12,99999,Gülcan,catalog/4941.JPG,"18,535",kg,true
4158,Gülcan Pilavlik bulgurvehnä 1 Kg,124,12,99999,Gülcan,catalog/4158.JPG,"41,197",kg,true
5048,Gülcan Pilavlik Bulgur 5Kg Esmer,124,20,99999,Gülcan,catalog/5048.JPG,"15,443",kg,true
4947,Gülcan Pilavlik bulgurvehnä 5Kg,124,20,99999,Gülcan,catalog/4947.JPG,"35,013",kg,true
12002,Gülcan Pilavlik IRI Bulgur Extra Karkea 1kg,124,12,99999,Gülcan,catalog/12002.JPG,"16,370",kg,true
123,Gülcan punaiset linssit 1kg Kirmizi Mercimek,124,12,99999,Gülcan,catalog/123.JPG,"16,370",kg,true
189,Gülcan punaiset linssit 5kg Kirmizi Mercimek futbol tipi,124,20,99999,Gülcan,catalog/189.JPG,"37,590",kg,true
3852,Gülcan punaiset linssit Yaprak Mercimek 1kg,124,12,99999,Gülcan,catalog/3852.JPG,"37,590",kg,true
3861,Gülcan punaiset linssit Yaprak Mercimek 2.5,124,20,99999,Gülcan,catalog/3861.JPG,"16,370",kg,true
4942,Gülcan S'kitel bulgurvehnä 1kg,124,12,99999,Gülcan,catalog/4942.JPG,"24,718",kg,true
4946,Gülcan S'kitel bulgurvehnä 5Kg,124,20,99999,Gülcan,catalog/4946.JPG,"51,502",kg,true
301,Gülcan soijapapuja 1kg vihreät pavut keltainen,124,20,99999,Gülcan,catalog/301.JPG,"24,718",kg,true
11666,Gülcan soijapapuja vihreä 1kg,124,20,99999,Gülcan,catalog/11666.JPG,"45,061",kg,true
3302,Mis Esmer Köftelik 5kg vehnä hieno,125,20,99999,Mis,catalog/3302.JPG,"16,370",kg,true
9567,Mis Asurelik Bugday 10kg vehnä,125,1,99999,Mis,catalog/9567.JPG,"38,620",kg,true
9568,Mis Asurelik Bugday 5Kg vehnä,125,20,99999,Mis,catalog/9568.JPG,"36,044",kg,true
9569,Mis Asurelik Bugday Beyaz 1kg vehnä,125,12,99999,Mis,catalog/9569.JPG,"58,201",kg,true
11877,Mis Asurelik Bugday Sari 1kg,125,12,99999,Mis,catalog/11877.JPG,"38,620",kg,true
10605,Mis cowpea 1kg Börülce,125,12,99999,Mis,catalog/10605.JPG,"13,267",kg,true
10611,Mis Baldo riisi 1kg Pirinc,125,12,99999,Mis,catalog/10611.JPG,"38,620",kg,true
10597,Mis pavut ruskea 1kg syyskuu kuru Barbunya,125,12,99999,Mis,catalog/10597.JPG,"16,989",kg,true
10608,Mis pavut syyskuu 1kg Kuru Fasulye,125,12,99999,Mis,catalog/10608.JPG,"16,989",kg,true
10596,Mis pavut syyskuu 5kg Kuru Fasulye,125,20,99999,Mis,catalog/10596.JPG,"34,921",kg,true
10628,"Mis Cig Köftelik Bulgur 2,5kg",125,20,99999,Mis,catalog/10628.JPG,"38,631",kg,true
134,Mis Cigköftelik 1kg vehnä hieno,125,12,99999,Mis,catalog/134.JPG,"36,466",kg,true
182,Mis Cigköftelik 5kg vehnä hieno,125,20,99999,Mis,catalog/182.JPG,"27,810",kg,true
3301,Mis Esmer Köftelik 1kg vehnä hieno,125,12,99999,Mis,catalog/3301.JPG,"59,231",kg,true
11382,"Mis Esmer Köftelik 2,5kg vehnä hieno",125,20,99999,Mis,catalog/11382.JPG,"32,179",kg,true
11878,Mis Firik 1kg,125,12,99999,Mis,catalog/11878.JPG,"16,989",kg,true
10602,Mis Firik 900g,125,12,99999,Mis,catalog/10602.JPG,"38,620",kg,true
10604,Mis keltainen linssit 1kg sari Mercimek,125,12,99999,Mis,catalog/10604.JPG,"16,989",kg,true
10601,Mis Irmik SemoleNo.3 suurimot 1kg,125,12,99999,Mis,catalog/10601.JPG,"32,179",kg,true
10603,Mis Kikherneet 1kg sep. kuru Nohut,125,12,99999,Mis,catalog/10603.JPG,"44,814",kg,true
10607,Mis kikherneet 2.5 Kuru Nohut,125,20,99999,Mis,catalog/10607.JPG,"43,268",kg,true
10595,Mis kikherneet 5Kg sep. kuru Nohut,125,20,99999,Mis,catalog/10595.JPG,"33,993",kg,true
2019,Mis Köftelik 10kg pussi vehnän sakon,125,1,99999,Mis,catalog/2019.JPG,"16,989",kg,true
136,Mis Köftelik 1kg vehnän hienoksi,125,12,99999,Mis,catalog/136.JPG,"27,810",kg,true
10634,"Mis Köftelik 2,5kg vehnä",125,20,99999,Mis,catalog/10634.JPG,"45,061",kg,true
183,Mis Köftelik 5kg vehnä hieno,125,20,99999,Mis,catalog/183.JPG,"51,502",kg,true
4713,Mis Köftelik Esmer 5kg,125,20,99999,Mis,catalog/4713.JPG,"13,267",kg,true
2020,Mis Midyat Pilavlik 10kg vehnä keskipitkän Orta,125,1,99999,Mis,catalog/2020.JPG,"16,989",kg,true
135,Mis Midyat Pilavlik 1kg vehnä keskipitkän Orta,125,12,99999,Mis,catalog/135.JPG,"32,179",kg,true
10632,"Mis Midyat Pilavlik 2,5kg vehnä",125,20,99999,Mis,catalog/10632.JPG,"38,620",kg,true
188,Mis Midyat Pilavlik 5kg vehnä keskipitkä Orta,125,20,99999,Mis,catalog/188.JPG,"38,620",kg,true
10594,Mis Patlak Misir 1kg maissi paahdettu,125,12,99999,Mis,catalog/10594.JPG,"13,267",kg,true
2023,Mis Pilavlik 10kg vehnä karkea,125,1,99999,Mis,catalog/2023.JPG,"16,989",kg,true
2510,Mis Pilavlik 1kg vehnä karkea,125,12,99999,Mis,catalog/2510.JPG,"32,179",kg,true
10633,"Mis Pilavlik 2,5kg vehnä",125,20,99999,Mis,catalog/10633.JPG,"38,620",kg,true
184,Mis Pilavlik 5kg vehnä karkea,125,20,99999,Mis,catalog/184.JPG,"16,989",kg,true
10635,Mis Pilavlik Bas 1kg vehnä,125,12,99999,Mis,catalog/10635.JPG,"13,267",kg,true
10631,Mis Pilavlik Bas 2.5kg vehnä,125,20,99999,Mis,catalog/10631.JPG,"16,989",kg,true
10630,Mis Pilavlik Bas 5Kg vehnä,125,20,99999,Mis,catalog/10630.JPG,"32,179",kg,true
12117,Mis Pilavlik Esmer 10kg vehnä ruskea,125,1,99999,Mis,catalog/12117.JPG,"38,620",kg,true
10589,Mis punaiset linssit 1kg,125,12,99999,Mis,catalog/10589.JPG,"16,989",kg,true
10591,Mis punaiset linssit 1kg Yaprak Mercimek,125,12,99999,Mis,catalog/10591.JPG,"32,179",kg,true
10588,Mis punaiset linssit 5kg,125,20,99999,Mis,catalog/10588.JPG,"38,620",kg,true
10600,Mis punaiset linssit 5kg Yaprak Mercimek,125,20,99999,Mis,catalog/10600.JPG,"13,267",kg,true
3297,"Mis punaiset Linssit 2,5Kg Kirmizi Mercimek",125,20,99999,Mis,catalog/3297.JPG,"26,264",kg,true
10590,"Mis punaiset linssit 2,5Kg Yaprak Mercimek",125,20,99999,Mis,catalog/10590.JPG,"26,264",kg,true
10627,"Mis S KITEL Bulgur 2,5kg",125,20,99999,Mis,catalog/10627.JPG,"54,079",kg,true
2613,Mis S'Kitel 1kg vehnä,125,12,99999,Mis,catalog/2613.JPG,"54,079",kg,true
2022,Mis S'Kitel vehnä 10kg,125,1,99999,Mis,catalog/2022.JPG,"47,638",kg,true
2592,Mis S'Kitel vehnä 5kg,125,20,99999,Mis,catalog/2592.JPG,"47,638",kg,true
10606,Mis pavut 900g kuorittuja/valkoinen,125,12,99999,Mis,catalog/10606.JPG,"32,179",kg,true
10610,Mis pavut 900g sep. Kuru Bakla tum ruskea,125,12,99999,Mis,catalog/10610.JPG,"16,989",kg,true
9409,Mis Sehriye Midyat 1kg,125,12,99999,Mis,catalog/9409.JPG,"13,267",kg,true
9408,Mis Sehriye Midyat 5Kg,125,20,99999,Mis,catalog/9408.JPG,"38,620",kg,true
2021,Mis Sise vehnä 10kg,125,1,99999,Mis,catalog/2021.JPG,"24,718",kg,true
2614,Mis Sise Vehnä 1kg,125,12,99999,Mis,catalog/2614.JPG,"23,172",kg,true
10629,"Mis Sise vehnä bulgur 2,5kg",125,20,99999,Mis,catalog/10629.JPG,"17,916",kg,true
2615,Mis Sise vehnä 5kg,125,20,99999,Mis,catalog/2615.JPG,"40,166",kg,true
2893,Mis Siyah Pilavlik 1kg vehnä ruskea,125,12,99999,Mis,catalog/2893.JPG,"13,267",kg,true
3608,Mis Puh Noodle 3kg paahdettu,125,5,99999,Mis,catalog/3608.JPG,"16,989",kg,true
10090,Mis Puh nuudeli 650g paahdettu,125,20,99999,Mis,catalog/10090.JPG,"32,179",kg,true
1708,Abido Timjami 500g PET purkki Jordania,127,12,99999,Abido,catalog/1708.JPG,"38,620",kg,true
11579,Al Salam Ferike 700g,127,12,99999,Al Salam,catalog/11579.JPG,"16,989",kg,true
6366,AL Salam Zatar 1 kg Special Timjami Sininen,127,10,99999,Al Salam,catalog/6366.JPG,"25,758",kg,true
3570,AL Salam Zatar 1kg Balady Punainen,127,10,99999,Al Salam,catalog/3570.JPG,"25,738",kg,true
11695,AL Salam Zatar 1kg Timjami vihreä PET Annos,127,6,99999,Al Salam,catalog/11695.JPG,"44,814",kg,true
11197,AL Salam Zatar 500g,127,20,99999,Al Salam,catalog/11197.JPG,"37,085",kg,true
11304,Durra Mologie sep. 200g Kuiva Malva,127,12,99999,Durra,catalog/11304.JPG,"41,210",kg,true
11040,Durra Roode Zatar punainen timjami 400g,127,12,99999,Durra,catalog/11040.JPG,"43,786",kg,true
3405,Durra Zatar 400g vihreä timjami,127,12,99999,Durra,catalog/3405.JPG,"44,822",kg,true
3210,Tuore Hummus Powder 20kg,127,20,99999,,catalog/3210.JPG,"45,319",kg,true
4057,Mologie syyskuu 400g Lehdet NAIM,127,10,99999,NAIM,catalog/4057.JPG,"47,906",kg,true
6965,"Sahrami mauste 0,5 g",127,1,99999,Saffron,catalog/6965.JPG,"32,447",kg,true
6964,Sahrami mauste 1g,127,1,99999,Saffron,catalog/6964.JPG,"35,539",kg,true
10130,Aribell Artisokka Juoma 1L,128,12,99999,Aribella,catalog/10130.JPG,"100,454",kg,true
9074,Aribell Nokkosvesi 1L,128,12,99999,Aribella,catalog/9074.JPG,"39,921",kg,true
10537,Aribell Timjami Vesi 1000ml,128,12,99999,Aribella,catalog/10537.JPG,"2,189",kg,true
7561,Aribell Timjami Juoma 2000ml,128,12,99999,Aribella,catalog/7561.JPG,"3,734",kg,true
8764,Basak Adana köfte 65g,129,12,99999,Basak,catalog/8764.JPG,"71,093",kg,true
3060,Basak Balik Harci Zipper 100g Kalaa,129,12,99999,Basak,catalog/3060.JPG,"61,818",kg,true
11280,Basak Cigköfte Harci 100g,129,12,99999,Basak,catalog/11280.JPG,"23,172",kg,true
10269,Basak Corektu 100g,129,12,99999,Basak,catalog/10269.JPG,"43,268",kg,true
10270,Basak Dolmalik Cam Fistik 20g pinjansiemeniä,129,15,99999,Basak,catalog/10270.JPG,"13,897",kg,true
1677,Basak Inegöl köfte 75g / Frikandellen Maustesekoitus,129,12,99999,Basak,catalog/1677.JPG,"11,733",kg,true
1676,Basak Izgara Harci 60g maustesekoitus grillatulle lihalle,129,12,99999,Basak,catalog/1676.JPG,"16,989",kg,true
10277,Basak Karabiber Ogutulmus 100g,129,12,99999,Basak,catalog/10277.JPG,"12,351",kg,true
5204,Basak karbonaatti 40g,129,24,99999,Basak,catalog/5204.JPG,"41,718",kg,true
10263,Basak Kekik 30g,129,12,99999,Basak,catalog/10263.JPG,"13,897",kg,true
10279,Basak Kimyon Ogutulmus 80g,129,12,99999,Basak,catalog/10279.JPG,"13,897",kg,true
10274,Basak Kirmizi Biber Toz Aci 100g,129,12,99999,Basak,catalog/10274.JPG,"32,447",kg,true
10275,Basak Kirmizi Biber Toz Tatli 100g,129,12,99999,Basak,catalog/10275.JPG,"8,317",kg,true
1672,Basak köfte Harci 100g Frikandellen- Maustesekoitus,129,12,99999,Basak,catalog/1672.JPG,"11,733",kg,true
11663,Kuivatut Basak Kuru Maya 10g hiivaa,129,12,99999,Basak,catalog/11663.JPG,"13,279",kg,true
1674,Basak Makarna Sosu 100g / Pasta kastike,129,12,99999,Basak,catalog/1674.JPG,"16,370",kg,true
8766,Basak Mangal Tavuksalata Harci 60g,129,12,99999,Basak,catalog/8766.JPG,"16,370",kg,true
10265,Basak Maydanoz 30g,129,12,99999,Basak,catalog/10265.JPG,"12,351",kg,true
11664,Basak Misir Irmik Polenta 500g maissijauho,129,12,99999,Basak,catalog/11664.JPG,"7,714",kg,true
1649,Basak Misir Nisast- ASI 200g / maissitärkkelystä,129,12,99999,Basak,catalog/1649.JPG,"16,989",kg,true
10005,Basak Misir Nisa Stasin 400 g maissitärkkelystä,129,12,99999,Basak,catalog/10005.JPG,"11,733",kg,true
10262,Basak Nane 30g,129,12,99999,Basak,catalog/10262.JPG,"10,805",kg,true
1675,Basak Pane Harci 100g / Panier Mix - rapea,129,12,99999,Basak,catalog/1675.JPG,"19,462",kg,true
1589,Basak Pirinc Unu 250g / riisijauho,129,12,99999,Basak,catalog/1589.JPG,"9,260",kg,true
3070,Basak Pirinc Unu vitamiini 250g,129,12,99999,Basak,catalog/3070.JPG,"16,370",kg,true
10276,Basak Pul Biber 100g,129,12,99999,Basak,catalog/10276.JPG,"7,714",kg,true
1670,Basak Sucuk köfte Harci 100g / Frikandellengewürz,129,12,99999,Basak,catalog/1670.JPG,"12,351",kg,true
10268,Basak Susam 100g,129,12,99999,Basak,catalog/10268.JPG,"10,805",kg,true
10278,Basak Tarcin Ogutulmus 100g,129,12,99999,Basak,catalog/10278.JPG,"13,897",kg,true
8767,Basak Tavuksalata Harci80g,129,12,99999,Basak,catalog/8767.JPG,"16,989",kg,true
4203,ASTA maustesekoitus 1kg Universal,130,15,99999,,catalog/4203.JPG,"13,897",kg,true
11599,ASTA maustesekoitus 200g Universal,130,20,99999,,catalog/11599.JPG,"16,989",kg,true
3811,Kookospähkinä palloja 50s,130,1,99999,,catalog/3811.JPG,"13,279",kg,true
1706,Fuchs Paprika edelsü SS 1kg makea paprikajauhe,130,10,99999,,catalog/1706.JPG,"11,733",kg,true
1709,Fuchs suola ranskalaisille perunoille 2kg /,130,10,99999,,catalog/1709.JPG,"34,762",kg,true
5189,Gülcan meiramia 40g Mercan kok,130,12,99999,Gülcan,catalog/5189.JPG,"15,433",kg,true
11597,Kuchareck Universal Mausteita 1kg,130,15,99999,Kuchareck,catalog/11597.JPG,"19,451",kg,true
11598,Kuchareck universaali mausteseos 200g,130,20,99999,Kuchareck,catalog/11598.JPG,"78,567",kg,true
4763,Kuchareck universaali mausteseos 500g,130,12,99999,Kuchareck,catalog/4763.JPG,"59,244",kg,true
9879,Maggi liemikuutioita 280g (70x4g),130,6,99999,Maggi,catalog/9879.JPG,"13,279",kg,true
9882,Maggi liemikuutio katkarapu 60x10g,130,24,99999,Maggi,catalog/9882.JPG,"40,559",kg,true
9881,Maggi liemikuutio kana 60x10g,130,24,99999,Maggi,catalog/9881.JPG,"20,585",kg,true
1576,Nordzucker sokeripaloja 500g,130,14,99999,Nordzucker,catalog/1576.JPG,"23,172",kg,true
4673,Pul Biber Kim Chi 500g,130,20,99999,,catalog/4673.JPG,"16,997",kg,true
1575,Puhdistettu sokeri 1kg hieno sokeri,130,10,99999,,catalog/1575.JPG,"111,270",kg,true
6943,Salina suolaliuosta 25Kg,130,1,99999,,catalog/6943.JPG,"111,270",kg,true
5857,Sekeroglu Mercimek köfte 500g,130,12,99999,Sekeroglu,catalog/5857.JPG,"9,910",kg,true
4389,Sekeroglu cig köfte Seti etli 600g,130,12,99999,Sekeroglu,catalog/4389.JPG,"12,606",kg,true
5072,Sekeroglu cig köfte Seti Etsiz 500g,130,12,99999,Sekeroglu,catalog/5072.JPG,"20,585",kg,true
10675,Sekeroglu Kisir köfte 600g,130,12,99999,Sekeroglu,catalog/10675.JPG,"10,293",kg,true
4799,Tiesuola 25Kg,130,1,99999,,catalog/4799.JPG,"9,660",kg,true
1577,Hienonnettu ruokasuola 500g,130,24,99999,,catalog/1577.JPG,"38,631",kg,true
12047,Takovo Kasvis Spice 1kg začin KT3TZ,130,12,99999,Takovo,catalog/12047.JPG,"38,631",kg,true
11701,Takovo Kasvis Spice 250g začin KT1TZ,130,20,99999,Takovo,catalog/11701.JPG,"38,631",kg,true
11702,Takovo vihannekset Spice 500g začin KT2TZ,130,10,99999,Takovo,catalog/11702.JPG,"38,631",kg,true
10462,Wegierska Marina maustesekoitus 1kg,130,10,99999,Wekiersga,catalog/10462.JPG,"8,372",kg,true
10464,Wegierska Marina Maustesekoitus 200g,130,20,99999,Wekiersga,catalog/10464.JPG,"8,626",kg,true
10463,Wegierska Marina Maustesekoitus 500g,130,14,99999,Wekiersga,catalog/10463.JPG,"32,447",kg,true
11828,Algota kuivattuja aprikooseja liitä 400g Hedelmät Leer,131,25,99999,Algota,catalog/11828.JPG,"23,162",kg,true
11281,Anatolia ananas viipaloitu 200g,131,12,99999,Anatolia,catalog/11281.JPG,"18,022",kg,true
7660,Anatolia Cilek Kurusu Mansikka 200g,131,12,99999,Anatolia,catalog/7660.JPG,"36,057",kg,true
7661,Anatolia Cocos 200g blokjes,131,12,99999,Anatolia,catalog/7661.JPG,"25,738",kg,true
7662,Anatolia Erik Kuivatetut luumut 200g,131,12,99999,Anatolia,catalog/7662.JPG,"27,034",kg,true
11284,Anatolia Hedelmä Mix 200g,131,12,99999,Anatolia,catalog/11284.JPG,"93,362",kg,true
11283,Anatolia Kivettömät Taatelit 200g Datteln,131,12,99999,Anatolia,catalog/11283.JPG,"27,191",kg,true
9521,Anatolia Kayisi aprikoosit 200g,131,12,99999,Anatolia,catalog/9521.JPG,"41,722",kg,true
7663,Anatolia Kiivi 200g,131,12,99999,Anatolia,catalog/7663.JPG,"24,718",kg,true
8831,Anatolia Mango 200g,131,12,99999,Anatolia,catalog/8831.JPG,"21,626",kg,true
8830,Anatolia melonit 200,131,12,99999,Anatolia,catalog/8830.JPG,"31,829",kg,true
11282,Anatolia Mini Incir viikunat 200g,131,12,99999,Anatolia,catalog/11282.JPG,"23,172",kg,true
12162,avsarlar Karisik Yaprak Cereye 400g,131,1,99999,,catalog/12162.JPG,"30,901",,true
12161,Avsarlar Atom Cezery 200g,131,1,99999,,catalog/12161.JPG,"28,737",,true
10568,"Besni Uzum 2,5kg",131,2,99999,,catalog/10568.JPG,"28,737",kg,true
11578,Daoud Datteln 500g Maamoul,131,24,99999,,catalog/11578.JPG,"33,993",kg,true
4355,Datteln 400g Tunis,131,15,99999,Datteln,catalog/4355.JPG,"23,172",kg,true
11448,Datteln 10Kg Zahedi Al Barari,131,1,99999,Datteln,catalog/11448.JPG,"3,090",kg,true
11669,Datteln 2Kg Deglet Nour Branched shrub,131,2,99999,Datteln,catalog/11669.JPG,"2,446",kg,true
9478,Datteln Buquet 500g shrub,131,12,99999,Datteln,catalog/9478.JPG,"12,235",kg,true
12140,Datteln Crown Dabbas 1Kg,131,10,99999,Datteln,catalog/12140.JPG,"136,003",kg,true
10528,Datteln Crown Khenai 1Kg Khenaizi,131,10,99999,Datteln,catalog/10528.JPG,"15,439",kg,true
10529,Datteln Crown Chennai 500g Khai,131,14,99999,Datteln,catalog/10529.JPG,"20,610",kg,true
10527,Datteln Crown Lulu 1Kg,131,10,99999,Datteln,catalog/10527.JPG,"7,727",kg,true
10526,Datteln Crown Lulu 500g,131,14,99999,Datteln,catalog/10526.JPG,"13,897",kg,true
893,Datteln chopped 1Kg Barari,131,18,99999,Datteln,catalog/893.JPG,"50,227",kg,true
2622,Datteln Hurma 1Kg Nani ezmesi puree Algeria,131,12,99999,Datteln,catalog/2622.JPG,"47,651",kg,true
10360,Datteln Khalas 900g,131,8,99999,Datteln,catalog/10360.JPG,"39,659",kg,true
6202,Datteln Madineh 1kg vacuum,131,8,99999,Datteln,catalog/6202.JPG,"47,651",kg,true
4408,Datteln Medjoul 5kg,131,1,99999,Datteln,catalog/4408.JPG,"32,445",,true
4407,Datteln Medjoul 908g,131,12,99999,Datteln,catalog/4407.JPG,"37,077",kg,true
144,Datteln Naz +/- 2kg Gepersde Vak,131,6,99999,Datteln,catalog/144.JPG,"21,626",kg,true
4409,Datteln Naz Actie Gepersde Vak +/- 1kg,131,6,99999,Datteln,catalog/4409.JPG,"18,540",kg,true
7074,Datteln liitä Org. Al Jazeera hooked 900g,131,18,99999,Datteln,catalog/7074.JPG,"21,631",kg,true
11691,Datteln Premium Sukkari 400g,131,16,99999,Datteln,catalog/11691.JPG,"50,239",kg,true
6201,Datteln standardi 1kg deglet Nour,131,12,99999,Datteln,catalog/6201.JPG,"106,029",kg,true
3325,Datteln pensas 1kg Branchet,131,12,99999,Datteln,catalog/3325.JPG,"30,136",kg,true
11755,Datteln Sukkary 1kg,131,6,99999,Datteln,catalog/11755.JPG,"8,494",kg,true
11694,Datteln Superiur Saghai 700g,131,9,99999,Datteln,catalog/11694.JPG,"34,758",kg,true
2623,Datteln Tunis 200g,131,25,99999,Datteln,catalog/2623.JPG,"37,080",kg,true
4388,Datteln Tunis 5kg pensas Branchet,131,5,99999,Datteln,catalog/4388.JPG,"21,626",kg,true
12028,Frit Ravich Kuviot mini sep. 400g,131,14,99999,Frit Ravich,catalog/12028.JPG,"24,718",kg,true
12030,Frit Ravich kuivatut luumut 1kg,131,6,99999,Frit Ravich,catalog/12030.JPG,"33,228",kg,true
12029,Frit Ravich kuivatut luumut 400g,131,12,99999,Frit Ravich,catalog/12029.JPG,"35,929",kg,true
3671,Keltainen Jumbo rusinoita vapaa 10kg,131,10,99999,,catalog/3671.JPG,"14,460",kg,true
3695,Kuivattuja Tomaatteja 10 kg,131,10,99999,,catalog/3695.JPG,"13,520",kg,true
6551,Gulcan Bananchips 200 gr,131,18,99999,Gülcan,catalog/6551.JPG,"34,248",kg,true
,Gülcan Besni Üzüm 200g rusinoita,,200,99999,,catalog/.JPG,"30,136",g,true
11434,Gülcan Besni Uzum 350g rusinoita,131,15,99999,Gülcan,catalog/11434.JPG,"29,356",kg,true
6545,Gülcan Ceviz ici 200gr Gesch. saksanpähkinä,131,18,99999,Gülcan,catalog/6545.JPG,"66,974",kg,true
6567,Gülcan keltaiset rusinat Jumbo 350g,131,18,99999,Gülcan,catalog/6567.JPG,"90,161",kg,true
6838,Gülcan Japanse mix 125g,131,18,99999,Gülcan,catalog/6838.JPG,"25,483",kg,true
6547,Gülcan KB ici kuoritut KB 300g,131,18,99999,Gülcan,catalog/6547.JPG,"0,000",kg,true
9774,Gülcan Keciboynuz 450g johanneksen lasi,131,12,99999,Gülcan,catalog/9774.JPG,"34,762",kg,true
11625,Gülcan Keciboynuz 720g johanneksen lasi,131,12,99999,Gülcan,catalog/11625.JPG,"81,133",kg,true
7303,Gülcan kuivatut paprikat 25er,131,30,99999,Gülcan,catalog/7303.JPG,"44,033",kg,true
7560,Gülcan kuivatut paprikat hot punainen 30s,131,30,99999,Gülcan,catalog/7560.JPG,"23,164",kg,true
12093,"Gülcan kuru Viikunat 2,5kg viikunat sep.",131,5,99999,Gülcan,catalog/12093.JPG,"53,308",kg,true
4566,Gülcan kuru Viikunat 400gr / sep. viikunat,131,30,99999,Gülcan,catalog/4566.JPG,"24,718",kg,true
3152,Gülcan kuru Viikunat ,131,30,99999,,catalog/3152.JPG,"32,447",,true
6400,Gülcan kuru Viikunat sep. viikunat 200g,131,30,99999,Gülcan,catalog/6400.JPG,"34,743",kg,true
7304,Gülcan Kuru Kabak 25er,131,30,99999,Gülcan,catalog/7304.JPG,"38,607",kg,true
925,Gülcan Kuru Kayisi 5kg / sep. aprikoosit,131,5,99999,Gülcan,catalog/925.JPG,"80,570",kg,true
12107,Gülcan Kuru Kayisi Gün 5Kg,131,5,99999,Gülcan,catalog/12107.JPG,"81,118",kg,true
2768,Gulcan Kuru Kaysi 350g getr aprikoosit,131,15,99999,Gülcan,catalog/2768.JPG,"0,000",kg,true
1627,Gülcan Kuru sekoitus pussi munakoiso paprika kurpitsa,131,30,99999,Gülcan,catalog/1627.JPG,"38,607",kg,true
1716,Gülcan Kuru Patlican kuivattu munakoiso 100gr musakalik,131,30,99999,Gülcan,catalog/1716.JPG,"69,524",kg,true
7414,Gülcan kuru Patlican kuivattu munakoiso 25er,131,30,99999,Gülcan,catalog/7414.JPG,"37,995",kg,true
5756,Gülcan Kuvvet Macunu 420g Balli Cerez,131,12,99999,Gülcan,catalog/5756.JPG,"37,995",kg,true
5757,Gülcan Kuvvet Macunu 720g Balli Cerez,131,12,99999,Gülcan,catalog/5757.JPG,"44,424",kg,true
11287,Gulcan Macadamia 200g,131,18,99999,Gülcan,catalog/11287.JPG,"54,066",kg,true
6552,Gülcan manteli paahdettu kavrulmus badem300gr,131,18,99999,Gülcan,catalog/6552.JPG,"38,607",kg,true
6553,Gülcan Almond Luonto 300gr Badem Naturel,131,18,99999,Gülcan,catalog/6553.JPG,"34,743",kg,true
9517,Gülcan manteli valkoinen makeutettu 300g sekerli Badem,131,18,99999,Gülcan,catalog/9517.JPG,"43,268",kg,true
7477,Gülcan Ozel Asurelik 350g,131,18,99999,Gülcan,catalog/7477.JPG,"61,818",kg,true
11286,Gülcan Pekaanipähkinät 200g,131,18,99999,Gülcan,catalog/11286.JPG,"106,640",kg,true
6571,Gülcan luumut o.St 250g,131,15,99999,Gülcan,catalog/6571.JPG,"99,683",kg,true
6570,Gülcan karpaloita Karpalo Kizilcik 250g,131,18,99999,Gülcan,catalog/6570.JPG,"92,727",kg,true
10569,Gülcan rusinoita 500g sultanarypäleiden tr,131,18,99999,Gülcan,catalog/10569.JPG,"90,408",kg,true
6487,Gülcan rusinat keltainen 350g,131,18,99999,Gülcan,catalog/6487.JPG,"64,902",kg,true
6550,Gülcan SB ici 300g kuorittuja SB sydämiä,131,18,99999,Gülcan,catalog/6550.JPG,"83,452",kg,true
2727,Gülcan Seker Leblebi 350g Beyaz,131,24,99999,Gülcan,catalog/2727.JPG,"38,627",kg,true
11435,Gülcan Siyah Uzum 350g rusinoita musta kuori Turkki,131,15,99999,Gülcan,catalog/11435.JPG,"44,033",kg,true
6541,Gülcan Siyah Uzum 350gr mustia rusinoita,131,18,99999,Gülcan,catalog/6541.JPG,"27,802",kg,true
6546,Gülcan opiskelijat ovat 350gr,131,18,99999,Gülcan,catalog/6546.JPG,"37,077",kg,true
11436,Gülcan Sultani 350g rusinoita o.Stein,131,15,99999,Gülcan,catalog/11436.JPG,"25,483",kg,true
3140,Iran päivämäärät 550g,131,12,99999,Iran,catalog/3140.JPG,"40,161",kg,true
3479,Iran kuru Limon 150g musta,131,18,99999,Iran,catalog/3479.JPG,"34,762",kg,true
6823,Iran kuru Limon 150g valkoinen,131,18,99999,Iran,catalog/6823.JPG,"31,512",kg,true
3416,Carob 5kg,131,1,99999,,catalog/3416.JPG,"71,858",kg,true
11872,Locust bean 250g Sultan carob,131,12,99999,,catalog/11872.JPG,"21,236",kg,true
12157,Lorena Kuru tomaatit 10kg,131,1,99999,,catalog/12157.JPG,"23,172",,true
6153,Mango viipale 450ml lasipullo,131,12,99999,,catalog/6153.JPG,"32,439",kg,true
6922,Manisa Mesir Macun 400g,131,12,99999,,catalog/6922.JPG,"32,439",kg,true
11363,Öncü Közlenmis Paprika 680g lasi,131,12,99999,Öncü,catalog/11363.JPG,"16,101",kg,true
11364,Öncü Közlenmis Munakoiso 510g lasi,131,12,99999,Öncü,catalog/11364.JPG,"23,172",kg,true
2082,Öncü kuru Kabak Dolmalik,131,20,99999,Öncü,catalog/2082.JPG,"7,728",kg,true
11237,Öncü kuru Patlican Dolmalik,131,20,99999,Öncü,catalog/11237.JPG,"20,080",kg,true
1719,Öncü kurutulmus Dolmaliklari Biberin / kuivattu paprika,131,20,99999,Öncü,catalog/1719.JPG,"49,451",kg,true
11697,Kuivatut Luumut 1kg,131,10,99999,,catalog/11697.JPG,"21,626",kg,true
3597,"Rusinat Musta 4x2,5kg",131,10,99999,,catalog/3597.JPG,"23,172",kg,true
1710,Fuchs kana mauste suola 2kg / Tavuksalata Bahara,132,10,99999,Gülcan,catalog/1710.JPG,"50,472",kg,true
999,Gülcan 4 Mevsim Biber 180g,132,12,99999,Gülcan,catalog/999.JPG,"46,349",kg,true
963,Gulcan 4 Mevsim Biber 450g 4 Pepper,132,12,99999,Gülcan,catalog/963.JPG,"46,349",kg,true
1004,Gulcan 7 Turlu Baharat 200g,132,12,99999,Gülcan,catalog/1004.JPG,"55,380",kg,true
5913,Gulcan ACI TOZ Biber 150g / pippuri gemahl,132,12,99999,Gülcan,catalog/5913.JPG,"49,712",kg,true
846,Gulcan Aci Toz Biber 500g pippuri,132,12,99999,Gülcan,catalog/846.JPG,"64,397",kg,true
5471,Gulcan ACI TOZ pippuri chilijauhe 1K extra-Rot,132,10,99999,Gülcan,catalog/5471.JPG,"49,451",kg,true
5729,Gulcan Adacayi 40g Salie teetä,132,20,99999,Gülcan,catalog/5729.JPG,"132,927",kg,true
796,Gulcan Ak Beaver Tane 200g valkopippuria koko,132,12,99999,Gülcan,catalog/796.JPG,"18,535",kg,true
3180,Gülcan Ak Beaver Tane valkopippuri 500g,132,12,99999,Gülcan,catalog/3180.JPG,"18,535",kg,true
6055,Gülcan Ak Beaver Toz 1kg Pepper valkoinen helmi,132,10,99999,Gülcan,catalog/6055.JPG,"33,993",kg,true
795,Gülcan Ak Beaver Toz 200g valkopippuria,132,12,99999,Gülcan,catalog/795.JPG,"47,651",kg,true
848,Gülcan Ak Beaver Toz 500g valkopippuria,132,12,99999,Gülcan,catalog/848.JPG,"23,162",kg,true
798,Gulcan Anason Tane 150g Anis Täysi,132,12,99999,Gülcan,catalog/798.JPG,"49,451",kg,true
11228,Gülcan Argentiina Mix 200g PET,132,12,99999,Gülcan,catalog/11228.JPG,"92,735",kg,true
10127,"Gülcan Argentiina Mix 1,5 kg ämpäri",132,1,99999,Gülcan,catalog/10127.JPG,"140,401",kg,true
4818,Gülcan Baharat hylly +/- 200g +/- 456x 70x 500g,132,1,99999,Gülcan,catalog/4818.JPG,"44,814",kg,true
3339,Gulcan Basilicum Feslegen 500g,132,12,99999,Gülcan,catalog/3339.JPG,"63,364",kg,true
5548,Gülcan basilika Feslegen 70g,132,12,99999,Gülcan,catalog/5548.JPG,"23,172",kg,true
3207,Gülcan Biryani 180g Baharati mauste,132,12,99999,Gülcan,catalog/3207.JPG,"27,810",kg,true
9267,Gülcan Cayennepippuri Aci Biber Tüm 40g,132,12,99999,Gülcan,catalog/9267.JPG,"11,142",kg,true
11816,Gülcan Cemen Tane 200g PET,132,12,99999,Gülcan,catalog/11816.JPG,"11,077",kg,true
800,Ground Gülcan Cemen Unu 200g / Sarviapila,132,12,99999,Gülcan,catalog/800.JPG,"40,176",kg,true
958,Gülcan Chilli chili pippuria Biber 400g,132,12,99999,Gülcan,catalog/958.JPG,"15,443",kg,true
988,Gülcan Cigköfte Baha 200g Jauheliha mauste,132,12,99999,Gülcan,catalog/988.JPG,"40,176",kg,true
801,Gülcan çörek Otu 200g musta kumina,132,12,99999,Gülcan,catalog/801.JPG,"16,989",kg,true
850,Gülcan çörek Otu 500g musta kumina,132,12,99999,Gülcan,catalog/850.JPG,"18,535",kg,true
3173,Gülcan çörek suesue çörek Spice 200g,132,12,99999,Gülcan,catalog/3173.JPG,"15,443",kg,true
797,Gülcan Deniz tuzu 400g merisuolaa,132,12,99999,Gülcan,catalog/797.JPG,"35,539",kg,true
3183,Gülcan Dere Otu 180g Tilli getr,132,12,99999,Gülcan,catalog/3183.JPG,"18,535",kg,true
975,Gülcan Dere Otu 500g Tilli getr,132,12,99999,Gülcan,catalog/975.JPG,"24,718",kg,true
802,Kuivatut Gülcan Dere Otu 50g Tilli,132,12,99999,Gülcan,catalog/802.JPG,"47,906",kg,true
989,Gülcan Döner Baharat 250g Gyros Mauste suola,132,12,99999,Gülcan,catalog/989.JPG,"21,626",kg,true
991,Gülcan Et Baharati Kalan maustamis suola 200g,132,12,99999,Gülcan,catalog/991.JPG,"13,897",kg,true
6010,Gülcan Grill Spice 150g Grilli mausteet,132,12,99999,Gülcan,catalog/6010.JPG,"32,447",kg,true
830,Gülcan Hardal 200g sinapinsiemen,132,12,99999,Gülcan,catalog/830.JPG,"63,364",kg,true
1465,Gülcan Hashas 200g / unikko,132,12,99999,Gülcan,catalog/1465.JPG,"18,535",kg,true
806,Gülcan Hindi cevizi 130g kookos,132,12,99999,Gülcan,catalog/806.JPG,"17,916",kg,true
3222,"Gülcan Hummus 200g PET, Box",132,12,99999,Gülcan,catalog/3222.JPG,"17,916",kg,true
851,"Gülcan Hummus 400g Zak, pussi",132,20,99999,Gülcan,catalog/851.JPG,"18,535",kg,true
3208,"Gülcan Hummus 800g Zak, pussi",132,10,99999,Gülcan,catalog/3208.JPG,"18,535",kg,true
6658,Gülcan Ihlamurin 40g naudanliha mauste,132,15,99999,Gülcan,catalog/6658.JPG,"20,080",kg,true
807,Gülcan Iseult Iseult Biber 170g ,132,12,99999,Gülcan,catalog/807.JPG,"15,443",kg,true
7523,Gülcan Iseult Pepper 1kg,132,10,99999,Gülcan,catalog/7523.JPG,"15,443",kg,true
852,Gülcan Iseult Iseult Pepper 500g Paprika,132,12,99999,Gülcan,catalog/852.JPG,"36,044",kg,true
5532,Gülcan Kabuksuz Auringonkukansiemenet 200gr,132,12,99999,Gülcan,catalog/5532.JPG,"34,769",kg,true
5915,Gülcan kaakaojauhe 180g,132,12,99999,Gülcan,catalog/5915.JPG,"21,236",kg,true
808,Gülcan Kara Biber 200g sw mustapippuria,132,12,99999,Gülcan,catalog/808.JPG,"24,718",kg,true
809,Gülcan Kara Biber Tane 180g kokonaisia mustapippureita,132,12,99999,Gülcan,catalog/809.JPG,"78,567",kg,true
939,Gülcan Kara Biber Tane 450g kokonaisia mustapippureita,132,12,99999,Gülcan,catalog/939.JPG,"54,089",kg,true
5078,Gülcan Kara Biber Toz 1 Kg,132,10,99999,Gülcan,catalog/5078.JPG,"15,443",kg,true
853,Gülcan Karabiber Toz 500g hiottua mustapippuria,132,12,99999,Gülcan,catalog/853.JPG,"18,535",kg,true
5639,Gülcan Karanfil 130g koko kynttä,132,12,99999,Gülcan,catalog/5639.JPG,"29,356",kg,true
811,Gülcan karbonaatti leivinjauhe 400g,132,12,99999,Gülcan,catalog/811.JPG,"41,104",kg,true
7436,Gülcan Kardemon 150g TOZ,132,12,99999,Gülcan,catalog/7436.JPG,"78,822",kg,true
5728,Gülcan Kardemon Tane 130g koko,132,12,99999,Gülcan,catalog/5728.JPG,"110,772",kg,true
941,Gülcan Kekik (hiutale) 180g Oregano,132,12,99999,Gülcan,catalog/941.JPG,"76,658",kg,true
978,Gülcan Kekik (sivri) 500g Timjami,132,15,99999,Gülcan,catalog/978.JPG,"44,814",kg,true
814,Gülcan Kekik (sivri) 70g timjami,132,12,99999,Gülcan,catalog/814.JPG,"15,443",kg,true
964,Gülcan Kekik 1kg Oregano,132,12,99999,Gülcan,catalog/964.JPG,"50,997",kg,true
813,Gülcan Keklik Pul 70g Oregano,132,12,99999,Gülcan,catalog/813.JPG,"55,635",kg,true
9793,Gülcan Kentjoer jauhettu 200g,132,12,99999,Gülcan,catalog/9793.JPG,"24,718",kg,true
817,Gülcan Kimyon Frenk 180g Kumina kokonainen,132,12,99999,Gülcan,catalog/817.JPG,"50,220",kg,true
816,Gülcan Kimyon Tane 180g Kumina kokonainen,132,12,99999,Gülcan,catalog/816.JPG,"15,443",kg,true
815,Gülcan Kimyon Toz 180g Kumina,132,12,99999,Gülcan,catalog/815.JPG,"61,818",kg,true
4967,Ground Gülcan Kimyon TOZ 1kg kumina,132,10,99999,Gülcan,catalog/4967.JPG,"15,443",kg,true
9369,Gülcan Kimyon Toz 1kg Suriye kumina,132,10,99999,Gülcan,catalog/9369.JPG,"50,997",kg,true
943,Gülcan Kimyon Toz jauhettua kuminaa 500g,132,12,99999,Gülcan,catalog/943.JPG,"19,462",kg,true
819,Gülcan Kisnis Tane 100g korianteri melko,132,12,99999,Gülcan,catalog/819.JPG,"18,535",kg,true
818,Gülcan Kisnis Toz jauhettua korianteria 150g,132,12,99999,Gülcan,catalog/818.JPG,"18,535",kg,true
3190,Gülcan Kisnis Toz Gul korianteri 800gr,132,10,99999,Gülcan,catalog/3190.JPG,"54,092",kg,true
2819,Gülcan valkosipuli TOZ Jauhe 1kg Btl,132,10,99999,Gülcan,catalog/2819.JPG,"61,821",kg,true
992,Gülcan köfte lihapullia 250g Baharat,132,12,99999,Gülcan,catalog/992.JPG,"43,268",kg,true
10364,Gülcan kookos hienoksi raastettua kookosta 250g pussi,132,20,99999,Gülcan,catalog/10364.JPG,"15,443",kg,true
821,Gülcan kori 200g Curry,132,12,99999,Gülcan,catalog/821.JPG,"18,535",kg,true
10899,Gülcan kurpitsansiemeniä kuorittu 170g Soyulmus Kabak cekir,132,12,99999,Gülcan,catalog/10899.JPG,"37,345",kg,true
799,Gülcan Kuru Biberiye kuivattu rosmariini 100g getr,132,12,99999,Gülcan,catalog/799.JPG,"43,786",kg,true
10500,Gulcan Kuru Biberiye kuivattu rosmariini 500g,132,15,99999,Gülcan,catalog/10500.JPG,"17,916",kg,true
5791,Gülcan kuru Nane 140g / minttu sep.,132,12,99999,Gülcan,catalog/5791.JPG,"25,738",kg,true
820,Gülcan Kus üzümü 200g herukat,132,12,99999,Gülcan,catalog/820.JPG,"18,535",kg,true
5241,Gülcan Kuzu Baharat 200g karitsan mauste,132,12,99999,Gülcan,catalog/5241.JPG,"23,172",kg,true
994,Gülcan lahmacun Baharati 180g / Tr. Pizza mauste,132,12,99999,Gülcan,catalog/994.JPG,"15,443",kg,true
6011,Gülcan Pellavansiemenet 200g keteenin Togumu,132,12,99999,Gülcan,catalog/6011.JPG,"50,220",kg,true
822,Gülcan Limon tuzu 300g sitruunahappoa,132,12,99999,Gülcan,catalog/822.JPG,"24,718",kg,true
945,Gülcan Limon tuzu 800g sitruunahappo,132,12,99999,Gülcan,catalog/945.JPG,"18,535",kg,true
3170,Gülcan mahlep jauhettu 200g,132,12,99999,Gülcan,catalog/3170.JPG,"21,626",kg,true
946,Gülcan Maydanoz 100g persilja getr,132,12,99999,Gülcan,catalog/946.JPG,"18,535",kg,true
7980,Gülcan Maydanoz 1kg,132,7,99999,Gülcan,catalog/7980.JPG,"18,535",kg,true
823,Gülcan Maydanoz 40g persiljaa,132,12,99999,Gülcan,catalog/823.JPG,"19,462",kg,true
9500,Gülcan Meksiko Mix 250g PET,132,12,99999,Gülcan,catalog/9500.JPG,"35,539",kg,true
10404,Gülcan Minas raakakahvipavut 900g,132,18,99999,Gülcan,catalog/10404.JPG,"60,272",kg,true
10867,Gülcan Minas raakakahvipavut 900g,132,15,99999,Gülcan,catalog/10867.JPG,"24,718",kg,true
10220,Gülcan Muscat hyvin 15st.,132,12,99999,Gülcan,catalog/10220.JPG,"47,783",kg,true
10158,Gülcan Muscat Taner 5x muskottipähkinä valmis,132,15,99999,Gülcan,catalog/10158.JPG,"15,443",kg,true
1001,Gülcan Muscat jauhe 200g,132,12,99999,Gülcan,catalog/1001.JPG,"16,989",kg,true
11310,Gülcan ruokasuolaa 4kg ämpäri keittiö vain,132,1,99999,Gülcan,catalog/11310.JPG,"57,946",kg,true
5298,Gülcan Piparminttu Mint 500g,132,12,99999,Gülcan,catalog/5298.JPG,"48,288",kg,true
824,Gülcan minttu Mint 70g,132,12,99999,Gülcan,catalog/824.JPG,"32,447",kg,true
6588,Gülcan paprikat melko tuju 100g Piri Pir,132,12,99999,Gülcan,catalog/6588.JPG,"20,463",kg,true
995,Mausteet gülcan Patate 250g / Pommeswürz- vain,132,12,99999,Gülcan,catalog/995.JPG,"46,360",kg,true
2816,Gülcan mänty Kerner 40g pinjansiemeniä,132,15,99999,Gülcan,catalog/2816.JPG,"2,962",kg,true
7285,Gülcan Pizza Mausteita 1kg,132,12,99999,Gülcan,catalog/7285.JPG,"48,833",kg,true
3217,Gülcan perunoita 900g Würzsalz,132,12,99999,Gülcan,catalog/3217.JPG,"15,443",kg,true
825,Gülcan Pepper 180g punainen paprika hiutaleita,132,12,99999,Gülcan,catalog/825.JPG,"29,356",kg,true
11309,"Pepper pippuri hiutaleet Scharf gülcan ämpäri 2,5kg",132,1,99999,Gülcan,catalog/11309.JPG,"17,916",kg,true
1703,Gülcan Pul Biber 400g punaisia paprikahiutaleita,132,20,99999,Gülcan,catalog/1703.JPG,"27,033",kg,true
950,Gülcan Pul Biber 450g mausteisia paprikahiutaleita,132,12,99999,Gülcan,catalog/950.JPG,"69,547",kg,true
952,Gülcan Pul Biber 800gr,132,10,99999,Gülcan,catalog/952.JPG,"32,447",kg,true
11675,Gülcan Pul Biber Cekirdekli 350g,132,15,99999,Gülcan,catalog/11675.JPG,"18,535",kg,true
5242,Gülcan Raz el Hanout 150g Kuskusgewürz,132,12,99999,Gülcan,catalog/5242.JPG,"12,559",kg,true
5914,Gülcan Rezene Tane 130g fenkoli kokonainen,132,12,99999,Gülcan,catalog/5914.JPG,"42,742",kg,true
5594,Gülcan Salatgewürz 100g,132,12,99999,Gülcan,catalog/5594.JPG,"35,539",kg,true
5417,Gülcan Sar. Granur valkosipuli 1kg,132,10,99999,Gülcan,catalog/5417.JPG,"38,118",kg,true
3171,Gülcan sarımsak Gran Knobl. Granure 200g,132,12,99999,Gülcan,catalog/3171.JPG,"30,897",kg,true
831,Gülcan sarımsak tozu 200g valkosipulijauhetta,132,12,99999,Gülcan,catalog/831.JPG,"19,462",kg,true
5123,Gülcan shoarma Baharat 1kg Würzsalz,132,10,99999,Gülcan,catalog/5123.JPG,"15,443",kg,true
974,Gülcan shoarma Baharat Würzsalz 25kg,132,25,99999,Gülcan,catalog/974.JPG,"16,989",kg,true
996,Gülcan shoarma Baharat250g Würzsalz,132,12,99999,Gülcan,catalog/996.JPG,"45,074",kg,true
838,Gülcan Sili Biber 130g Chili Peppers,132,12,99999,Gülcan,catalog/838.JPG,"18,535",kg,true
3197,Gülcan Sogan Yaprak 14kg,132,1,99999,Gülcan,catalog/3197.JPG,"18,535",,true
6009,Gülcan Schumacks 180g,132,12,99999,Gülcan,catalog/6009.JPG,"43,786",kg,true
4965,Gülcan Schumacks 1kg,132,10,99999,Gülcan,catalog/4965.JPG,"199,639",kg,true
953,Gülcan Schumacks 500g Sumac,132,12,99999,Gülcan,catalog/953.JPG,"17,916",kg,true
955,Gülcan Susam 1kg seesami Zak,132,10,99999,Gülcan,catalog/955.JPG,"18,535",kg,true
837,Gülcan Susam Altin Golden seesaminsiemeniä 200g,132,12,99999,Gülcan,catalog/837.JPG,"59,642",kg,true
956,Gülcan Susam Altin Golden seesaminsiemeniä 500g,132,12,99999,Gülcan,catalog/956.JPG,"18,535",kg,true
6673,Gülcan Susam Altin Golden Sesame 1kg,132,10,99999,Gülcan,catalog/6673.JPG,"52,803",kg,true
954,Gülcan Susam Beyaz 500g seesami Kerner,132,12,99999,Gülcan,catalog/954.JPG,"35,539",kg,true
836,Gülcan Susam Beyaz seesaminsiemeniä 200g,132,12,99999,Gülcan,catalog/836.JPG,"48,939",kg,true
840,Gülcan Tarcin Boru kaneli kokonaisia 50g,132,12,99999,Gülcan,catalog/840.JPG,"20,080",kg,true
839,Gülcan Tarcin Toz jauhettua kanelia 170g,132,12,99999,Gülcan,catalog/839.JPG,"37,085",kg,true
3202,Gülcan Tarcin Toz jauhettua kanelia 200g,132,12,99999,Gülcan,catalog/3202.JPG,"52,803",kg,true
960,Gülcan Tatli Toz Beaver 1kg makea paprika,132,10,99999,Gülcan,catalog/960.JPG,"37,085",kg,true
959,Gülcan Tatli Toz Biber 200g / makea paprika,132,12,99999,Gülcan,catalog/959.JPG,"18,535",kg,true
4241,Gulcan Tatli Toz majava 500gr paprikat makeutettu,132,12,99999,Gülcan,catalog/4241.JPG,"15,443",kg,true
5122,Gülcan Tavuksalata Baharat 1kg Kanan maustamis suolaa,132,10,99999,Gülcan,catalog/5122.JPG,"18,535",kg,true
998,Gülcan Tavuksalata Baharat 250g Kana maustamis suolaa,132,12,99999,Gülcan,catalog/998.JPG,"23,172",kg,true
961,Gülcan Tavuksalata Baharat 700g Kanan maustamis suolaa,132,12,99999,Gülcan,catalog/961.JPG,"48,939",kg,true
3720,Gülcan Tzazikigewürz cacik Baharati 100g,132,12,99999,Gülcan,catalog/3720.JPG,"18,535",kg,true
843,Gülcan Yeni Baharat Tane koko 150g,132,12,99999,Gülcan,catalog/843.JPG,"35,539",kg,true
842,Gülcan Yeni Baharat tozu jauhettu 200g,132,12,99999,Gülcan,catalog/842.JPG,"41,210",kg,true
10488,Gülcan Zatar 150g Baharat Pet,132,12,99999,Gülcan,catalog/10488.JPG,"18,535",kg,true
844,Gülcan Zencefil Toz jauhettua inkivääriä 150g,132,12,99999,Gülcan,catalog/844.JPG,"33,993",kg,true
845,Gülcan Zerdecal kurkuma 200g,132,12,99999,Gülcan,catalog/845.JPG,"17,916",kg,true
3178,Gülcan Zeytin suesue 100g oliivit mausteet Baharati,132,12,99999,Gülcan,catalog/3178.JPG,"24,718",kg,true
849,Gülcan sipulijauhe sogan tozu 800g Zak,132,10,99999,Gülcan,catalog/849.JPG,"26,264",kg,true
9880,Maggi liemikuutioita 400g (100x4g),132,25,99999,Gülcan,catalog/9880.JPG,"27,810",kg,true
9606,Osman Balik Baharat 200g kalan maustamis suolaa,132,12,99999,Gülcan,catalog/9606.JPG,"18,535",kg,true
6503,Knorr çıtır Pane Harci 90g,133,12,99999,Knorr,catalog/6503.JPG,"18,535",kg,true
5671,Knorr Et Bulyon 12er 120g,133,48,99999,Knorr,catalog/5671.JPG,"18,535",kg,true
3609,Knorr Et Suyu 6 SIGIR 60gr,133,16,99999,Knorr,catalog/3609.JPG,"46,362",kg,true
5153,Knorr Izgara Harci maustesekoitus,133,12,99999,Knorr,catalog/5153.JPG,"74,039",kg,true
10216,Knorr Kisir Harci 110g,133,12,99999,Knorr,catalog/10216.JPG,"15,443",kg,true
5152,Knorr köfte Harci maustettuja lihapullia 150g,133,12,99999,Knorr,catalog/5152.JPG,"11,733",kg,true
3374,Knorr köfte Harci Mix 85g,133,12,99999,Knorr,catalog/3374.JPG,"55,588",kg,true
10420,Knorr Mercimek köfte Haci 110g,133,12,99999,Knorr,catalog/10420.JPG,"12,346",kg,true
6504,Knorr Pane Harci 85g,133,12,99999,Knorr,catalog/6504.JPG,"12,351",kg,true
3182,Knorr Salaattikruunu maustettu puutarhan yrteillä 5 kpl,133,15,99999,Knorr,catalog/3182.JPG,"11,733",kg,true
3209,Knorr Salaattikruunu tilliä yrtti 5er Pack,133,15,99999,Knorr,catalog/3209.JPG,"10,805",kg,true
1704,Knorr Salaattikruunu kreikkalaiseen tyyliin 5-pack,133,15,99999,Knorr,catalog/1704.JPG,"11,733",kg,true
3521,Knorr Salaattikruunu italialaiseen tyyliin 5er Pack,133,15,99999,Knorr,catalog/3521.JPG,"1,546",kg,true
7547,Öncü Raakalihapulla Setti 600g,134,18,99999,Öncu,catalog/7547.JPG,"10,805",kg,true
11013,Öncü Chipotle 200g,134,8,99999,Öncu,catalog/11013.JPG,"17,371",kg,true
11014,Öncü Chipotle 400g,134,5,99999,Öncu,catalog/11014.JPG,"17,371",kg,true
11011,Öncü Punaiset Paprika hiutaleet 200g,134,8,99999,Öncu,catalog/11011.JPG,"17,371",kg,true
11012,Öncü Punaiset Paprika hiutaleet 400g,134,5,99999,Öncu,catalog/11012.JPG,"17,371",kg,true
10120,Osman Aci Pul Biber 125g Hot Chili pippuria,135,12,99999,Osmanli,catalog/10120.JPG,"34,758",kg,true
9535,Osman Aci Pul Biber 250g mausteinen ja jauhettu Paprika,135,12,99999,Osmanli,catalog/9535.JPG,"13,387",kg,true
9605,Osman Aci Pul Biber 500g mausteinen ja jauhettu Paprika,135,6,99999,Osmanli,catalog/9605.JPG,"15,452",kg,true
9537,Osman Balik Baharat 400g Kalamauste suolaa,135,12,99999,Osmanli,catalog/9537.JPG,"13,387",kg,true
9536,Osman Cig Lihamauste 140g,135,12,99999,Osmanli,catalog/9536.JPG,"15,452",kg,true
9539,Osman Dönergewürz 200g,135,12,99999,Osmanli,catalog/9539.JPG,"16,370",kg,true
9540,Osman Dönergewürz 400g,135,12,99999,Osmanli,catalog/9540.JPG,"24,718",kg,true
9528,Osman Et Baharat 200g Lihamauste suola,135,12,99999,Osmanli,catalog/9528.JPG,"23,180",kg,true
9529,Osman Et Baharat 400g Lihamauste suola,135,12,99999,Osmanli,catalog/9529.JPG,"25,645",kg,true
10119,Osman Et Baharat 800g Lihamauste,135,6,99999,Osmanli,catalog/10119.JPG,"27,810",kg,true
9530,Osman lahmacun Baharat 200g Pizza mauste,135,12,99999,Osmanli,catalog/9530.JPG,"21,008",kg,true
9531,Osman lahmacun Baharat 400g Pizza mauste,135,12,99999,Osmanli,catalog/9531.JPG,"37,085",kg,true
9534,Osman ranskanperuna mauste 1kg,135,6,99999,Osmanli,catalog/9534.JPG,"20,080",kg,true
9532,Osman ranskanperuna mauste 250g,135,12,99999,Osmanli,catalog/9532.JPG,"32,447",kg,true
9533,Osman ranskanperuna mauste 500g,135,12,99999,Osmanli,catalog/9533.JPG,"29,363",kg,true
9527,Osman Tavuksalata Baharat 1kg Kana Mausteita,135,6,99999,Osmanli,catalog/9527.JPG,"20,080",kg,true
9525,Osman Tavuksalata Baharat 250g Kana Mausteita,135,12,99999,Osmanli,catalog/9525.JPG,"32,447",kg,true
9526,Osman Tavuksalata Baharat 500g Kana Mausteita,135,12,99999,Osmanli,catalog/9526.JPG,"18,542",kg,true
9538,Osman Mauste vihanneksien kanssa 250g,135,12,99999,Osmanli,catalog/9538.JPG,"14,825",kg,true
11257,Osman Mauste vihanneksien kanssa 500g,135,12,99999,Osmanli,catalog/11257.JPG,"23,172",kg,true
1711,Podravka Vegeta 1KG Mausteita,136,10,99999,Vegeta,catalog/1711.JPG,"18,542",kg,true
1714,Podravka Vegeta 250g,136,16,99999,Vegeta,catalog/1714.JPG,"13,897",kg,true
1712,Podravka Vegeta 2kg,136,8,99999,Vegeta,catalog/1712.JPG,"23,172",kg,true
1713,Podravka Vegeta 500g,136,12,99999,Vegeta,catalog/1713.JPG,"19,462",kg,true
11521,Podravka Vegeta Natural 200g,136,10,99999,Vegeta,catalog/11521.JPG,"33,993",kg,true
11520,Podravka Vegeta Natural 800g,136,10,99999,Vegeta,catalog/11520.JPG,"47,651",kg,true
6738,Vegeta 5Kg Bucket,136,1,99999,Vegeta,catalog/6738.JPG,"23,888",kg,true
11519,Vegeta Aasia Shaker 150g,136,12,99999,Vegeta,catalog/11519.JPG,"77,282",kg,true
10072,Vegeta Pikant 400g,136,12,99999,Vegeta,catalog/10072.JPG,"32,447",kg,true
4342,Vegeta Pikant Shaker 150g,136,12,99999,Vegeta,catalog/4342.JPG,"17,507",kg,true
11518,Vegeta Shaker 200g,136,12,99999,Vegeta,catalog/11518.JPG,"54,092",kg,true
10962,Cocotamara 3kg,138,5,99999,Cocotamara,catalog/10962.JPG,"20,868",kg,true
7102,Tulenkestävä uuni pussi 8 Dolce,138,48,99999,,catalog/7102.JPG,"21,626",kg,true
11594,Grilli Briketts 10 kg,138,1,99999,Flora Fire,catalog/11594.JPG,"33,993",kg,true
9038,"Grilli Briketts 2,5kg",138,1,99999,,catalog/9038.JPG,"21,626",kg,true
1305,"Grilli 2,5kg",138,1,99999,Holz Kohle,catalog/1305.JPG,"21,008",kg,true
10096,Grilli Instant Barbecu Kertakäyttöiset Grillit,138,6,99999,,catalog/10096.JPG,"39,928",kg,true
11592,Grillanzünd Anzündwürfel ruskea,138,24,99999,THM,catalog/11592.JPG,"37,038",kg,true
11591,Grillanzünd Anzündwürfel valkoinen,138,28,99999,THM,catalog/11591.JPG,"10,304",kg,true
5337,Käsineet Latex 100 100er,138,10,99999,,catalog/5337.JPG,"2,588",kg,true
1309,Hiili 10kg,138,1,99999,Holz Kohle,catalog/1309.JPG,"2,640",kg,true
11593,"Hiili 7,5kg gastro special",138,1,99999,Holz Kohle,catalog/11593.JPG,"13,596",kg,true
8743,Hiili Tamara 10x10x33mm tabletit vesipiippuun,138,24,99999,Holz Kohle,catalog/8743.JPG,"15,427",kg,true
10964,Vesipiippu Shisha Hiili 1kg,138,16,99999,Hookah,catalog/10964.JPG,"27,377",kg,true
9001,Nauha 50mmx66m,138,36,99999,,catalog/9001.JPG,"55,380",kg,true
7702,Kopioi A4 valkoinen,138,5,99999,,catalog/7702.JPG,"10,691",kg,true
2627,Paperipyyhkeitä 4 rullaa Violeta 2A12,138,7,99999,Violeta,catalog/2627.JPG,"9,081",kg,true
11734,Roskapussit sininen 25er 80x100cm,138,10,99999,Müllbeutel,catalog/11734.JPG,"55,619",kg,true
3678,Poly kassi pieni 27cm 100er,138,1,99999,,catalog/3678.JPG,"43,263",kg,true
3345,Poly kassi 26x35cm,138,1,99999,,catalog/3345.JPG,"157,629",kg,true
10044,Rulo Cop Poset Orta 55x60 Roskapussit,138,50,99999,Rulo,catalog/10044.JPG,"25,758",kg,true
10047,Rulo roska pussi Batt 75x90,138,25,99999,Rulo,catalog/10047.JPG,"9,910",kg,true
10046,Rulo roskapussit Suuri 65x80,138,50,99999,Rulo,catalog/10046.JPG,"29,616",kg,true
10048,Rulo roskapussit Jumbo 80x110,138,25,99999,Rulo,catalog/10048.JPG,"10,948",kg,true
10043,Rulo roskapussit Mini 40x50,138,50,99999,Rulo,catalog/10043.JPG,"12,623",kg,true
10049,Rulo ostoskassit Manav Poset Orta Boy 200,138,20,99999,,catalog/10049.JPG,"23,123",kg,true
6914,Teno Mendil 10er kasvopyyhkeitä,138,24,99999,,catalog/6914.JPG,"18,003",kg,true
12134,Teta Violeta Intense astianpesuaine 500ml,138,16,99999,,catalog/12134.JPG,"19,259",kg,true
12123,WC-paperi 10er persikka tuoksu Violeta,138,6,99999,Violeta,catalog/12123.JPG,"22,511",kg,true
12125,WC-paperi 12 + 4 Gratis Lavanda Violeta,138,3,99999,Violeta,catalog/12125.JPG,"29,564",kg,true
12124,WC-paperi 12 + 4 Gratis Violeta,138,3,99999,Violeta,catalog/12124.JPG,"36,044",kg,true
12126,WC-paperi 20 persikka tuoksu Violeta,138,3,99999,Violeta,catalog/12126.JPG,"15,427",kg,true
6235,WC-paperi 24er 2LG tuoksuva Violeta,138,3,99999,Violeta,catalog/6235.JPG,"16,468",kg,true
2626,WC-paperi 8er 3LG tuoksuva Violeta 2A11,138,9,99999,Violeta,catalog/2626.JPG,"13,132",kg,true
2430,Tr Strohbesen Supurge Kurz,138,10,99999,,catalog/2430.JPG,"10,431",kg,true
12133,Violeta Vauva 56 Stück kosteuspyyhkeitä mantelimaito tuoksu,138,12,99999,Violeta,catalog/12133.JPG,"10,431",kg,true
10510,Violeta Taschentüch 10/1 3SL,138,24,99999,Violeta,catalog/10510.JPG,"13,909",kg,true
12135,Violeta Teta Väri Geeli Pesuaine 1.5L,138,6,99999,Violeta,catalog/12135.JPG,"10,431",kg,true
12136,Violeta Teta Origina Huuhteluaine 1.25L,138,6,99999,Violeta,catalog/12136.JPG,"15,060",kg,true
2894,Duru kuru Fasulye 1kg 6mm pavut,141,12,99999,Duru,catalog/2894.JPG,"29,616",kg,true
3598,Duru kuru Fasulye Dermason 1/1,141,12,99999,Duru,catalog/3598.JPG,"9,260",kg,true
190,Harmaa pavut Canellin kuru Fasulye 5kg,141,15,99999,Grau,catalog/190.JPG,"15,427",kg,true
2881,Harmaa pavut Great Northern 5Kg Fasulye,141,15,99999,Grau,catalog/2881.JPG,"25,885",kg,true
760,Kreikan pavut keitetyt 280g jättisuuret pavut,141,24,99999,Palirria,catalog/760.JPG,"11,779",kg,true
2880,Gülcan Bakla pavut 1kg vihreä,141,12,99999,Gülcan,catalog/2880.JPG,"35,539",kg,true
4200,Gulcan Barbunya TR ruskeita papuja 1kg,141,12,99999,Gülcan,catalog/4200.JPG,"44,814",kg,true
11885,"Gülcan pavut sep. Horoz 2,5 kg Fasulye",141,20,99999,Gülcan,catalog/11885.JPG,"50,220",kg,true
306,Gülcan Suuren Pohjan pavut 1kg Fasulye,141,20,99999,Gülcan,catalog/306.JPG,"44,424",kg,true
3370,Gülcan Börülce 1 kg p,141,12,99999,Gülcan,catalog/3370.JPG,"43,253",kg,true
159,"Gülcan Fasulya Dermason 2,5kg",141,20,99999,Gülcan,catalog/159.JPG,"23,172",kg,true
3578,Gülcan Fasulye Cali 1kg leikkopapu 9-10mm,141,12,99999,Gülcan,catalog/3578.JPG,"27,810",kg,true
3438,"Gülcan Fasulye Cali 2,5 kg",141,20,99999,Gülcan,catalog/3438.JPG,"42,485",kg,true
530,Gülcan Fasulye Cali pavut 5kg 9-10mm,141,20,99999,Gülcan,catalog/530.JPG,"48,926",kg,true
5424,Gülcan Fasulye kuru Horoz 1kg get. valkoisia papuja,141,12,99999,Gülcan,catalog/5424.JPG,"37,085",kg,true
5404,Gülcan Fasulye Kuru mustia papuja 1kg sep.,141,12,99999,Gülcan,catalog/5404.JPG,"28,737",kg,true
3741,Gülcan Fasulye lang 1kg Canellini,141,20,99999,Gülcan,catalog/3741.JPG,"45,061",kg,true
3740,Gülcan Fasulye lang 5kg Canellini,141,15,99999,Gülcan,catalog/3740.JPG,"21,626",kg,true
11667,Gülcan Karpalo 1kg sep. Pavut punainen / valkoinen,141,20,99999,Gülcan,catalog/11667.JPG,"45,061",kg,true
297,Gülcan kuru Barbunya 1kg pavut,141,20,99999,Gülcan,catalog/297.JPG,"54,079",kg,true
186,Gülcan kuru Fasulye 5kg pavut suuri nort,141,15,99999,Gülcan,catalog/186.JPG,"23,172",kg,true
293,Gülcan Lima Fasulye 1 kg kuru pavut,141,12,99999,Gülcan,catalog/293.JPG,"23,172",kg,true
531,Gülcan kidney papuja 1 kg Kuru tr,141,12,99999,Gülcan,catalog/531.JPG,"48,926",kg,true
322,Gülcan kidney kuru 1kg pavut,141,20,99999,Gülcan,catalog/322.JPG,"44,424",kg,true
119,Gülcan Sira kuru Fasulye 1kg pavut,141,12,99999,Gülcan,catalog/119.JPG,"40,166",kg,true
4198,Gülcan Soija TR 1kg Mas Fasulye vihreät mung pavut,141,12,99999,Gülcan,catalog/4198.JPG,"46,349",kg,true
3359,Gülcan Valkoisia Bakla papuja 900g split / kirik,141,12,99999,Gülcan,catalog/3359.JPG,"44,424",kg,true
10443,Saladitos Lupiini Calibre Super Purkki Orugub Espanja 600g,141,12,99999,Saladitos,catalog/10443.JPG,"32,447",kg,true
11132,"Saladitos Lupiini Pet Jar. 1,3kg Espanja",141,6,99999,Saladitos,catalog/11132.JPG,"27,810",kg,true
10237,Barbunya punainen 25 kg punaisia papuja sep.,140,25,99999,Barbunya,catalog/10237.JPG,"51,502",kg,true
10238,Barbunya valkoinen 25 kg valkoisia papuja sep.,140,25,99999,Barbunya,catalog/10238.JPG,"21,626",kg,true
9649,Garrido Bakla 540g keitetyt pavut lasipurkki,140,12,99999,Garrido,catalog/9649.JPG,"26,264",kg,true
9650,Garrido Barbunya Haslama 570G borlotti,140,12,99999,Garrido,catalog/9650.JPG,"27,810",kg,true
9712,Garrido pavut valkoinen Pikant Tajine 570G lasi,140,12,99999,Garrido,catalog/9712.JPG,"16,370",kg,true
9721,Garrido borlotti pavut Barbunya 1kg sep.,140,20,99999,Garrido,catalog/9721.JPG,"16,455",kg,true
9663,Garrido herne vihreä halkaistu 1kg bezelye Yesil,140,20,99999,Garrido,catalog/9663.JPG,"119,126",kg,true
9648,Garrido linssit keitetyt 570G,140,12,99999,Garrido,catalog/9648.JPG,"119,126",kg,true
9666,Garrido Popcorn 1kg patlak misir,140,20,99999,Garrido,catalog/9666.JPG,"10,805",kg,true
9645,Garrido valkoisia papuja keitetty 570G,140,12,99999,Garrido,catalog/9645.JPG,"10,805",kg,true
5743,Gülcan Dut Kurusu mulperinmarjat 250g,140,18,99999,Gülcan,catalog/5743.JPG,"21,008",kg,true
124,Gülcan vihreitä linssejä 1kg,140,12,99999,Gülcan,catalog/124.JPG,"55,624",kg,true
157,"Gülcan vihreitä linssejä 2,5 kg",140,8,99999,Gülcan,catalog/157.JPG,"33,467",kg,true
6064,Gülcan Kuru Bezeliye 1kg vihreät herneet,140,12,99999,Gülcan,catalog/6064.JPG,"10,496",kg,true
166,"Gülcan punaiset linssit 2,5kg",142,0,99999,Gülcan,catalog/166.JPG,"35,013",kg,true
10089,Aksiyon Kikherneet 11-12 m  800g,144,20,99999,Aksiyon,catalog/10089.JPG,"11,424",kg,true
2897,Duru Kocbasi Nohut 1kg 9mm kikherneet,144,12,99999,Duru,catalog/2897.JPG,"48,671",kg,true
11480,Harmaat Kuivatut Kikherneet 9m 5kg,144,15,99999,Gray,catalog/11480.JPG,"26,264",kg,true
121,Gülcan Kuivatut Kikherneet 1kg TR 11-12mm,144,12,99999,Gülcan,catalog/121.JPG,"38,223",kg,true
164,"Gülcan Kuivatut Kikherneet 2,5 kg",144,20,99999,Gülcan,catalog/164.JPG,"16,989",kg,true
193,Gülcan Kuivatut Kikherneet 9m 5kg,144,15,99999,Gülcan,catalog/193.JPG,"0,000",kg,true
192,Gülcan Kuivatut Kikherneet TR 5kg,144,20,99999,Gülcan,catalog/192.JPG,"32,437",kg,true
2882,Gülcan Kuivatut herneet puolikkaat 1kg,144,20,99999,Gülcan,catalog/2882.JPG,"39,558",kg,true
6621,Gülcan Makeat Paahdetut Kikherneet 700g valkoinen,144,12,99999,Gülcan,catalog/6621.JPG,"32,830",kg,true
9576,Kikherneet 7mm 25kg pussi,144,25,99999,,catalog/9576.JPG,"23,172",kg,true
1123,"Gazi Ayran 1,75% 330ml T Pack Jogurttijuoma",145,18,99999,Gazi,catalog/1123.JPG,"42,485",kg,true
1125,Gazi Ayran 2% 250ml Jogurttijuoma,145,1,99999,Gazi,catalog/1125.JPG,"34,762",kg,true
1108,"Gazi Jogurtti 3,5% 1kg ämpäri",145,6,99999,Gazi,catalog/1108.JPG,"48,926",kg,true
1128,"Gazi Jogurtti 3,5% 3kg ämpäri",145,1,99999,Gazi,catalog/1128.JPG,"28,315",kg,true
1107,"Gazi Jogurtti 3,5% 500g kuppi",145,12,99999,Gazi,catalog/1107.JPG,"30,901",kg,true
1120,Gazi Kaymak 23% 170g Rahmerzeugnis,145,24,99999,Gazi,catalog/1120.JPG,"109,465",kg,true
5276,Gazi Kaymak Altin 200gr 23%,145,12,99999,Gazi,catalog/5276.JPG,"13,194",kg,true
1122,"Gazi Sut 1,5% 1 litra H-Milch fettarm Tetr",145,12,99999,Gazi,catalog/1122.JPG,"6,311",kg,true
1109,Gazi süzme Jogurtti 10% 1kg ämpäri,145,6,99999,Gazi,catalog/1109.JPG,"11,586",kg,true
4695,Gazi Süzme Jogurtti 10% 3kg ämpäri,145,1,99999,Gazi,catalog/4695.JPG,"4,379",kg,true
7130,Gazi Taze Peynir Labne 6x600ml ämpäri,145,6,99999,Gazi,catalog/7130.JPG,"12,351",kg,true
10456,Gazi Tereyag Voi 20x250g suolaamaton Sade,145,20,99999,Gazi,catalog/10456.JPG,"29,649",kg,true
10433,Gazi Tereyag Voi 454g suolaamaton Sade,145,12,99999,Gazi,catalog/10433.JPG,"15,443",kg,true
10457,Gazi Tereyag Voi suolattu 20x250g Tuzlu,145,20,99999,Gazi,catalog/10457.JPG,"15,134",kg,true
10434,Gazi Tereyag Voi suolattu 454g Tuzlu,145,12,99999,Gazi,catalog/10434.JPG,"13,132",kg,true
11216,"Alwand Ayran 1,5L",146,6,99999,Alwand,catalog/11216.JPG,"5,667",kg,true
11217,Alwand Ayran 500cc,146,12,99999,Alwand,catalog/11217.JPG,"23,953",kg,true
9691,Aseel Margariini 1kg vihannesten Ghee,146,12,99999,Aseel,catalog/9691.JPG,"54,079",kg,true
9690,Aseel Margariini 2Kg vihannesten Ghee,146,6,99999,Aseel,catalog/9690.JPG,"43,268",kg,true
9689,Aseel Margariini 4kg vihannesten Ghee,146,4,99999,Aseel,catalog/9689.JPG,"54,079",kg,true
9688,Aseel Margariini 500g vihannesten Ghee,146,24,99999,Aseel,catalog/9688.JPG,"43,268",kg,true
4832,Voi Ghee Gold Medal Annos 1600 g,146,8,99999,Gold Metal,catalog/4832.JPG,"15,837",kg,true
10014,Voi Ghee Gold Medal Annos 400g,146,24,99999,Gold Metal,catalog/10014.JPG,"16,989",kg,true
4831,Voi Ghee Gold Medal Annos 800g,146,12,99999,Gold Metal,catalog/4831.JPG,"54,089",kg,true
11561,Cerelac Hedelmät ja vehnä maitoa 400g,146,24,99999,Cerelac,catalog/11561.JPG,"54,870",kg,true
11560,Cerelac Riisi 3 Vilja 400g,146,24,99999,Cerelac,catalog/11560.JPG,"59,252",kg,true
11559,Cerelac Riisiä Maidolla 400g,146,24,99999,Cerelac,catalog/11559.JPG,"60,566",kg,true
11569,Completa maitojauhe 200g PET,146,12,99999,Completa,catalog/11569.JPG,"133,962",kg,true
1338,Grace kookosmaito 400ml,146,12,99999,Grace,catalog/1338.JPG,"108,178",kg,true
5403,Gri Jogurtti 5Kg,146,1,99999,Gri,catalog/5403.JPG,"106,648",kg,true
5247,GRI Jogurtti Proto 1 Kg,146,6,99999,Gri,catalog/5247.JPG,"108,178",kg,true
5293,GRI Jogurtti proto 10,146,1,99999,Gri,catalog/5293.JPG,"98,903",kg,true
10514,"Gülcan Ayran 20x0,25",146,1,99999,Gülcan,catalog/10514.JPG,"111,270",kg,true
11056,Khanum Voi Ghee 1 Kg,146,12,99999,Khanum,catalog/11056.JPG,"16,370",kg,true
11055,Khanum Voi Ghee 500g,146,12,99999,Khanum,catalog/11055.JPG,"15,443",kg,true
4758,Maitotiiviste 8% 397g,146,12,99999,Steinhauer,catalog/4758.JPG,"11,721",kg,true
1337,Maitotiiviste- makeutettu 8% 1L Annos,146,12,99999,Steinhauer,catalog/1337.JPG,"14,678",kg,true
9898,Kraft Salaatinkastike ranskalainen 1L FL,146,6,99999,Kraft,catalog/9898.JPG,"20,610",kg,true
2330,Kraft Salaatinkastike ranskalainen 5L KN,146,1,99999,Kraft,catalog/2330.JPG,"4,507",kg,true
9897,Kraft Salaatinkastike Italian 1L FL,146,6,99999,Kraft,catalog/9897.JPG,"108,193",kg,true
9725,Kraft Salaatinkastike Italian 5L KN,146,1,99999,Kraft,catalog/9725.JPG,"60,272",kg,true
2329,Kraft Salaatinkastike Joghurt 5L KN,146,1,99999,Kraft,catalog/2329.JPG,"13,897",kg,true
9958,Kraft Salaatinkastike Joghurt Yrttinen 1L,146,6,99999,Kraft,catalog/9958.JPG,"33,993",kg,true
7623,Naarmann Kastiketta 1L,146,12,99999,Naarmann,catalog/7623.JPG,"21,634",kg,true
7352,Naarmann Ruoanlaitto kerma 20% 1L,146,12,99999,Naarmann,catalog/7352.JPG,"17,518",kg,true
9876,Nestle Carnation Caramel 397g,146,6,99999,Nestle,catalog/9876.JPG,"21,634",kg,true
9877,Nestle Carnation maitotiiviste 410g,146,12,99999,Nestle,catalog/9877.JPG,"16,230",kg,true
11024,Nestle Cerelac Vehnä ja Banaani 400g,146,24,99999,Nestle,catalog/11024.JPG,"17,518",kg,true
11022,Nestle Cerelac Vehnä ja hunaja 400g,146,24,99999,Nestle,catalog/11022.JPG,"21,634",kg,true
11023,Nestle Cerelac Vehnä Maito 400g,146,24,99999,Nestle,catalog/11023.JPG,"49,451",kg,true
9875,Nestle Kaymak Maito 170g,146,48,99999,Nestle,catalog/9875.JPG,"31,829",kg,true
9874,Nestle maitotiiviste makea 397g,146,48,99999,Nestle,catalog/9874.JPG,"13,132",kg,true
1168,"Ömür Ciftlik jogurtti 3,5% 1kg Natur",146,6,99999,Ömur,catalog/1168.JPG,"22,554",kg,true
4882,"Omur jogurtti 3,5% 2,5 kg",146,1,99999,Ömur,catalog/4882.JPG,"95,811",kg,true
1169,Ömür Süzme jogurtti 10% 1 kg bucket cream,146,6,99999,Ömur,catalog/1169.JPG,"89,628",kg,true
5529,"Pinar Becher Ayran 20x0,25ml",146,1,99999,Pinar,catalog/5529.JPG,"89,628",kg,true
2359,Pinar jogurtti 10% 1kg ämpäri,146,6,99999,Pinar,catalog/2359.JPG,"59,298",kg,true
2241,"Pinar jogurtti 3,5% 1kg",146,6,99999,Pinar,catalog/2241.JPG,"92,689",kg,true
2059,Pomberg Tzatziki 3kg ämpäri,146,1,99999,Pomberg,catalog/2059.JPG,"10,659",kg,true
11994,Sandra Labneh 1kg 15% Jogurtti,146,8,99999,Sandra,catalog/11994.JPG,"3,799",kg,true
9885,Suree Kokosmilch 400ml 8-10% Fett,146,24,99999,Suree,catalog/9885.JPG,"12,359",kg,true
3328,Yayla Kaymak 23% 170g,146,24,99999,Yayla,catalog/3328.JPG,"6,311",kg,true
625,Sütdiyari Kaymak 23% 170g,147,24,99999,Sütdiyari,catalog/625.JPG,"12,359",kg,true
6844,Bagazi Juusto 55% 400g dose,149,6,99999,Gazi,catalog/6844.JPG,"10,040",kg,true
6845,Bagazi Juusto 55% 800g dose,149,6,99999,Gazi,catalog/6845.JPG,"9,274",kg,true
2225,Gazi Ayran 1L Yoghurt drink,149,10,99999,Gazi,catalog/2225.JPG,"9,265",kg,true
1141,Gazi Cecil Pey Zupfkäse geschn. 400g suolakurkku,149,6,99999,Gazi,catalog/1141.JPG,"35,833",kg,true
1067,Gazi Ciftlik Peynir 45% 500g dose,149,6,99999,Gazi,catalog/1067.JPG,"30,268",kg,true
1068,Gazi Ciftlik Peynir 55% 500g dose,149,6,99999,Gazi,catalog/1068.JPG,"98,903",kg,true
1070,Gazi Ciftlik Peynir 60% 500g dose,149,6,99999,Gazi,catalog/1070.JPG,"42,503",kg,true
5976,Gazi Grill-Pfannenk. 200g Natur,149,12,99999,Gazi,catalog/5976.JPG,"9,267",kg,true
5711,Gazi Grill-Pfannenk. Chilli 200gr,149,12,99999,Gazi,catalog/5711.JPG,"43,786",kg,true
5977,Gazi Grill-Pfannenk. yrteillä 200g,149,12,99999,Gazi,catalog/5977.JPG,"23,953",kg,true
1097,Gazi Hellim 45% 250g täysin rasvainen / juusto,149,10,99999,Gazi,catalog/1097.JPG,"24,726",kg,true
4179,Gazi Hirtenkäse 200g 30% Light,149,12,99999,Gazi,catalog/4179.JPG,"25,499",kg,true
1118,Gazi Hirtenkase 200g 45% vakum 12er,149,12,99999,Gazi,catalog/1118.JPG,"13,596",kg,true
5697,Gazi Hirtenkäse 200g 45% vakum 24er,149,24,99999,Gazi,catalog/5697.JPG,"27,191",kg,true
4698,Gazi Hirtenkäse 45% OL + Kräuter 375g,149,6,99999,Gazi,catalog/4698.JPG,"27,191",kg,true
5712,Gazi Hirtenkäse GEW. 45% 2Kg ämpäri,149,2,99999,Gazi,catalog/5712.JPG,"29,356",kg,true
4699,Gazi Hirtenkäse Öljy + Yrttejä + Oliiveja 375g,149,6,99999,Gazi,catalog/4699.JPG,"12,354",kg,true
6315,Gazi Kasar 45% 125g viipaletta,149,10,99999,Gazi,catalog/6315.JPG,"15,443",kg,true
1098,Gazi Kasar Peynir 45% 250g Stück,149,14,99999,Gazi,catalog/1098.JPG,"14,825",kg,true
11126,Gazi Kasar Peynir 45% 400g,149,12,99999,Gazi,catalog/11126.JPG,"52,528",kg,true
10516,Gazi Kasar Peynir 45% 800g,149,12,99999,Gazi,catalog/10516.JPG,"40,184",kg,true
2879,Gazi Kashkaval 45% 600g Rulo Stange Schnittkäse,149,9,99999,Gazi,catalog/2879.JPG,"4,635",kg,true
7162,Gazi KECI Peynir 180g 50% vakum Ziegenkäse,149,14,99999,Gazi,catalog/7162.JPG,"11,586",kg,true
1093,Gazi KECI Peynir 50% 400g Annos Ziegenkäse,149,6,99999,Gazi,catalog/1093.JPG,"23,175",kg,true
1094,Gazi KECI Peynir 50% 800g Annos Ziegenkäse,149,6,99999,Gazi,catalog/1094.JPG,"48,676",kg,true
1134,Gazi Koyun Peynir 50% 800g Annos,149,6,99999,Gazi,catalog/1134.JPG,"75,731",kg,true
1136,Gazi Koyun Peyniri 50% 200g Vakum,149,12,99999,Gazi,catalog/1136.JPG,"58,726",kg,true
1138,Gazi Koyun Peyniri 50% 400g Annos,149,6,99999,Gazi,catalog/1138.JPG,"17,379",kg,true
8800,Gazi Laktosefrei 55% Peynir 800g Annostus Salzlage,149,6,99999,Gazi,catalog/8800.JPG,"75,728",kg,true
8802,"Gazi Laktosefrei Joghurt 3,5% 1kg",149,6,99999,Gazi,catalog/8802.JPG,"55,643",kg,true
8803,Gazi Laktozsuz Kasar peynir 400g,149,12,99999,Gazi,catalog/8803.JPG,"52,551",kg,true
8801,Gazi Laktozsuz peynir 55% 500g Annos,149,6,99999,Gazi,catalog/8801.JPG,"11,586",kg,true
1091,Gazi Orgu Peynir 40% 20x250g Vak 5Kg Zopfkäse,149,5,99999,Gazi,catalog/1091.JPG,"58,726",kg,true
2494,Gazi Orgu Yumak Peynir 40% 20x200g Vak Zopfkäse,149,4,99999,Gazi,catalog/2494.JPG,"40,184",kg,true
10978,Gazi Peynir 45% 800g,149,6,99999,Gazi,catalog/10978.JPG,"12,359",kg,true
1086,Gazi Peynir 45% 15kg ämpäri,149,15,99999,Gazi,catalog/1086.JPG,"26,272",kg,true
1088,Gazi Peynir 55% 14kg KN,149,14,99999,Gazi,catalog/1088.JPG,"55,635",kg,true
1076,Gazi Peynir 55% 800g Annos,149,6,99999,Gazi,catalog/1076.JPG,"63,372",kg,true
10979,Gazi Peynir 60% 800g,149,6,99999,Gazi,catalog/10979.JPG,"52,166",kg,true
1111,Gazi Sürme Peyniri 200g tuorejuusto,149,12,99999,Gazi,catalog/1111.JPG,"22,667",kg,true
1095,Gazi Tulum Juusto 45% 400g paimentolais juusto,149,8,99999,Gazi,catalog/1095.JPG,"35,547",kg,true
1096,Gazi Tulum Juusto 45% 900g paimentolais juusto,149,6,99999,Gazi,catalog/1096.JPG,"125,580",kg,true
1117,GaziLight Peynir 30% 500g voi,149,6,99999,Gazi,catalog/1117.JPG,"99,173",kg,true
5306,Gülcan Börek Peynir Combi 800g,150,6,99999,Gülcan,catalog/5306.JPG,"33,692",kg,true
7593,Gülcan Cecil Peynir 1kg Juusto,150,2,99999,Gülcan,catalog/7593.JPG,"6,949",kg,true
7594,Gülcan Cecil Peynir 250g,150,24,99999,Gülcan,catalog/7594.JPG,"49,451",kg,true
10523,Gülcan Cecil Peynir 400g lasi,150,12,99999,Gülcan,catalog/10523.JPG,"55,640",kg,true
1147,Gülcan Coban Peynir Hirtenkäse 200g Vak suolavedessä,150,12,99999,Gülcan,catalog/1147.JPG,"24,726",kg,true
2209,Gülcan Coban Peynir Hirtenkäse 400g kuori suolavedessä,150,9,99999,Gülcan,catalog/2209.JPG,"16,997",kg,true
4549,Gülcan Coban Peynir Hirtenkäse 800g kuori suolavedessä,150,6,99999,Gülcan,catalog/4549.JPG,"67,236",kg,true
11240,Gülcan Cökelek 320g tuorejuustoa lasi,150,12,99999,Gülcan,catalog/11240.JPG,"6,181",kg,true
11236,Gülcan Cökelek 640g tuorejuustoa lasi,150,12,99999,Gülcan,catalog/11236.JPG,"114,361",kg,true
10524,Gülcan Cow Labneh vihreät oliivit 425g Gl,150,12,99999,Gülcan,catalog/10524.JPG,"18,535",kg,true
10161,Gülcan Cow Labneh Kekik / Timjami 425g,150,12,99999,Gülcan,catalog/10161.JPG,"38,631",kg,true
7588,Gülcan Helim Peynir juusto 225g,150,24,99999,Gülcan,catalog/7588.JPG,"47,523",kg,true
9196,Gülcan Izmir Tulum Peynir 48% 300g,150,16,99999,Gülcan,catalog/9196.JPG,"13,905",kg,true
6057,Gülcan Kasar Peynir 350g juustoa,150,12,99999,Gülcan,catalog/6057.JPG,"46,360",kg,true
6058,Gülcan Kasar Peynir 700g juustoa,150,12,99999,Gülcan,catalog/6058.JPG,"54,089",kg,true
2210,Gülcan KECI Peynir vuohenjuustoa 200g Vak suolavedessä,150,12,99999,Gülcan,catalog/2210.JPG,"50,997",kg,true
2206,Gülcan KECI Peyniri vuohenjuustoa 400g kuori suolavedessä,150,9,99999,Gülcan,catalog/2206.JPG,"26,264",kg,true
2207,Gülcan KECI Peynir vuohenjuustoa 800g cup Salzlakake,150,6,99999,Gülcan,catalog/2207.JPG,"58,711",kg,true
4956,Gülcan Kombi juusto 40% 16kg punainen / Peynir,150,1,99999,Gülcan,catalog/4956.JPG,"41,202",kg,true
4957,Gülcan Kombi juusto 55% 16kg sininen / Peynir,150,1,99999,Gülcan,catalog/4957.JPG,"58,726",kg,true
7883,Gülcan Koyun Peynir 300g fetajuustoa,150,12,99999,Gülcan,catalog/7883.JPG,"24,718",kg,true
2876,Gülcan Koyun Peynir lampaanjuustoa 200g Vak suolavedessä,150,12,99999,Gülcan,catalog/2876.JPG,"46,360",kg,true
2208,Gülcan Koyun Peynir lampaanjuustoa 400g kuori suolavedessä,150,9,99999,Gülcan,catalog/2208.JPG,"59,117",kg,true
7586,Gülcan Koyun Peynir lampaanjuustoa 800g kuori suolavedessä,150,6,99999,Gülcan,catalog/7586.JPG,"221,820",kg,true
11845,Gülcan Krem Peynir 50% 16kg juusto kapselin,150,16,99999,Gülcan,catalog/11845.JPG,"36,068",kg,true
7596,Gülcan Labneh Peynir 425g juusto /lasi,150,12,99999,Gülcan,catalog/7596.JPG,"2,446",kg,true
7597,Gülcan Labneh Peynir 425g juusto Peper /lasi,150,12,99999,Gülcan,catalog/7597.JPG,"24,718",kg,true
7587,Gülcan Midyat Peynir Akkawi 1kg lasi,150,2,99999,Gülcan,catalog/7587.JPG,"43,268",kg,true
10522,Gülcan Midyat Peynir Akkawi 400g lasi,150,12,99999,Gülcan,catalog/10522.JPG,"59,117",kg,true
10998,Gülcan Nabulsi kumina Peynir 1kg lasi,150,2,99999,Gülcan,catalog/10998.JPG,"23,180",kg,true
10519,Gülcan Nabulsi kumina Peynir 400g lasi,150,12,99999,Gülcan,catalog/10519.JPG,"63,874",kg,true
5483,Gülcan Orgu Peynir Majdoulle 1kg lasi,150,2,99999,Gülcan,catalog/5483.JPG,"50,997",kg,true
10520,Gülcan Orgu Peynir Majdoulle 400g lasi,150,12,99999,Gülcan,catalog/10520.JPG,"92,735",kg,true
10994,Gülcan Peynir 800g 50% Süzme Krem Beyaz Vihreä,150,6,99999,Gülcan,catalog/10994.JPG,"6,593",kg,true
7254,Gülcan Peynir 800g 55% juusto sininen / Piknik,150,6,99999,Gülcan,catalog/7254.JPG,"92,735",kg,true
9566,Gülcan Peynir 800g 60% juustoa Punainen,150,6,99999,Gülcan,catalog/9566.JPG,"6,593",kg,true
7598,Gülcan Yumak Peynir Mechalale 1Kg Glas,150,2,99999,Gülcan,catalog/7598.JPG,"134,473",kg,true
7592,Gülcan Yumak Peynir Mechalale 250g Vak,150,24,99999,Gülcan,catalog/7592.JPG,"9,530",kg,true
10521,Gülcan Yumak Peynir Meshalale 400g Glas,150,12,99999,Gülcan,catalog/10521.JPG,"41,722",kg,true
10159,GülcanLabneh mint peynir 425g,150,12,99999,Gülcan,catalog/10159.JPG,"24,726",kg,true
9543,Lavache quirit Enkel 140gr.,150,16,99999,Gülcan,catalog/9543.JPG,"24,726",kg,true
9152,Lorena Börek Peynir 16Kg 40+,150,1,99999,Gülcan,catalog/9152.JPG,"67,236",kg,true
11117,Lorena Danisch Super White 20% 1x4Kg,150,1,99999,Gülcan,catalog/11117.JPG,"6,181",kg,true
11815,Nergiz Aksiyon 800g Tam Yagli Sultanlari Peynir,150,6,99999,Gülcan,catalog/11815.JPG,"111,270",kg,true
11814,Nergiz Aksiyon Kombi Beyaz Käse Peynir 800g,150,6,99999,Gülcan,catalog/11814.JPG,"50,997",kg,true
2242,Bulgar Feta Käse Bulgarischer Art 1kg,151,6,99999,Bulgarevo,catalog/2242.JPG,"16,989",kg,true
1170,Bulgar Koyun Peynir Schafkäse 800g Dose in Salzlake Tin,151,8,99999,Bulgaria,catalog/1170.JPG,"560,604",kg,true
1145,Bulgar Peynir Combi 14Kg Tnk,151,14,99999,Bulgaria,catalog/1145.JPG,"11,335",kg,true
10350,Burcu Ciftlik Beyaz Peynir 60% 800g Rot Piknik,151,6,99999,Burcu,catalog/10350.JPG,"4,250",kg,true
10349,Burcu Combi Börek Peynir 20% 800g blau Danish White,151,6,99999,Burcu,catalog/10349.JPG,"15,451",kg,true
2877,Cemen koc sürme 250g,151,16,99999,Cemen,catalog/2877.JPG,"42,503",kg,true
5987,Ciftci Örgü Zopfkäse 400g,151,6,99999,Cifitci,catalog/5987.JPG,"41,730",kg,true
10712,"Dodoni Fetakäse 12,5 - 14,5 Kg Kanister",151,13,99999,Dodoni,catalog/10712.JPG,"59,762",kg,true
2272,Dodoni Fetakäse 1kg Vacum,151,6,99999,Dodoni,catalog/2272.JPG,"54,086",kg,true
2871,Dodoni Fetakäse 200g Vakum,151,16,99999,Dodoni,catalog/2871.JPG,"16,224",kg,true
10711,Dodoni Fetakäse 400g Schale,151,12,99999,Dodoni,catalog/10711.JPG,"10,813",kg,true
4886,Erzurum 55% Käse 800gr,151,6,99999,Erzurum,catalog/4886.JPG,"82,424",kg,true
7322,Erzurum 45% Käse 800g,151,6,99999,Erzurum,catalog/7322.JPG,"54,097",kg,true
4887,Erzurum 60% Käse 800gr,151,6,99999,Erzurum,catalog/4887.JPG,"122,233",kg,true
9342,Erzurum Kashk. 45% 800g vak.,151,4,99999,Erzurum,catalog/9342.JPG,"13,905",kg,true
10136,Erzurum Schafskäse 800g Dose koyun,151,6,99999,Erzurum,catalog/10136.JPG,"72,119",kg,true
11737,Happy Cow juusto 120g Koe Kaas,151,48,99999,Happy Cow,catalog/11737.JPG,"50,997",kg,true
4087,Happy Cow Kaas 2kg lehmänjuusto Blik,151,10,99999,Happy Cow,catalog/4087.JPG,"25,499",kg,true
1173,Happy Cow Kaas Blik 340g,151,24,99999,Happy Cow,catalog/1173.JPG,"25,499",kg,true
12106,Istanbul Kaymak 200g,151,24,99999,Istanbul,catalog/12106.JPG,"35,547",kg,true
11686,Istanbul Labneh kermajuusto 180g raejuusto,151,12,99999,Istanbul,catalog/11686.JPG,"32,457",kg,true
6957,Kiri Juusto 6er 120g,151,10,99999,Kiri,catalog/6957.JPG,"8,185",kg,true
11738,Kraft Cheddar Juusto 200g,151,36,99999,Kraft,catalog/11738.JPG,"556,441",kg,true
7055,Nefis Erzincan Vuohenjuustoa 3150g PET,151,4,99999,Nefis,catalog/7055.JPG,"32,965",kg,true
11995,Nefis Erzincan Vuohenjuustoa 400g PET,151,6,99999,Nefis,catalog/11995.JPG,"30,268",kg,true
2872,Oba krem valkoinen juusto 16kg KN sininen,151,16,99999,Oba,catalog/2872.JPG,"29,649",kg,true
2400,Oba Combi valkoinen juusto 40% rasvaa 16kg KN,151,1,99999,Oba,catalog/2400.JPG,"17,916",kg,true
4217,Oba Combi Peynir 4kg 40% Böreklik valkoinen,151,1,99999,Oba,catalog/4217.JPG,"33,480",kg,true
9832,Oba Dombili Combi 15kg Kanisteri,151,1,99999,Oba,catalog/9832.JPG,"834,707",kg,true
3176,Oba Dombili Combi 500g Kerma vaaleansininen,151,12,99999,Oba,catalog/3176.JPG,"17,772",kg,true
11337,Oba Krem Peynir 40% Juusto kulho 400g,151,6,99999,Oba,catalog/11337.JPG,"27,817",kg,true
11338,Oba Krem Peynir 40% Juusto Kulho 700g,151,6,99999,Oba,catalog/11338.JPG,"618,315",kg,true
11662,"Oba Lucky Cow 200g tetra pakkaus saksalainen valkoinen Combi 5,4Kg",151,27,99999,Lucky Cow,catalog/11662.JPG,"12,752",kg,true
3322,Oba Lucky Cow 500g tetra pack saksalainen valkoinen Combi,151,12,99999,Lucky Cow,catalog/3322.JPG,"35,424",kg,true
9831,Oba Peynir 800g 45% Tölkki Valkojuusto,151,6,99999,Oba,catalog/9831.JPG,"1,287",kg,true
5260,Oba Peynir 800g 55% Juusto,151,6,99999,Oba,catalog/5260.JPG,"33,993",kg,true
5261,Oba Peynir 800g 60% Tölkki Valkojuusto,151,6,99999,Oba,catalog/5261.JPG,"23,180",kg,true
5117,Ömür Böreklik Peynir 50% 800g Tölkki Juusto suolavedessä,151,6,99999,Ömur,catalog/5117.JPG,"5,403",kg,true
4972,Omur Peynir 40% 800g,151,6,99999,Ömur,catalog/4972.JPG,"57,355",kg,true
2449,Ömür Peynir 55% 800g Tölkki Juusto,151,6,99999,Ömur,catalog/2449.JPG,"49,451",kg,true
4784,Ömür Peynir 60% 800g Tölkki Juusto,151,6,99999,Ömur,catalog/4784.JPG,"24,726",kg,true
1174,Öz Kayseri Pastirmal Dilim Peynir 150g,151,12,99999,Öz,catalog/1174.JPG,"24,726",kg,true
1178,Öz Kayseri Pastirmal Sürme Peynir 140g,151,12,99999,Öz,catalog/1178.JPG,"22,407",kg,true
646,Patria Halloumi 250g,151,10,99999,Patria,catalog/646.JPG,"30,136",kg,true
2530,Peynir Mayasi Käsehefe,151,12,99999,Peynir,catalog/2530.JPG,"31,682",kg,true
10016,Puck Kaymak 170g Kermainen,151,48,99999,Puck,catalog/10016.JPG,"27,817",kg,true
4116,Puck Peynir 240g,151,24,99999,Puck,catalog/4116.JPG,"11,586",kg,true
3311,Puck Peynir 500g surme,151,6,99999,Puck,catalog/3311.JPG,"23,172",kg,true
11400,Puck Peynir 500g tetra pakkaus,151,24,99999,Puck,catalog/11400.JPG,"38,631",kg,true
10017,Puck Peynir 910g,151,6,99999,Puck,catalog/10017.JPG,"18,795",kg,true
2566,Puma Combi MD 16kg KN rot,151,1,99999,Puma,catalog/2566.JPG,"11,733",kg,true
2567,Puma Combi Peynir 16kg KN vihreä,151,1,99999,Puma,catalog/2567.JPG,"96,399",kg,true
9833,Sharri tuorejuusto 55% 800g Can,151,6,99999,Sharri,catalog/9833.JPG,"74,169",kg,true
10805,Sharri Whitecheese 60% 800g Can,151,6,99999,Sharri,catalog/10805.JPG,"15,914",kg,true
7054,Super Cökelek 400gr tuorejuusto,151,15,99999,Super,catalog/7054.JPG,"139,095",kg,true
7113,"Wermio Feta-juusto 13,7Kg wermio",151,13,99999,Wermio,catalog/7113.JPG,"264,331",kg,true
10869,Ammerland Edamer 40% 15 kg Block,152,15,99999,Ammerland,catalog/10869.JPG,"61,832",kg,true
10870,Ammerland Gouda 48% ca. 15kg Block,152,15,99999,Ammerland,catalog/10870.JPG,"5,280",kg,true
5894,Dodoni feta 1kg muoviastiassa,152,6,99999,Dodoni,catalog/5894.JPG,"34,001",kg,true
11245,Filet-Gouda 48% 1 kg Ammerländer,152,6,99999,Ammerland,catalog/11245.JPG,"18,542",kg,true
11130,Gouda 48% Ammerland 500g viipaleita,152,12,99999,Ammerland,catalog/11130.JPG,"111,281",kg,true
9372,Kraats Gouda Juusto raastettua 1kg,152,10,99999,Kraats,catalog/9372.JPG,"43,524",kg,true
6481,Kraats Gouda Slice 48% rasvaa 1kg,152,6,99999,Kraats,catalog/6481.JPG,"50,220",kg,true
6482,Kraats Gouda Slice 48% rasvaa 500g,152,12,99999,Kraats,catalog/6482.JPG,"146,835",kg,true
2068,Milram Gouda 48% n 15kg Block,152,15,99999,Milram,catalog/2068.JPG,"29,363",kg,true
11987,Safak Gouda Juusto raastettu 200g Pizzajuusto,152,20,99999,Safak,catalog/11987.JPG,"15,451",kg,true
11986,Safak Gouda Viipaleet 200g,152,25,99999,Safak,catalog/11986.JPG,"58,726",kg,true
11985,Safak Gouda Viipaleet 500g,152,12,99999,Safak,catalog/11985.JPG,"48,939",kg,true
11984,Safak Gouda Viipaleet 800g,152,6,99999,Safak,catalog/11984.JPG,"15,451",kg,true
2529,Nefis Bulgarian Juusto 800g Can,153,6,99999,Nefis,catalog/2529.JPG,"52,543",kg,true
4855,Nefis Erzincan Tulum 850gr PET,153,6,99999,Nefis,catalog/4855.JPG,"14,666",kg,true
4856,Nefis Classic valkoinen juusto 55% 800gr,153,6,99999,Nefis,catalog/4856.JPG,"28,315",kg,true
4852,Nefis Classic valkoinen juusto 60% 800gr,153,6,99999,Nefis,catalog/4852.JPG,"67,598",kg,true
4859,Nefis Maalais Juusto 800gr,153,6,99999,Nefis,catalog/4859.JPG,"47,906",kg,true
4854,Nefis Tanko Juusto 500g,153,6,99999,Nefis,catalog/4854.JPG,"32,455",kg,true
11042,Nefis Juusto 55% 800g Lokum,153,6,99999,Nefis,catalog/11042.JPG,"45,595",kg,true
9816,Nefis Juusto 60% 800g Lokum,153,6,99999,Nefis,catalog/9816.JPG,"27,044",kg,true
11044,Nefis Valkoinen Täysirasvainen tuorejuusto 800g,153,6,99999,Nefis,catalog/11044.JPG,"26,272",kg,true
2527,Nefis rasvainen Juusto 6x800g,153,6,99999,Nefis,catalog/2527.JPG,"26,272",kg,true
2525,Nefis Van Otlu Peynir 6x800g Can,153,6,99999,Nefis,catalog/2525.JPG,"36,320",kg,true
2231,Pinar Börek Peynir 800g Tölkki Juusto,154,6,99999,Pinar,catalog/2231.JPG,"27,044",kg,true
2243,Pinar tuorejuusto 200g,154,10,99999,Pinar,catalog/2243.JPG,"27,044",kg,true
9243,"Pinar H-Vollmilch 3,5% 12er",154,12,99999,Pinar,catalog/9243.JPG,"27,044",kg,true
7115,"Pinar H-Vollmilch 3,5% 6er",154,6,99999,Pinar,catalog/7115.JPG,"27,044",kg,true
2554,Pinar Laatikko Juusto 250g,154,24,99999,Pinar,catalog/2554.JPG,"41,730",kg,true
2227,Pinar Laatikko Juusto 400g,154,12,99999,Pinar,catalog/2227.JPG,"34,774",kg,true
2228,Pinar Laatikko Juusto 800g,154,12,99999,Pinar,catalog/2228.JPG,"7,721",kg,true
4656,Pinar KECI Peynir 400g vuohenjuustoa,154,6,99999,Pinar,catalog/4656.JPG,"10,293",kg,true
4655,Pinar KECI Peynir 800g vuohenjuustoa,154,6,99999,Pinar,catalog/4655.JPG,"9,260",kg,true
4658,Pinar Koyun Peynir 400g fetajuustoa,154,6,99999,Pinar,catalog/4658.JPG,"13,905",kg,true
4657,Pinar Koyun Peynir 800g fetajuustoa,154,6,99999,Pinar,catalog/4657.JPG,"74,169",kg,true
6750,Pinar Juusto 45% 800g,154,6,99999,Pinar,catalog/6750.JPG,"64,910",kg,true
6751,Pinar Juusto 55% 800g,154,6,99999,Pinar,catalog/6751.JPG,"63,364",kg,true
6752,Pinar Juusto 60% 800g,154,6,99999,Pinar,catalog/6752.JPG,"54,097",kg,true
2229,Pinar rasvainen juusto 1kg pehmeä juusto,154,6,99999,Pinar,catalog/2229.JPG,"31,682",kg,true
2230,Pinar rasvainen juusto 500g,154,12,99999,Pinar,catalog/2230.JPG,"55,643",kg,true
1758,Yayla Maalais Juusto 45% 800gr,155,6,99999,Yayla,catalog/1758.JPG,"25,499",kg,true
1764,Yayla Maalais Juusto 55% 800g,155,6,99999,Yayla,catalog/1764.JPG,"25,499",kg,true
1765,Yayla Maalais Juusto 60% 800g,155,6,99999,Yayla,catalog/1765.JPG,"25,499",kg,true
1767,Yayla Erzincan Tulum Peynir 500g,155,12,99999,Yayla,catalog/1767.JPG,"40,184",kg,true
1811,Yayla Mini Makkara 30g,155,40,99999,Yayla,catalog/1811.JPG,"26,272",kg,true
1747,Yayla Taze Sürme Peynir 200g tuorejuustoa,155,12,99999,Yayla,catalog/1747.JPG,"54,089",kg,true
3883,Aksiyon SB Kerne 250g,157,24,99999,Aksiyon,catalog/3883.JPG,"27,817",kg,true
7255,Al Samir Vesimelonin siemenet 300g Valkoinen,157,50,99999,Al Samir,catalog/7075.JPG,"33,228",kg,true
7075,Al Samir Vesimelonin siemenet 300g,157,80,99999,Al Samir,catalog/215.JPG,"10,805",kg,true
215,Al Samir KB Kerner 300g kurpitsansiemeniä,157,50,99999,Al Samir,catalog/219.JPG,"66,935",kg,true
219,Gülcan Alaca SB Kerner 700g Aycekird,157,12,99999,Gülcan,catalog/4347.JPG,"13,279",kg,true
4347,Gülcan Edirne Valkoisia Kurpitsansiemeniä 400g,157,24,99999,Gülcan,catalog/213.JPG,"67,986",kg,true
213,Gülcan Edirne Kav kb Suolattuja Siemeniä 400g,157,24,99999,Gülcan,catalog/3904.JPG,"0,000",kg,true
3904,Gülcan Edirne KB cekirdeki 600g kavr,157,12,99999,Gülcan,catalog/11527.JPG,"141,638",kg,true
11527,Gülcan Vesimelonin siemenet 400g,157,24,99999,Karpuz,catalog/11528.JPG,"206,009",kg,true
11528,Gülcan Vesimelonin siemenet 700g,157,12,99999,Karpuz,catalog/11529.JPG,"128,756",kg,true
11529,Gülcan Vesimelonin siemenet kastike 350g,157,24,99999,Karpuz,catalog/11530.JPG,"60,272",kg,true
11530,Gülcan Vesimelonin siemenet kastike 700g,157,12,99999,Karpuz,catalog/214.JPG,"49,436",kg,true
214,Gülcan KB Kerner 700g kurpitsansiemeniä valkoinen Edirne,157,12,99999,Gülcan,catalog/6314.JPG,"83,444",kg,true
6314,Gülcan Nevsehir 400g valkoinen siemen,157,24,99999,Gülcan,catalog/211.JPG,"24,718",kg,true
211,Gülcan Nevsehir KB Kerne m Salz 600g keltainen,157,12,99999,Gülcan,catalog/2052.JPG,"86,536",kg,true
2052,Gülcan Nevsehir KB Siemenet suolattu 700g White,157,12,99999,Gülcan,catalog/212.JPG,"50,997",kg,true
212,Gülcan Nevsehir KB Kerner kavr 400g,157,24,99999,Gülcan,catalog/6312.JPG,"80,353",kg,true
6312,Gülcan SB Kerne 350g Aycekirdek ala,157,24,99999,Gülcan,catalog/3076.JPG,"68,002",kg,true
3076,Gülcan SB Kerner 400g Auringonkukansiemenet Espanja,157,24,99999,Gülcan,catalog/3283.JPG,"68,002",kg,true
3283,Gülcan SB Kerner 700g Ay Cekir Siyah,157,12,99999,Gülcan,catalog/6620.JPG,"80,353",kg,true
6620,Gülcan SB Mustat auringonkukansiemenet 350g,157,24,99999,Gülcan,catalog/2726.JPG,"20,080",kg,true
2726,Gülcan sp SB Kerner 800g Auringonkukansiemenet suolattu,157,12,99999,Gülcan,catalog/2958.JPG,"15,134",kg,true
2958,Kalinka graue SB Kerner Ochotnik 350g,157,22,99999,Kalinka,catalog/4168.JPG,"76,024",kg,true
4168,Kalinka Haci Baba Galaxi Auringonkukansiemenet 180g,157,12,99999,Kalinka,catalog/11293.JPG,"38,924",kg,true
11293,Kalinka Kreta 285g Auringonkukansiemenet,157,12,99999,Kalinka,catalog/10171.JPG,"55,619",kg,true
10171,Kalinka Kurpitsansiemeniä Saloniki 275g,157,20,99999,Kalinka,catalog/149.JPG,"20,080",kg,true
149,Kalinka Saloniki 275 Auringonkukansiemenet,157,16,99999,Kalinka,catalog/2731.JPG,"26,558",kg,true
2731,Kalinka Auringonkukansiemenet Simitisin 300g,157,12,99999,Kalinka,catalog/2011.JPG,"18,535",kg,true
2011,Karpuz Cekirdek 5kg Vesimelonisiemenet Roh,157,3,99999,,catalog/2012.JPG,"65,155",kg,true
2012,Kavun Cekirdek 10kg Hunajamelonisiemenet,157,1,99999,,catalog/3763.JPG,"16,370",kg,true
3763,Kürbiskerne 25Kg Kurpitsansiemeniä,157,25,99999,,catalog/7706.JPG,"20,080",kg,true
7706,Auringonkukansiemenet lose 25Kg Aycekirdek,157,25,99999,Argensun,catalog/2029.JPG,"440,539",kg,true
2029,Auringonkukansiemenet lose 35kg Aycekirdek,157,35,99999,,catalog/9514.JPG,"455,487",kg,true
9514,USA Siemenet 20kg Säkki xl,157,20,99999,Argesun,catalog/11153.JPG,"71,093",kg,true
11153,Zalin Falafel 1kg TK,157,8,99999,Zalin,catalog/7233.JPG,"12,363",kg,true
7233,Zalin Vesimeloni siemenet 350g Paahdettu,157,24,99999,Zalin,catalog/4612.JPG,"4,121",kg,true
4612,Zalin Vesimeloni siemenet 700g,157,12,99999,Zalin,catalog/8716.JPG,"106,244",kg,true
8716,Zalin Vesimeloni siemenet 700g Paahdettu,157,12,99999,Zalin,catalog/262.JPG,"202,859",kg,true
262,Kelia Saladitos 450g Altramuces,158,10,99999,Sti,catalog/261.JPG,"220,881",kg,true
261,Kelia Saladitos 800g Altramuces,158,6,99999,Sti,catalog/11160.JPG,"103,030",kg,true
11160,Sti Banaani viipaleita hunajalla 250g,158,12,99999,Sti,catalog/9802.JPG,"28,845",kg,true
9802,Sti Pähkinät ilman kuoria 250g,158,12,99999,Sti,catalog/10688.JPG,"30,886",kg,true
10688,Sti kurpitsansiemeniä 800g Paahdettu,158,10,99999,Sti,catalog/2465.JPG,"23,172",kg,true
2465,Sti kurpitsansiemeniä 400g Paahdettu,158,20,99999,Sti,catalog/2834.JPG,"15,443",kg,true
2834,Sti Maissi Grilli 800g,158,12,99999,Sti,catalog/6517.JPG,"10,293",kg,true
6517,Sti Maissi Grilli 400g,158,22,99999,Sti,catalog/2463.JPG,"23,180",kg,true
2463,Sti Maissi paahdettu 100g,158,24,99999,Sti,catalog/2464.JPG,"26,264",kg,true
2464,Sti Maissi paahdettu 250g,158,12,99999,Sti,catalog/260.JPG,"30,901",kg,true
260,Sti Maissi paahdettu&suolattu 5kg,158,4,99999,Sti,catalog/9801.JPG,"15,446",kg,true
9801,Sti Mix Special 250g,158,12,99999,Sti,catalog/265.JPG,"10,280",kg,true
265,Sti SB Siemenet 100g Auringonkukka,158,24,99999,Sti,catalog/266.JPG,"11,733",kg,true
266,Sti SB Siemenet 250g Auringonkukka,158,12,99999,Sti,catalog/534.JPG,"314,550",kg,true
534,Sti SB Siemenet 5kg Auringonkukka,158,4,99999,Sti,catalog/268.JPG,"26,558",kg,true
268,Sti SB Siemenet suolatut 400g Paahdettuja auringonkukansiemeniä,158,18,99999,Sti,catalog/267.JPG,"6,632",kg,true
267,Sti SB Kerne m salz 800g Paahdettuja auringonkukansiemeniä,158,10,99999,Sti,catalog/269.JPG,"2,576",kg,true
269,Sti SB Kerner o Salz 400g Auringonkukansiemenet,158,18,99999,Sti,catalog/270.JPG,"1,546",kg,true
270,Sti SB Kerner o Salz 800g Auringonkukansiemenet,158,10,99999,Sti,catalog/5579.JPG,"3,092",kg,true
5579,AKFA Barbunya Haslama Can 1 Kg,160,24,99999,Akfa,catalog/5582.JPG,"11,733",kg,true
5582,AKFA bezelye 72cc lasi,160,12,99999,Akfa,catalog/11367.JPG,"57,191",kg,true
11367,AKFA Lisukkeet 370cc,160,12,99999,Akfa,catalog/5580.JPG,"25,483",kg,true
5580,AKFA Lisukkeet 72cc lasi,160,12,99999,Akfa,catalog/1037.JPG,"24,463",kg,true
1037,Burcu purkitetut Pavut 570cc lasi,160,12,99999,Burcu,catalog/10575.JPG,"25,483",kg,true
10575,Burcu purkitetut Pavut 800g,160,12,99999,Burcu,catalog/11840.JPG,"26,524",kg,true
11840,Burcu Fasulye 800g Haslama Annos,160,12,99999,Burcu,catalog/2113.JPG,"24,703",kg,true
2113,Burcu Haslama Nohut 600g lasi Keitetyt kikherneet,160,12,99999,Burcu,catalog/11841.JPG,"13,897",kg,true
11841,Burcu Haslama Nohut 800g Tölkki Kikherneet,160,12,99999,Burcu,catalog/1040.JPG,"10,187",kg,true
1040,Burcu Tuoreet vihreät herneet 550cc lasi,160,12,99999,Burcu,catalog/11637.JPG,"16,989",kg,true
11637,Facundo pavut musta 425 ml Tölkki,160,24,99999,Facundo,catalog/11639.JPG,"12,351",kg,true
11639,Facundo pavut ruskea 425 ml Tölkki Kidneypavut,160,24,99999,Facundo,catalog/11636.JPG,"13,897",kg,true
11636,Facundo kikherneet 425 ml Tölkki,160,24,99999,Facundo,catalog/11642.JPG,"11,733",kg,true
11642,Facundo maissi 1/2 tölkki,160,24,99999,Facundo,catalog/3560.JPG,"13,897",kg,true
3560,Giant Pavut öljyssä Palirria 1kg tölkki,160,12,99999,Palirria,catalog/382.JPG,"11,733",kg,true
382,Giant Pavut öljyssä Palirria 2kg tölkki,160,6,99999,Palirria,catalog/6310.JPG,"17,916",kg,true
6310,Griech. Bamjes öljyssä 280g Okra pavut,160,24,99999,Palirria,catalog/4670.JPG,"11,408",kg,true
4670,Vihreitä papuja 280g öljyn Palirria Can,160,24,99999,Palirria,catalog/669.JPG,"11,408",kg,true
669,Gulcan Kidneypavut 425 ml tölkki Haslama,160,24,99999,Gülcan,catalog/660.JPG,"11,408",kg,true
660,Gulcan Kidneypavut 850 ml tölkki Haslama,160,12,99999,Gülcan,catalog/619.JPG,"12,336",kg,true
619,Gulcan Kidneypapuja HASL 580 ml lasi,160,15,99999,Gülcan,catalog/665.JPG,"44,814",kg,true
665,Gülcan bezelye 425 ml tölkki Haslama vihreitä herneitä,160,24,99999,Gülcan,catalog/664.JPG,"51,005",kg,true
664,Gülcan bezelye 850 ml tölkki Haslama vihreitä herneitä,160,12,99999,Gülcan,catalog/11244.JPG,"46,344",kg,true
11244,Gülcan pavut sep. Horoz 5Kg,160,2,99999,Gülcan,catalog/4881.JPG,"38,924",kg,true
4881,Gülcan ruskeita papuja 400g Foul Medames,160,24,99999,Gülcan,catalog/667.JPG,"14,809",kg,true
667,Gülcan Pavut 425 ml Haslama tölkki,160,24,99999,Gülcan,catalog/651.JPG,"13,279",kg,true
651,Gülcan Pavut 580 ml lasi,160,15,99999,Gülcan,catalog/4660.JPG,"15,053",kg,true
4660,"Gülcan Pavut Dermason 1kg valkoinen 7,5-8mm",160,12,99999,Gülcan,catalog/4661.JPG,"12,336",kg,true
4661,Gülcan Pavut Dermason 5kg,160,2,99999,Gülcan,catalog/658.JPG,"10,187",kg,true
658,Gülcan Pavut Hasla 850 ml tölkki Valkoinen,160,12,99999,Gülcan,catalog/3919.JPG,"4,893",kg,true
3919,Gülcan Limapavut 580 ml lasi,160,15,99999,Gülcan,catalog/642.JPG,"12,336",kg,true
642,Gülcan Limapavut 450ml tölkki,160,24,99999,Gülcan,catalog/640.JPG,"14,191",kg,true
640,Gülcan Limapavut 850 ml tölkki,160,12,99999,Gülcan,catalog/666.JPG,"12,734",kg,true
666,Gülcan Kikherneet Haslama 425 ml tölkki,160,24,99999,Gülcan,catalog/656.JPG,"23,172",kg,true
656,Gülcan Nohut Haslama 850 ml tölkki,160,12,99999,Gülcan,catalog/3146.JPG,"5,923",kg,true
3146,Gülcan Nohut Haslama Kikherneet 580 ml,160,15,99999,Gülcan,catalog/668.JPG,"12,042",kg,true
668,Gülcan Kidney papuja 425 ml tölkki,160,24,99999,Gülcan,catalog/663.JPG,"15,439",kg,true
663,Gülcan Kidney papuja 850 ml tölkki Hs,160,12,99999,Gülcan,catalog/6302.JPG,"15,427",kg,true
6302,"Lorena Tarhapavut 2,5kg punainen",160,6,99999,Lorena,catalog/6301.JPG,"13,743",kg,true
6301,"Lorena Limapavut 2,5kg",160,6,99999,Lorena,catalog/5002.JPG,"12,336",kg,true
5002,Palirria Sipuli öljyssä 280g tölkki,160,24,99999,Zanae,catalog/9134.JPG,"9,878",kg,true
9134,Alman suolakurkkua 2 kg,161,4,99999,Alssman,catalog/1066.JPG,"11,574",kg,true
1066,Alman Marinoitu Kasvisvihannekset Mix. Turlu Tursu 2kg,161,4,99999,Alssman,catalog/11409.JPG,"16,973",kg,true
11409,Alssman Marinoidut rypäleen lehdet 1kg,161,12,99999,Alssman,catalog/10581.JPG,"14,825",kg,true
10581,Artisokan sydämiä 2650ml topkauf,161,6,99999,La Perla,catalog/5546.JPG,"22,793",kg,true
5546,Bellinda sienet 3. Wahl Can,161,6,99999,Bellinda,catalog/11918.JPG,"21,248",kg,true
11918,Bestalla Marinoituja lehtiä 2Kg PET,161,6,99999,Bestalla,catalog/11917.JPG,"43,253",kg,true
11917,Bestalla Marinoituja lehtiä 500g Vakum,161,25,99999,Bestalla,catalog/11920.JPG,"26,789",kg,true
11920,Bestalla Marinoituja lehtiä 5kg PET,161,4,99999,Bestalla,catalog/1039.JPG,"20,091",kg,true
1039,Burcu Bamya 550cc lasi okra,161,12,99999,Burcu,catalog/9415.JPG,"32,447",kg,true
9415,Burcu Bamya 550g lasi Baby Okra Kukkia,161,12,99999,Burcu,catalog/1013.JPG,"50,232",kg,true
1013,Burcu Papu muhennos 400g,161,24,99999,Burcu,catalog/1012.JPG,"28,590",kg,true
1012,Burcu Täytetyt paprikat 400g,161,24,99999,Burcu,catalog/9320.JPG,"26,272",kg,true
9320,Burcu Pepper Tomaattikastike 1600 g ACI lasi,161,6,99999,Burcu,catalog/9323.JPG,"61,157",kg,true
9323,Burcu Pepper Tomaattikastike 2Kg Pet lasi,161,6,99999,Burcu,catalog/9325.JPG,"32,457",kg,true
9325,Burcu Pepper Tomaattikastike 320g lasi,161,12,99999,Burcu,catalog/10647.JPG,"16,989",kg,true
10647,Burcu Pepper Tomaattikastike 3.1k,161,4,99999,Burcu,catalog/10648.JPG,"30,283",kg,true
10648,Burcu Hotpepper tahna 3.1kg ACI lasi,161,4,99999,Burcu,catalog/10649.JPG,"30,886",kg,true
10649,Burcu Hotpepper tahna 3.1kg Tatli lasi,161,4,99999,Burcu,catalog/10652.JPG,"32,741",kg,true
10652,Burcu parsakaali 560g purkitettu lasi,161,12,99999,Burcu,catalog/8320.JPG,"38,638",kg,true
8320,Burcu Domates 400g leikattu,161,24,99999,Burcu,catalog/11843.JPG,"38,638",kg,true
11843,Burcu Domates 560g leikattu  -lasi,161,12,99999,Burcu,catalog/11844.JPG,"18,535",kg,true
11844,Burcu Tomaatit 570 raastettua  -lasi,161,12,99999,Burcu,catalog/9324.JPG,"45,082",kg,true
9324,"Burcu Tomaattipyrettä 4,5kg Teneke",161,6,99999,Burcu,catalog/9319.JPG,"38,898",kg,true
9319,Burcu Tomaattipyrettä 580g lasi,161,12,99999,Burcu,catalog/10653.JPG,"38,898",kg,true
10653,Burcu Enginar 540g Konserv lasi,161,12,99999,Burcu,catalog/2112.JPG,"18,535",kg,true
2112,Burcu Fasulye 600cc Haslama Lasi,161,12,99999,Burcu,catalog/2835.JPG,"23,466",kg,true
2835,Burcu papu muhennos 400g,161,24,99999,Burcu,catalog/7148.JPG,"13,897",kg,true
7148,Burcu papu vihreä 580cc lasi,161,12,99999,Burcu,catalog/1038.JPG,"13,897",kg,true
1038,Burcu lisukkeet 570cc suolakurkkua,161,12,99999,Burcu,catalog/1008.JPG,"52,164",kg,true
1008,Burcu imaami Bayildi 400g / kasviksia,161,24,99999,Burcu,catalog/11276.JPG,"24,718",kg,true
11276,Burcu Jalapeno Pepper viipaleita etikkaliemessä 1500cc CPC,161,6,99999,Burcu,catalog/8088.JPG,"43,268",kg,true
8088,Burcu Kapari 310g lasi,161,12,99999,Burcu,catalog/11277.JPG,"13,279",kg,true
11277,Burcu Karisik Tursu 1500cc CPC,161,6,99999,Burcu,catalog/11362.JPG,"30,886",kg,true
11362,Burcu Karisik Tursu 580cc sekavihanneksia,161,12,99999,Burcu,catalog/7152.JPG,"16,989",kg,true
7152,Burcu Közlemis Pepper 660cc,161,12,99999,Burcu,catalog/10425.JPG,"12,351",kg,true
10425,Burcu Közlenmis Pepper 1500g lasi,161,6,99999,Burcu,catalog/9491.JPG,"30,886",kg,true
9491,Burcu Közlenmis Munakoiso 1300 g,161,6,99999,Burcu,catalog/11168.JPG,"20,088",kg,true
11168,Burcu maissi 320g lasi Misir Haslama,161,12,99999,Burcu,catalog/1014.JPG,"26,264",kg,true
1014,Burcu Kikherne muhennos 400g,161,24,99999,Burcu,catalog/7147.JPG,"13,905",kg,true
7147,Burcu Okra 1/1 tölkki,161,12,99999,Burcu,catalog/1016.JPG,"13,897",kg,true
1016,Burcu Patlican Dolma 400g täytetty Auberg,161,24,99999,Burcu,catalog/1010.JPG,"19,462",kg,true
1010,Burcu Patlican Kizartma 400gDose paistettu munakoiso,161,24,99999,Burcu,catalog/8008.JPG,"27,431",kg,true
8008,Burcu Patlican Kozlenmis 540g cam,161,12,99999,Burcu,catalog/7154.JPG,"27,431",kg,true
7154,Burcu Taze Fasulye 1/1 annosta,161,12,99999,Burcu,catalog/1041.JPG,"13,279",kg,true
1041,Burcu Türlü 1/1 tölkki kasviksia,161,12,99999,Burcu,catalog/11361.JPG,"29,649",kg,true
11361,Burcu Türlü Tursu 3/1 Pet kasviksia,161,6,99999,Burcu,catalog/9492.JPG,"16,989",kg,true
9492,Burcu Türlü Tursu 5/1 Pet kasviksia,161,4,99999,Burcu,catalog/1024.JPG,"33,978",kg,true
1024,"Burcu Yaprak Sarma 1,9Kg tölkki täytetyt viininlehdet",161,6,99999,Burcu,catalog/4548.JPG,"32,741",kg,true
4548,Gulcan Bamya 580cc,161,12,99999,Gülcan,catalog/9914.JPG,"20,080",kg,true
9914,Gülcan Kuru Domates Traypack 250g,161,14,99999,Gülcan,catalog/2836.JPG,"15,443",kg,true
2836,Gülcan Yaprak Sarma 400g,161,24,99999,Gülcan,catalog/3646.JPG,"16,989",kg,true
3646,IAN tomaatit 2/1,161,6,99999,IAN,catalog/3559.JPG,"14,678",kg,true
3559,Valkosipuli 750gr Naz,161,12,99999,NAZ,catalog/11505.JPG,"12,362",kg,true
11505,Kuehne Közlenmis Patlican 720 ml grillattua munakoisoa,161,12,99999,Kühne,catalog/11506.JPG,"36,320",kg,true
11506,Kuehne Közlenmis Patlican salatası 72cc,161,12,99999,Kühne,catalog/5429.JPG,"15,443",kg,true
5429,Kurpitsa Etelä Patty Pants mini in box,161,1,99999,Patty-Pans,catalog/3122.JPG,"27,034",kg,true
3122,Linda ananasta paloina 850 ml tölkki,161,12,99999,Linda,catalog/2556.JPG,"32,741",kg,true
2556,Linda artisokat 425 ml tölkki,161,12,99999,Linda,catalog/3116.JPG,"12,823",kg,true
3116,Linda maissi 3/1 tölkki,161,6,99999,Linda,catalog/5129.JPG,"38,631",kg,true
5129,Linda paprikat punainen nauhat 5kg laatikko,161,3,99999,Linda,catalog/3117.JPG,"25,645",kg,true
3117,Linda paprikat Streif fi Punainen 5/1 tölkki,161,6,99999,Linda,catalog/3120.JPG,"24,100",kg,true
3120,Linda tomaatit paprikat värikkäinä siivuina 5kg tölkki,161,3,99999,Linda,catalog/11684.JPG,"17,724",kg,true
11684,Lorena sieni viipaleita 3/1 tölkki,161,6,99999,Lorena,catalog/11682.JPG,"25,645",kg,true
11682,Lorena sieni viipaleita 400g,161,24,99999,Lorena,catalog/11683.JPG,"23,172",kg,true
11683,Lorena sieni viipaleita 800g tölkki,161,12,99999,Lorena,catalog/11403.JPG,"22,407",kg,true
11403,Lorena maissi 2500g tölkki,161,6,99999,Lorena,catalog/11402.JPG,"18,933",kg,true
11402,Lorena maissi 340g tölkki,161,24,99999,Lorena,catalog/11404.JPG,"34,001",kg,true
11404,Lorena maissi 800g tölkki,161,12,99999,Lorena,catalog/6403.JPG,"18,933",kg,true
6403,Lorena paprika punainen raita 5/1,161,6,99999,Lorena,catalog/2278.JPG,"27,044",kg,true
2278,Paprikaa täytetty juustolla 550g punainen -lasi,161,6,99999,,catalog/406.JPG,"24,703",kg,true
406,"Sofko Pfefferoni 2,65kg Lasi",161,6,99999,Sofko,catalog/445.JPG,"20,080",kg,true
445,Sofko Pindjur 370g lasi,161,12,99999,Sofko,catalog/9244.JPG,"22,793",kg,true
9244,Makea Peper Pepper punainen 1.8K Licious laatikko valkoinen,161,3,99999,Pepperlicious,catalog/3992.JPG,"17,282",kg,true
3992,Topkauf ananas kpl 3100ml tölkki,161,6,99999,Topkauf,catalog/2274.JPG,"15,443",kg,true
2274,"Wermio kirsikka paprikat makea Chilly Pepers 1x2,5kg Vakum",161,5,99999,Wermio,catalog/9546.JPG,"27,817",kg,true
9546,Balkanin ajvar 2350g mieto,162,6,99999,Balkan,catalog/9982.JPG,"23,644",kg,true
9982,Balkanin ajvar 370g mieto,162,12,99999,Balkan,catalog/9983.JPG,"35,547",kg,true
9983,Balkanin ajvar 370g sharp,162,12,99999,Balkan,catalog/9550.JPG,"21,008",kg,true
9550,Balkanin ajvar 680g sharp,162,12,99999,Balkan,catalog/12094.JPG,"43,280",kg,true
12094,Balkaneta ajvar mieto 2500ml,162,6,99999,Balkaneta,catalog/12095.JPG,"36,706",kg,true
12095,Balkaneta ajvar mieto 720 ml,162,12,99999,Balkaneta,catalog/1036.JPG,"53,132",kg,true
1036,Burcu Majoneesi 600g PET,162,12,99999,Burcu,catalog/8331.JPG,"35,160",kg,true
8331,Burcu ajvar 310g cam ACI,162,12,99999,Burcu,catalog/8330.JPG,"16,370",kg,true
8330,Burcu ajvar 310g cam tatli,162,12,99999,Burcu,catalog/8333.JPG,"16,370",kg,true
8333,Burcu ajvar 560g cam ACI,162,12,99999,Burcu,catalog/8332.JPG,"23,172",kg,true
8332,Burcu ajvar 560g cam tatli,162,12,99999,Burcu,catalog/2829.JPG,"35,933",kg,true
2829,Burcu Antep Esmesi 310cc ACI,162,12,99999,Burcu,catalog/2830.JPG,"21,626",kg,true
2830,Burcu Antep Esmesi 310cc tatli,162,12,99999,Burcu,catalog/3045.JPG,"15,443",kg,true
3045,Burcu Beaver Domates Karisik 5/1 lemmikkieläinten IKIS,162,4,99999,Burcu,catalog/10650.JPG,"13,897",kg,true
10650,Burcu butun Mantar 1450g glass,162,6,99999,Burcu,catalog/8323.JPG,"13,897",kg,true
8323,Burcu butun Mantar 560g glass,162,12,99999,Burcu,catalog/10651.JPG,"21,626",kg,true
10651,Burcu Dilim Mantar 1450g glass,162,6,99999,Burcu,catalog/8322.JPG,"21,626",kg,true
8322,Burcu Dilim Mantar 560g glass,162,12,99999,Burcu,catalog/8327.JPG,"23,172",kg,true
8327,Burcu Misir Haslama 200g maissi tölkki,162,48,99999,Burcu,catalog/3044.JPG,"23,172",kg,true
3044,Burcu Salca domates mark 200gr tölkki tomaatteja,162,48,99999,Burcu,catalog/10110.JPG,"54,872",kg,true
10110,Cenkci Yakan Sos 32cc kuuma,162,12,99999,Cenkci,catalog/10109.JPG,"36,706",kg,true
10109,Cenkci Yakan Sos 720cc kuuma,162,12,99999,Cenkci,catalog/1213.JPG,"29,356",kg,true
1213,Chtoura Chilli Paste 375g,162,12,99999,Chtourra,catalog/10153.JPG,"36,706",kg,true
10153,Doganay Limon Sosu 1L,162,12,99999,Doganay,catalog/10151.JPG,"29,356",kg,true
10151,Doganay Limon Sosu 250ml,162,24,99999,Doganay,catalog/10152.JPG,"30,855",kg,true
10152,Doganay Limon Sosu 500ml,162,12,99999,Doganay,catalog/9615.JPG,"37,038",kg,true
9615,Doganay Nar Gastro 1L,162,12,99999,Doganay,catalog/9806.JPG,"18,535",kg,true
9806,Doganay Nar Gastro 500ml,162,12,99999,Doganay,catalog/9610.JPG,"30,901",kg,true
9610,Doganay Salgam 1L ACI,162,12,99999,Doganay,catalog/9609.JPG,"21,626",kg,true
9609,Doganay Salgam 1L Tatli,162,12,99999,Doganay,catalog/9614.JPG,"15,443",kg,true
9614,Doganay Salgam 2L ACI,162,6,99999,Doganay,catalog/9613.JPG,"15,427",kg,true
9613,Doganay Salgam 2L Tatli,162,6,99999,Doganay,catalog/9612.JPG,"10,805",kg,true
9612,Doganay Salgam 330ml ACI,162,24,99999,Doganay,catalog/9611.JPG,"33,993",kg,true
9611,Doganay Salgam 330ml Tatli,162,24,99999,Doganay,catalog/11227.JPG,"20,080",kg,true
11227,ENCONA Afrikkalainen Peri Peri kastike 142 ml: lla,162,6,99999,Encona,catalog/623.JPG,"14,825",kg,true
623,ENCONA Chili BBQ-kastiketta 142 ml: lla,162,6,99999,Encona,catalog/5585.JPG,"14,825",kg,true
5585,ENCONA Creole chilikastiketta 142 ml: lla,162,6,99999,Encona,catalog/11226.JPG,"13,905",kg,true
11226,ENCONA Intian Mango chilikastiketta 142 ml: lla,162,6,99999,Encona,catalog/3046.JPG,"13,905",kg,true
3046,ENCONA Alkuperäinen Chil kastike 142 ml: lla,162,6,99999,Encona,catalog/7289.JPG,"17,282",kg,true
7289,ENCONA Thai Chilli valkosipulikastiketta 142 ml: lla,162,6,99999,Encona,catalog/6907.JPG,"17,282",kg,true
6907,ENCONA Thai sweet chilikastiketta 142 ml: lla,162,6,99999,Encona,catalog/11273.JPG,"9,267",kg,true
11273,ENCONA West Indian Hot Sauce 142 ml: lla P Tasainen Papaya,162,6,99999,Encona,catalog/9872.JPG,"9,267",kg,true
9872,ENCONA West Indian Alkuperäinen Hot Pepper Sauce 142 ml: lla,162,6,99999,Encona,catalog/5017.JPG,"9,267",kg,true
5017,Flying Goose Thaimaa chilikastiketta 200ml sharp,162,24,99999,Flying Goose,catalog/4641.JPG,"9,267",kg,true
4641,Flying Goose Thaimaa chilikastiketta 455ml sharp,162,12,99999,Flying Goose,catalog/4642.JPG,"9,267",kg,true
4642,Flying Goose Thaimaa chilikastiketta 730ml sharp,162,12,99999,Flying Goose,catalog/9256.JPG,"9,267",kg,true
9256,Gala valkosipulikastiketta 500ml Spaanse,162,6,99999,Gala,catalog/9257.JPG,"9,267",kg,true
9257,Gala valkosipulikastiketta 500ml Thaise,162,6,99999,Gala,catalog/7506.JPG,"9,267",kg,true
7506,Gala valkosipulikastiketta 500ml turkkilaisia,162,6,99999,Gala,catalog/435.JPG,"9,267",kg,true
435,Gala pippurikastiketta terävä 1L / Aci Biber,162,6,99999,Gala,catalog/7505.JPG,"42,016",kg,true
7505,Gala Sambal 500ml Tube ACI Biber sos,162,6,99999,Gala,catalog/443.JPG,"38,012",kg,true
443,Gala Sambal Olek valkosipuli 370ml,162,12,99999,Gala,catalog/2343.JPG,"44,814",kg,true
2343,Gul Frittensauce 25% öljyä 10L ämpäri,162,1,99999,Gülcan,catalog/3078.JPG,"10,813",kg,true
3078,Gülcan Limon Suyu 1lit sitruunamehua,162,12,99999,Gülcan,catalog/3077.JPG,"10,813",kg,true
3077,Gülcan Limon Suyu 500ml sitruunamehua,162,2,99999,Gülcan,catalog/1065.JPG,"10,813",kg,true
1065,Gülcan Salgam Suyu ACI 1L,162,12,99999,Gülcan,catalog/1057.JPG,"14,678",kg,true
1057,Gülcan Salgam Suyu ACI 2L,162,9,99999,Gülcan,catalog/1063.JPG,"10,040",kg,true
1063,Gülcan Salgam Suyu tatli 1L,162,12,99999,Gülcan,catalog/1058.JPG,"14,515",kg,true
1058,Gülcan Salgam Suyu tatli 2L,162,9,99999,Gülcan,catalog/1728.JPG,"15,457",kg,true
1728,GYMA Majoneesi 50% 10kg ämpäri,162,1,99999,Gyma,catalog/11736.JPG,"10,805",kg,true
11736,Harissa 140g putki,162,2,99999,Harissa,catalog/10916.JPG,"1,286",kg,true
10916,Harissa Berbere 300g Tube,162,6,99999,Harissa,catalog/11515.JPG,"12,351",kg,true
11515,Harissa 135g annos 48 1/6,162,48,99999,Harissa,catalog/10915.JPG,"16,220",kg,true
10915,Harissa kastike pikantti 300g Tube,162,6,99999,Harissa,catalog/759.JPG,"12,351",kg,true
759,Harissa terävä kastike 380g 24 1/2,162,24,99999,Harissa,catalog/2050.JPG,"16,220",kg,true
2050,Harissa terävä kastike 70ml Tube 4x12,162,48,99999,Harissa,catalog/772.JPG,"17,389",kg,true
772,Harissa terävä kastike 760 annosta 12 4/4,162,12,99999,Harissa,catalog/627.JPG,"2,316",kg,true
627,Ian kuoritut tomaatit 400g,162,24,99999,Ian,catalog/629.JPG,"9,267",kg,true
629,Ian kuoritut tomaatit 800g,162,12,99999,Ian,catalog/9684.JPG,"32,710",kg,true
9684,Ketjap 750ml,162,6,99999,Ketjap,catalog/11609.JPG,"9,267",kg,true
11609,Knorr Curry Ketchup 430 ml,162,8,99999,Knorr,catalog/4987.JPG,"32,741",kg,true
4987,Knorr Et Bulyon 24er 240g,162,32,99999,Knorr,catalog/11610.JPG,"34,565",kg,true
11610,Knorr Ketsuppi Hot 430 ml,162,8,99999,Knorr,catalog/5194.JPG,"30,901",kg,true
5194,Knorr Tavuksalata Bulyon 12er 120g,162,48,99999,Knorr,catalog/4988.JPG,"16,664",kg,true
4988,Knorr Tavuksalata Bulyon 24er 240g,162,32,99999,Knorr,catalog/11611.JPG,"12,351",kg,true
11611,Knorr tomaattiketsuppia 430 ml,162,8,99999,Knorr,catalog/4949.JPG,"9,267",kg,true
4949,Knorr tomaattiketsuppia 500ml,162,12,99999,Knorr,catalog/5467.JPG,"10,295",kg,true
5467,Kuehne Aci Biber 370m,162,12,99999,Kühne,catalog/2886.JPG,"57,670",kg,true
2886,Kuehne Akdeniz Salata Sosu 250ml,162,8,99999,Kühne,catalog/5192.JPG,"10,295",kg,true
5192,Kuehne Salata Balsamikli Sosu 250ml,162,8,99999,Kühne,catalog/5027.JPG,"55,588",kg,true
5027,Kuehne Biberiye Tursu 370ml,162,12,99999,Kühne,catalog/5930.JPG,"57,670",kg,true
5930,Kuehne Salata BinAda Sosu 250ml,162,8,99999,Kühne,catalog/10983.JPG,"10,295",kg,true
10983,Kuehne Elma Sirkesi 500cc,162,12,99999,Kühne,catalog/5193.JPG,"21,626",kg,true
5193,Kühne etikka ydin 400g,162,1,99999,Kühne,catalog/5584.JPG,"16,370",kg,true
5584,Kuehne Paprikano Aci Biber Sos 370ml,162,12,99999,Kühne,catalog/11208.JPG,"10,914",kg,true
11208,Kuehne Sinappi 250ml rakeinen Hardal Taneli Acili,162,1,99999,Kühne,catalog/11206.JPG,"10,914",kg,true
11206,Kühne sinappi keskivahva 250ml Hardal Orta Acili,162,1,99999,Kühne,catalog/11207.JPG,"15,443",kg,true
11207,Kühne sinappi 250ml kuuma Hardal Acili,162,1,99999,Kühne,catalog/1034.JPG,"10,914",kg,true
1034,Kuehne soijakastike 250ml Punainen,162,12,99999,Kühne,catalog/2628.JPG,"13,279",kg,true
2628,Kuehne soijakastike 250ml vaaleansininen,162,12,99999,Kühne,catalog/10984.JPG,"1,416",kg,true
10984,Kuehne Uzum Sirkesi 500ml,162,12,99999,Kühne,catalog/11203.JPG,"16,370",kg,true
11203,Kühne grilli kastike 250ml,162,6,99999,Kühne,catalog/11202.JPG,"1,158",kg,true
11202,Kühne kastike Curry 250ml,162,6,99999,Kühne,catalog/11205.JPG,"1,158",kg,true
11205,Kühne kastike Hot Chili 250ml,162,6,99999,Kühne,catalog/11204.JPG,"1,158",kg,true
11204,Kühne kastike 250ml Meksiko,162,6,99999,Kühne,catalog/624.JPG,"16,370",kg,true
624,La Bella kuoritut tomaatit 400g choped,162,24,99999,La Bella,catalog/10531.JPG,"16,370",kg,true
10531,Lorena Sambal oelek 10kg,162,1,99999,Lorena,catalog/6413.JPG,"13,279",kg,true
6413,Lorena tomaatti 3kg jauhettiin massa,162,6,99999,Lorena,catalog/6227.JPG,"6,176",kg,true
6227,Lorena kuoritut tomaatit 2550,162,6,99999,Lorena,catalog/6230.JPG,"6,176",kg,true
6230,Lorena kuoritut tomaatit 400g,162,24,99999,Lorena,catalog/6231.JPG,"6,176",kg,true
6231,Lorena kuoritut tomaatit 800g,162,12,99999,Lorena,catalog/11025.JPG,"6,176",kg,true
11025,Lucky Thai makeaa chilikastiketta 730ml Label,162,6,99999,Lucky Label,catalog/9929.JPG,"14,191",kg,true
9929,Maggi kastike 960 g XXL,162,6,99999,Maggi,catalog/9878.JPG,"15,457",kg,true
9878,Maggi kastike Halal Arome 200ml,162,2,99999,Maggi,catalog/4701.JPG,"14,678",kg,true
4701,Maggi kastike Halal Arome 250ml,162,12,99999,Maggi,catalog/2571.JPG,"15,837",kg,true
2571,Nergiz Garneersauce 25% 10ltr. ämpäri,162,1,99999,Nergiz,catalog/10702.JPG,"13,882",kg,true
10702,Pizza Kastike 5/1 tölkki,162,3,99999,Sugal,catalog/454.JPG,"11,733",kg,true
454,Podravka ajvar lievä 350g,162,12,99999,Podravka,catalog/455.JPG,"8,494",kg,true
455,Podravka ajvar 350g sharp,162,12,99999,Podravka,catalog/458.JPG,"27,817",kg,true
458,Podravka ajvar lievä 690g,162,12,99999,Podravka,catalog/453.JPG,"3,604",kg,true
453,Podravka ajvar 690g Sharp,162,12,99999,Podravka,catalog/5098.JPG,"36,466",kg,true
5098,Podravka čokolino 200g,162,14,99999,Podravka,catalog/11524.JPG,"16,230",kg,true
11524,Podrovka Frutolino 200g,162,14,99999,Podravka,catalog/9884.JPG,"15,068",kg,true
9884,PRB Superior Tumma soijakastike 500ml,162,24,99999,PRB,catalog/9883.JPG,"16,370",kg,true
9883,PRB Superior Vaalea soijakastike 500ml,162,24,99999,PRB,catalog/6676.JPG,"16,370",kg,true
6676,Remia Frites Sauce 25% 10L,162,1,99999,Remia,catalog/6739.JPG,"25,645",kg,true
6739,Remia paistamiseen 10L,162,1,99999,Remia,catalog/6678.JPG,"25,645",kg,true
6678,Remia Salaatti Mayo 50% 10kg,162,1,99999,Remia,catalog/6677.JPG,"23,427",kg,true
6677,Remia Tomaattiketsuppi 10kg,162,1,99999,Remia,catalog/1727.JPG,"24,509",kg,true
1727,Sambal oelek terävä 10kg Fijn,162,1,99999,,catalog/11990.JPG,"46,344",kg,true
11990,Sandra Harrisa 185g lasi,162,6,99999,Sandra,catalog/408.JPG,"38,924",kg,true
408,"Sofko ajvar ACI 2,65 Glass",162,6,99999,Sofko,catalog/450.JPG,"14,169",kg,true
450,Sofko ajvar ACI 370g lasi,162,12,99999,Sofko,catalog/448.JPG,"20,610",kg,true
448,Sofko ajvar ACI 720g lasi,162,12,99999,Sofko,catalog/407.JPG,"19,322",kg,true
407,Sofko ajvar lievä 2650 lasi,162,6,99999,Sofko,catalog/449.JPG,"14,813",kg,true
449,Sofko ajvar lievä 370g lasi tatli,162,12,99999,Sofko,catalog/447.JPG,"18,034",kg,true
447,Sofko ajvar Tatli Lievä 720g lasi,162,12,99999,Sofko,catalog/329.JPG,"6,949",kg,true
329,"Sofko Djuwetsch 4,25kg Annos",162,3,99999,Sofko,catalog/467.JPG,"44,822",kg,true
467,Sofko Djuwetsch 425g tina,162,12,99999,Sofko,catalog/466.JPG,"17,916",kg,true
466,Sofko Djuwetsch 850g tina,162,12,99999,Sofko,catalog/2458.JPG,"28,737",kg,true
2458,Sofko Pindjur 72cc vihannesvalmistetta,162,12,99999,Sofko,catalog/446.JPG,"44,822",kg,true
446,Sofko Raguza mix 720g / Gemüsezube.,162,12,99999,Sofko,catalog/11883.JPG,"17,916",kg,true
11883,Sriracha kastike 500ml vihreä valkosipuli Extra,162,6,99999,Spiracha,catalog/7508.JPG,"28,737",kg,true
7508,Sriracha kastike 500ml oranssi valkosipuli,162,6,99999,Spiracha,catalog/7507.JPG,"22,604",kg,true
7507,Sriracha Super Hot 500ml punainen,162,6,99999,Spiracha,catalog/497.JPG,"18,535",kg,true
497,Tabasco Habanero 60ml,162,12,99999,Tabasco,catalog/2561.JPG,"27,810",kg,true
2561,Tabasco pippurikastiketta 350ml,162,12,99999,Tabasco,catalog/10764.JPG,"30,283",kg,true
10764,Tabasco Red 57ml,162,12,99999,Tabasco,catalog/6939.JPG,"25,645",kg,true
6939,Tat Sinappi 330g,162,12,99999,Tat,catalog/6934.JPG,"10,813",kg,true
6934,Tat Ketsuppi 345g ACI,162,12,99999,Tat,catalog/6935.JPG,"10,813",kg,true
6935,Tat Ketsuppi 345g tatli,162,12,99999,Tat,catalog/2087.JPG,"10,813",kg,true
2087,Tat Ketsuppi 500g ACI,162,12,99999,Tat,catalog/2088.JPG,"30,901",kg,true
2088,Tat ketsuppi tatli 510g,162,12,99999,Tat,catalog/6937.JPG,"117,468",kg,true
6937,Tat Ketsuppi 750g ACI,162,12,99999,Tat,catalog/6936.JPG,"30,901",kg,true
6936,Tat Ketsuppi 750g tatli,162,12,99999,Tat,catalog/6938.JPG,"16,989",kg,true
6938,Tat majoneesi 280g,162,12,99999,Tat,catalog/7225.JPG,"14,825",kg,true
7225,Tat majoneesi 430g,162,12,99999,Tat,catalog/10292.JPG,"14,825",kg,true
10292,Tat majoneesi 650g,162,12,99999,Tat,catalog/9488.JPG,"20,080",kg,true
9488,Tat tomaattipyrettä 5/1,162,6,99999,Tat,catalog/10174.JPG,"20,080",kg,true
10174,Tat tomaattipyree 830g tölkki,162,12,99999,Tat,catalog/460.JPG,"24,718",kg,true
460,Wendjoe 200g / Sambal oelek,162,12,99999,Wendjoe,catalog/434.JPG,"24,718",kg,true
434,Wendjoe chilikastiketta 700ml Fl,162,6,99999,Wendjoe,catalog/442.JPG,"20,080",kg,true
442,Wendjoe chilikastiketta 250ml Fl,162,12,99999,Wendjoe,catalog/431.JPG,"26,264",kg,true
431,Wendjoe Harissa 700g / chilitahnaa,162,6,99999,Wendjoe,catalog/432.JPG,"30,901",kg,true
432,Wendjoe Sambal oelek 1.1kg Lasi,162,6,99999,Wendjoe,catalog/433.JPG,"59,507",kg,true
433,Wendjoe Sambal oelek 370gr,162,12,99999,Wendjoe,catalog/451.JPG,"24,100",kg,true
451,Wendjoe Sambal oelek 725ml lasi,162,6,99999,Wendjoe,catalog/11368.JPG,"9,723",kg,true
11368,AKFA Bamya 72cc lasi,163,12,99999,Akfa,catalog/4908.JPG,"8,494",kg,true
4908,AKFA Bamya Säilytä 1 kg okra,163,12,99999,Akfa,catalog/4717.JPG,"12,351",kg,true
4717,AKFA Pepper SALCA 1kg TNK. Tatli,163,24,99999,Akfa,catalog/4716.JPG,"11,586",kg,true
4716,AKFA Pepper SALCA 1kg Tnk.Aci,163,24,99999,Akfa,catalog/4722.JPG,"11,586",kg,true
4722,AKFA Pepper Salca ACI 5kg TNK.,163,6,99999,Akfa,catalog/4718.JPG,"12,815",kg,true
4718,AKFA Pepper Salca ACI 72cc,163,12,99999,Akfa,catalog/4723.JPG,"9,731",kg,true
4723,AKFA Pepper Salca Tatli 5kg TNK.,163,6,99999,Akfa,catalog/4719.JPG,"24,718",kg,true
4719,AKFA Pepper Salca Tatli 72C,163,12,99999,Akfa,catalog/313.JPG,"24,718",kg,true
313,AKFA Domates Salca 4.5kg tomaattipyree,163,6,99999,Akfa,catalog/5576.JPG,"49,436",kg,true
5576,AKFA Domates Salca 72cc lasi,163,12,99999,Akfa,catalog/683.JPG,"49,436",kg,true
683,AKFA Domates Salca 830g tomaattisose tölkki,163,12,99999,Akfa,catalog/10578.JPG,"61,826",kg,true
10578,AKFA Domates Salca Gold 1kg tölkki,163,12,99999,Akfa,catalog/684.JPG,"26,264",kg,true
684,AKFA Domatessalca 420g tomaattisose 1/2,163,24,99999,Akfa,catalog/5583.JPG,"61,826",kg,true
5583,AKFA Fasulye 72cc lasi,163,12,99999,Akfa,catalog/5581.JPG,"26,264",kg,true
5581,AKFA Közlenmis Beaver 720cc lasi punaiset hot paprikat grillattu,163,12,99999,Akfa,catalog/4907.JPG,"57,575",kg,true
4907,AKFA Taze Fasulye 1kg pavut Preserve,163,12,99999,Akfa,catalog/4906.JPG,"21,626",kg,true
4906,AKFA Türlü Preserve 1 Kg,163,12,99999,Akfa,catalog/5590.JPG,"23,172",kg,true
5590,AKFA Türlü Preserve 72cc lasi,163,12,99999,Akfa,catalog/10689.JPG,"23,172",kg,true
10689,Burcu ACI Yakan Pepper Tursu 1500cc,163,6,99999,Burcu,catalog/6877.JPG,"27,794",kg,true
6877,Burcu Pepper&Tomaattipyre sekoitettu 630gr,163,12,99999,Burcu,catalog/5907.JPG,"16,989",kg,true
5907,Burcu Pepper tahna 1.6kg sweet / lasi,163,6,99999,Burcu,catalog/7146.JPG,"23,172",kg,true
7146,Burcu Pepper tahna 32cc sweet 340gr,163,12,99999,Burcu,catalog/6879.JPG,"16,989",kg,true
6879,Burcu Pepper tahna 630g sweet,163,12,99999,Burcu,catalog/6880.JPG,"16,989",kg,true
6880,Burcu Pepper tahna 630gr hot,163,12,99999,Burcu,catalog/1027.JPG,"16,989",kg,true
1027,"Burcu Pepper Tomaattipyrettä hot 1,6kg lasi",163,6,99999,Burcu,catalog/10291.JPG,"24,339",kg,true
10291,Burcu Pepper Tomaattipyrettä hot 19kg,163,1,99999,Burcu,catalog/438.JPG,"29,356",kg,true
438,Burcu Pepper Tomaattipyrettä hot 2kg Pet,163,6,99999,Burcu,catalog/1029.JPG,"34,774",kg,true
1029,Burcu Pepper Tomaattipyrettä hot 340g EV Tipi,163,12,99999,Burcu,catalog/307.JPG,"18,535",kg,true
307,Burcu Pepper Tomaattipyrettä hot 5/1 Peter,163,4,99999,Burcu,catalog/8817.JPG,"27,810",kg,true
8817,Burcu Pepper Tomaattipyrettä 19kg Kova,163,1,99999,Burcu,catalog/437.JPG,"27,810",kg,true
437,Burcu Pepper Tomaattipyrettä 2kg Pet,163,6,99999,Burcu,catalog/304.JPG,"34,774",kg,true
304,Burcu Pepper Tomaattipyrettä sweet 5/1 Pet,163,4,99999,Burcu,catalog/7257.JPG,"50,239",kg,true
7257,"Burcu Tomaattipyrettä 1,5kg ev tipi",163,6,99999,Burcu,catalog/10654.JPG,"35,547",kg,true
10654,Burcu Tomaattipyrettä 3100g lasi,163,4,99999,Burcu,catalog/1026.JPG,"18,535",kg,true
1026,Burcu Tomaattipyrettä 410g tölkki,163,24,99999,Burcu,catalog/1030.JPG,"50,492",kg,true
1030,Burcu Tomaattipyrettä 800g tölkki,163,12,99999,Burcu,catalog/11274.JPG,"50,239",kg,true
11274,Burcu Ketsuppi 460g + Majoneesi 210gr setti bitirim ikili,163,1,99999,Burcu,catalog/5344.JPG,"38,638",kg,true
5344,Burcu Ketsuppi 700g hot,163,12,99999,Burcu,catalog/5345.JPG,"50,492",kg,true
5345,Burcu Ketsuppi 700g sweet,163,12,99999,Burcu,catalog/8329.JPG,"29,750",kg,true
8329,Burcu Kova makea Ketsuppi 9 kg,163,2,99999,Burcu,catalog/9032.JPG,"36,322",kg,true
9032,"Burcu kuru Domates 1,5kg tomaatteja öljyssä",163,6,99999,Burcu,catalog/8009.JPG,"27,794",kg,true
8009,Burcu kuru Domates 300g tomaatit öljyssä,163,12,99999,Burcu,catalog/9031.JPG,"21,008",kg,true
9031,Burcu kuru Domates 550g tomaatit öljyssä,163,12,99999,Burcu,catalog/11325.JPG,"2,317",kg,true
11325,Burcu paprikat Sos 580g lasi,163,12,99999,Burcu,catalog/1032.JPG,"13,279",kg,true
1032,Burcu Tomaattipyrettä 2kg ämpäri,163,4,99999,Burcu,catalog/3759.JPG,"13,279",kg,true
3759,Burcu Tomaattipyrettä 2Kg PET,163,6,99999,Burcu,catalog/5770.JPG,"20,351",kg,true
5770,Burcu Salca 5/1 PET Tomaattipyrettä ev tipi,163,4,99999,Burcu,catalog/11326.JPG,"42,889",kg,true
11326,Burcu Yakan Sos 250g,163,12,99999,Burcu,catalog/1209.JPG,"21,626",kg,true
1209,Chtoura tomaattipyrettä 650g,163,12,99999,Chtourra,catalog/9935.JPG,"29,356",kg,true
9935,Chtoura tomaattipyrettä 800g Flying Eagle,163,12,99999,Chtourra,catalog/6132.JPG,"16,989",kg,true
6132,Durra tomaattisosetta 750cc lasi,163,12,99999,Durra,catalog/681.JPG,"20,091",kg,true
681,Durra tomaattisosetta 800 ml tölkki,163,12,99999,Durra,catalog/9871.JPG,"30,136",kg,true
9871,Grace pippurikastiketta 85ml Pikant,163,12,99999,Crace,catalog/317.JPG,"39,156",kg,true
317,"Gülcan Tomaattipyrettä 4,25kg tölkki",163,3,99999,Gülcan,catalog/2429.JPG,"14,825",kg,true
2429,Gülcan Tomaattipyrettä 850g tina 28-30 Brix,163,12,99999,Gülcan,catalog/11074.JPG,"22,554",kg,true
11074,Olca Tomaattipyrettä tuzlu 950g,163,12,99999,Olca,catalog/3296.JPG,"23,172",kg,true
3296,Öncü Pepper tahna 370g lasi hot,163,12,99999,Öncü,catalog/440.JPG,"21,626",kg,true
440,Öncü Pepper tahna hot 2kg,163,6,99999,Öncü,catalog/2911.JPG,"24,718",kg,true
2911,Öncü Pepper tahna hot 4.3kg PET,163,4,99999,Öncü,catalog/764.JPG,"12,351",kg,true
764,Öncü Pepper tahna hot 750g lasi,163,12,99999,Öncü,catalog/439.JPG,"24,15",kg,true
439,Öncü Pepper tahna makea 2kg,163,6,99999,Öncü,catalog/762.JPG,"19,462",kg,true
762,Öncü Pepper tahna makea 370g lasi,163,12,99999,Öncü,catalog/302.JPG,"32,447",kg,true
302,Öncü Pepper tahna makea 4.3kg PET,163,4,99999,Öncü,catalog/765.JPG,"27,81",kg,true
765,Öncü Pepper tahna makea 750g lasi,163,12,99999,Öncü,catalog/7548.JPG,"37,092",kg,true
7548,Öncü cig köfte set Patates Püreli 500g,163,18,99999,Öncü,catalog/5401.JPG,"58,994",kg,true
5401,Öncü Tomaattipyrettä 2Kg,163,6,99999,Öncü,catalog/2932.JPG,"38,631",kg,true
2932,"Öncü Tomaattipyrettä 4,5kg voi",163,4,99999,Öncü,catalog/5400.JPG,"37,092",kg,true
5400,Öncü Tomaattipyrettä 72cc lasi,163,12,99999,Öncü,catalog/2083.JPG,"27,81",kg,true
2083,Öncü Tomaattipyrettä 850g tina,163,12,99999,Öncü,catalog/9938.JPG,"58,994",kg,true
9938,Öncü UCU Bir Arada Karisik Salca 700g Mix Paste,163,12,99999,Öncü,catalog/11616.JPG,"38,631",kg,true
11616,Tukas Tomaattipyrettä 350g lasi,163,12,99999,Tukas,catalog/682.JPG,"34,758",kg,true
682,Tukas Tomaattipyrettä 410g tölkki,163,24,99999,Tukas,catalog/676.JPG,"35,547",kg,true
676,Tukas Tomaattipyrettä 720cc lasi,163,12,99999,Tukas,catalog/2143.JPG,"42,505",kg,true
2143,Tukas Tomaattipyrettä 850 ml tölkki,163,12,99999,Tukas,catalog/318.JPG,"26,264",kg,true
318,"Tukas Tomaattipyrettä 4,5kg tölkki",163,6,99999,Tukas,catalog/10492.JPG,"24,718",kg,true
10492,Yonca Tomaattipyrettä 28/30 1kg,163,12,99999,Yonca,catalog/10491.JPG,"35,539",kg,true
10491,Yonca Tomaattipyrettä 28/30 720 g,163,12,99999,Yonca,catalog/11605.JPG,"21,008",kg,true
11605,Aksiyon Türlü Tursu 5/1 PET sekavihanneksia suolavedessä,164,4,99999,Aksiyon,catalog/9984.JPG,"38,924",kg,true
9984,Balkanin Djuvec 4200g,164,3,99999,Balkan,catalog/9981.JPG,"30,901",kg,true
9981,Balkanin Gamba pippuri filee 720 ml,164,12,99999,Balkan,catalog/9738.JPG,"26,264",kg,true
9738,Balkanin Gamba keltainen paprika kaali 1500g,164,6,99999,Balkan,catalog/9735.JPG,"61,439",kg,true
9735,Balkanin vihreät tomaatit 2350g,164,6,99999,Balkan,catalog/9476.JPG,"21,008",kg,true
9476,Balkanin kurkku 2300g,164,6,99999,Balkan,catalog/9740.JPG,"20,08",kg,true
9740,Balkanin kurkut erityisesti Kornison 1300 g,164,6,99999,Balkan,catalog/9742.JPG,"11,331",kg,true
9742,Balkanin kirsikka paprikaa soija juustoa 580 ml,164,6,99999,Balkan,catalog/9548.JPG,"19,512",kg,true
9548,Balkanin pippuri filee keltainen banaani paprikat koko 2350g,164,6,99999,Balkan,catalog/9739.JPG,"19,462",kg,true
9739,Balkanin pippuri filee punainen 1300 g,164,6,99999,Balkan,catalog/9477.JPG,"19,702",kg,true
9477,Balkanin pippuri filee punainen koko 2350g,164,6,99999,Balkan,catalog/9472.JPG,"23,257",kg,true
9472,Balkanin Pepperoni 2300g terävä,164,6,99999,Balkan,catalog/9737.JPG,"25,885",kg,true
9737,Balkanin salaatti kappaletta 2350g,164,6,99999,Balkan,catalog/9475.JPG,"18,929",kg,true
9475,Balkanin Somborka paprikat 2300g,164,6,99999,Balkan,catalog/12096.JPG,"21,634",kg,true
12096,Balkaneta Lutenica 580 ml Anfora,164,6,99999,Balkaneta,catalog/12098.JPG,"24,339",kg,true
12098,Balkaneta pippuri filet keltainen 2500ml,164,6,99999,Balkaneta,catalog/12103.JPG,"19,702",kg,true
12103,Balkaneta pippuri filet punainen 2500ml,164,6,99999,Balkaneta,catalog/12097.JPG,"24,339",kg,true
12097,Balkaneta paprikat paahdettu punainen 1700ml,164,6,99999,Balkaneta,catalog/1222.JPG,"25,112",kg,true
1222,Balkaneta paprikat kaali 2500ml keltainen,164,6,99999,Balkaneta,catalog/1192.JPG,"25,112",kg,true
1192,Balkaneta punainen paprika kaali 2500ml,164,6,99999,Balkaneta,catalog/1219.JPG,"24,339",kg,true
1219,Balkaneta paprikat Somborka 2500ml,164,6,99999,Balkaneta,catalog/12104.JPG,"15,451",kg,true
12104,Balkaneta pepperoni sharp 2500ml Pfefferoni,164,6,99999,Balkaneta,catalog/12105.JPG,"23,566",kg,true
12105,Balkaneta pepperoni sharp 720 ml Pfefferoni,164,12,99999,Balkaneta,catalog/12102.JPG,"24,339",kg,true
12102,Balkaneta salaatti hienonnettuna Balkanin 2500ml,164,6,99999,Balkaneta,catalog/12101.JPG,"25,499",kg,true
12101,Balkaneta salaatti kappaleita Balkanin 2500ml,164,6,99999,Balkaneta,catalog/12100.JPG,"25,885",kg,true
12100,Balkaneta tomaatit vihreä 2500ml koko,164,6,99999,Balkaneta,catalog/12099.JPG,"25,885",kg,true
12099,Balkaneta tomaatit vihreä neljänneksellä 2500ml,164,6,99999,Balkaneta,catalog/3047.JPG,"24,339",kg,true
3047,Burcu ACI Yakan Pepper etikkaliemessä 320cc,164,12,99999,Burcu,catalog/3352.JPG,"26,658",kg,true
3352,Burcu ACI Yakan Pepper etikkaliemessä 580cc,164,12,99999,Burcu,catalog/3353.JPG,"18,535",kg,true
3353,Burcu Rosmariini Pepper etikkaliemessä 1500cc,164,6,99999,Burcu,catalog/2976.JPG,"22,793",kg,true
2976,Burcu Rosemary Pickle 370ml lasi,164,12,99999,Burcu,catalog/2979.JPG,"22,793",kg,true
2979,Burcu Rosemary Pickle 580cc,164,12,99999,Burcu,catalog/2975.JPG,"22,02",kg,true
2975,Burcu Frenk Pepper Pickle 580 ml lasi,164,12,99999,Burcu,catalog/9490.JPG,"22,793",kg,true
9490,Burcu Patlican salaatti 1300 g,164,6,99999,Burcu,catalog/3051.JPG,"17,916",kg,true
3051,Burcu Patlican salaatti 560gr lasi,164,12,99999,Burcu,catalog/300.JPG,"25,645",kg,true
300,Burcu Turlu 550cc lasiKavanoz,164,12,99999,Burcu,catalog/1017.JPG,"28,59",kg,true
1017,Burcu Yaprak Sarma 400g / kasviksia,164,24,99999,Burcu,catalog/11842.JPG,"15,443",kg,true
11842,Burcu Yesil Zeytin salatasi 300g lasi,164,12,99999,Burcu,catalog/11517.JPG,"26,264",kg,true
11517,Cenkci ACUR Tursu 2/1,164,6,99999,Cenkci,catalog/10108.JPG,"20,08",kg,true
10108,Cenkci ACUR Tursu 720cc,164,12,99999,Cenkci,catalog/12063.JPG,"27,431",kg,true
12063,Cenkci Pepper Pickle Cimbom 1700cc,164,6,99999,Cenkci,catalog/9298.JPG,"20,08",kg,true
9298,Cenkci Biberiye 3/1 Pet,164,6,99999,Cenkci,catalog/10538.JPG,"18,535",kg,true
10538,Cenkci Rosemary Pickle 2/1,164,6,99999,Cenkci,catalog/9301.JPG,"35,833",kg,true
9301,Cenkci Rosemary Pickle 370cc,164,12,99999,Cenkci,catalog/9312.JPG,"23,172",kg,true
9312,Cenkci Rosemary Pickle 720cc,164,12,99999,Cenkci,catalog/11618.JPG,"20,861",kg,true
11618,Cenkci Cherry Pepper 2/1 Pet,164,6,99999,Cenkci,catalog/11392.JPG,"16,989",kg,true
11392,Cenkci Cherry Pepper Tursu 72cc,164,12,99999,Cenkci,catalog/12064.JPG,"27,044",kg,true
12064,Cenkci Erik Tursu 1700cc lasi,164,6,99999,Cenkci,catalog/10544.JPG,"34,001",kg,true
10544,Cenkci Erik Tursu 72cc,164,12,99999,Cenkci,catalog/9300.JPG,"25,499",kg,true
9300,Cenkci Frenk Pepper Pickle 370cc,164,12,99999,Cenkci,catalog/10541.JPG,"16,989",kg,true
10541,Cenkci Jalapeno Pepper Pickle 2/1,164,6,99999,Cenkci,catalog/10540.JPG,"24,718",kg,true
10540,Cenkci Jalapeno Pepper Pickle 3/1,164,6,99999,Cenkci,catalog/11357.JPG,"19,315",kg,true
11357,Cenkci Jalapeno Pepper Pickle 370cc,164,12,99999,Cenkci,catalog/10539.JPG,"21,626",kg,true
10539,Cenkci Jalapeno Pepper Pickle 5/1,164,4,99999,Cenkci,catalog/10542.JPG,"28,59",kg,true
10542,Cenkci Jalapeno Pepper Pickle 72cc,164,12,99999,Cenkci,catalog/10543.JPG,"24,718",kg,true
10543,Cenkci Kelek Tursu 2/1 Pet,164,6,99999,Cenkci,catalog/9296.JPG,"13,897",kg,true
9296,Cenkci Kelek Tursu 3/1 Pet,164,6,99999,Cenkci,catalog/9306.JPG,"20,861",kg,true
9306,Cenkci Kelek Tursu 5/1 Pet,164,4,99999,Cenkci,catalog/11562.JPG,"27,044",kg,true
11562,Cenkci Kokteyl Pepper suolakurkku 72cc kirsikka + rosmariini,164,12,99999,Cenkci,catalog/11393.JPG,"15,443",kg,true
11393,Cenkci Kokteyl Pepper suolakurkku 72cc Sus + rosmariini,164,6,99999,Cenkci,catalog/11347.JPG,"22,152",kg,true
11347,Cenkci Kornison Tursu 2Kg Pet,164,6,99999,Cenkci,catalog/11389.JPG,"21,008",kg,true
11389,Cenkci Kornison Tursu 32cc,164,12,99999,Cenkci,catalog/11390.JPG,"20,861",kg,true
11390,Cenkci Kaali salaatti 1700cc,164,6,99999,Cenkci,catalog/9294.JPG,"25,499",kg,true
9294,Cenkci Kaali salaatti 3/1 Pet,164,6,99999,Cenkci,catalog/9307.JPG,"22,667",kg,true
9307,Cenkci Kaali salaatti 5/1 Pet,164,4,99999,Cenkci,catalog/11391.JPG,"24,718",kg,true
11391,Cenkci Kaali salaatti 72cc,164,12,99999,Cenkci,catalog/9304.JPG,"12,359",kg,true
9304,Cenkci Kaali Pickles 5/1 Pet,164,4,99999,Cenkci,catalog/11346.JPG,"25,499",kg,true
11346,Cenkci Kaali suolakurkkua 720cc,164,12,99999,Cenkci,catalog/9291.JPG,"16,68",kg,true
9291,Cenkci Gabbage suolakurkkua soslu 3/1 Pet,164,6,99999,Cenkci,catalog/9289.JPG,"16,997",kg,true
9289,Cenkci Lombardi Pepper tahna 1700cc,164,6,99999,Cenkci,catalog/9292.JPG,"16,997",kg,true
9292,Cenkci Lombardi Pepper tahna 3/1 Pet,164,6,99999,Cenkci,catalog/9302.JPG,"14,423",kg,true
9302,Cenkci Lombardi Pepper tahna 5/1 Pet,164,4,99999,Cenkci,catalog/11358.JPG,"18,535",kg,true
11358,Cenkci Lombardi Pepper tahna 720cc,164,12,99999,Cenkci,catalog/12061.JPG,"15,453",kg,true
12061,Cenkci Salatalik Çubuk Tursu 3/1 Pet,164,6,99999,Cenkci,catalog/12062.JPG,"16,989",kg,true
12062,Cenkci Salatalik Çubuk Tursu 5/1 Pet No.2,164,4,99999,Cenkci,catalog/9295.JPG,"17,769",kg,true
9295,Cenkci Salatalik Tursu 3/1 Pet,164,6,99999,Cenkci,catalog/9305.JPG,"22,407",kg,true
9305,Cenkci Salatalik Tursu 5/1 Pet,164,4,99999,Cenkci,catalog/12060.JPG,"23,18",kg,true
12060,"Cenkci Salatsalik Çubuk Tursu 1,7cc lasi",164,6,99999,Cenkci,catalog/12059.JPG,"20,606",kg,true
12059,Cenkci Salatsalik Çubuk Tursu 72cc No1,164,12,99999,Cenkci,catalog/11351.JPG,"20,08",kg,true
11351,Cenkci Salatsalik Tursu 1700cc,164,6,99999,Cenkci,catalog/10536.JPG,"16,997",kg,true
10536,Cenkci Salatsalik Tursu 2/1 Pet,164,6,99999,Cenkci,catalog/11516.JPG,"21,637",kg,true
11516,Cenkci soslu Lahana Tursu 2/1,164,6,99999,Cenkci,catalog/9308.JPG,"23,953",kg,true
9308,Cenkci soslu Lahana Tursu 5/1 Pet,164,4,99999,Cenkci,catalog/9288.JPG,"20,091",kg,true
9288,Cenkci etelä Biber Yakan Tursu 1700cc,164,6,99999,Cenkci,catalog/10546.JPG,"23,953",kg,true
10546,Cenkci etelä Biber Yakan Tursu 2/1 PET hot,164,6,99999,Cenkci,catalog/9299.JPG,"20,544",kg,true
9299,Cenkci etelä Biber Yakan Tursu 370cc,164,12,99999,Cenkci,catalog/10106.JPG,"19,315",kg,true
10106,Cenkci etelä Biber Yakan Tursu 5/1,164,4,99999,Cenkci,catalog/9311.JPG,"20,088",kg,true
9311,Cenkci etelä Biber Yakan Tursu 720cc,164,12,99999,Cenkci,catalog/9509.JPG,"13,596",kg,true
9509,Zlake Cenkci Türlü Tursu 1700cc vihanneksia Sal,164,6,99999,Cenkci,catalog/10977.JPG,"14,423",kg,true
10977,Cenkci Türlü Tursu 18kg Kova vihannekset suolavedessä,164,1,99999,Cenkci,catalog/11350.JPG,"30,136",kg,true
11350,Cenkci Türlu Tursu 2 kg Pet,164,6,99999,Cenkci,catalog/9282.JPG,"25,499",kg,true
9282,Cenkci Türlu Tursu 3/1 kasvis suolaliuoksella,164,6,99999,Cenkci,catalog/9283.JPG,"18,535",kg,true
9283,Cenkci Türlü Tursu 4/1 kasvis suolaliuoksella,164,4,99999,Cenkci,catalog/10111.JPG,"40,702",kg,true
10111,Cenkci Türlü Tursu 5/1,164,4,99999,Cenkci,catalog/9309.JPG,"24,718",kg,true
9309,Järvi Cenkci Türlü Tursu 720cc vihannekset suolassa,164,12,99999,Cenkci,catalog/11395.JPG,"16,997",kg,true
11395,Cenkci Yunan Pepper 3/1 Pet,164,6,99999,Cenkci,catalog/11394.JPG,"17,776",kg,true
11394,Cenkci Yunan Pepper 5/1 Pet,164,4,99999,Cenkci,catalog/10574.JPG,"13,905",kg,true
10574,"Cicek Pepper tahna Sus 1,7cc CPC ACI",164,6,99999,Cicek,catalog/5524.JPG,"15,142",kg,true
5524,Cicek Pepper tahna sus32cc lasi,164,12,99999,Cicek,catalog/5522.JPG,"10,816",kg,true
5522,Cicek Rosemary Pepper Marinoitu 72cc,164,12,99999,Cicek,catalog/5505.JPG,"13,392",kg,true
5505,Cicek Frenk Pepper Tursu 3 kg Pet,164,6,99999,Cicek,catalog/5496.JPG,"15,443",kg,true
5496,Cicek Frenk Pepper Tursu 5Kg ACI Pet,164,4,99999,Cicek,catalog/6277.JPG,"23,953",kg,true
6277,Cicek Frenk Pepper Tursu ACI 370cc,164,12,99999,Cicek,catalog/7575.JPG,"20,606",kg,true
7575,"Cicek Jalapeno Pepper Tursu 1,5kg",164,12,99999,Cicek,catalog/7574.JPG,"29,363",kg,true
7574,Cicek Jalapeno Pepper Tursu 3kg,164,6,99999,Cicek,catalog/7576.JPG,"20,08",kg,true
7576,Cicek Jalapeno Pepper Tursu 72cc,164,12,99999,Cicek,catalog/5735.JPG,"31,829",kg,true
5735,Cicek Kiraz Pepper Tursu 72cc,164,12,99999,Cicek,catalog/9353.JPG,"29,363",kg,true
9353,Cicek Salatalik Tursu 1.7L,164,6,99999,Cicek,catalog/5503.JPG,"28,335",kg,true
5503,Cicek Salatalik Tursu 3kg Pet,164,6,99999,Cicek,catalog/5493.JPG,"16,68",kg,true
5493,Cicek Salatalik Tursu 5kg PET,164,4,99999,Cicek,catalog/6532.JPG,"42,495",kg,true
6532,Cicek Salatalik Tursu Mantelitangot 3kg Pet,164,6,99999,Cicek,catalog/5734.JPG,"37,092",kg,true
5734,Cicek Sari Sivri Pepper Tursu 72cc tatli,164,12,99999,Cicek,catalog/11344.JPG,"23,172",kg,true
11344,Cicek etelä Biber Tursu 5Kg kuuma,164,4,99999,Cicek,catalog/5508.JPG,"23,172",kg,true
5508,"Cicek Türlü Tursu 1,5kg Pet",164,12,99999,Cicek,catalog/5498.JPG,"19,315",kg,true
5498,Cicek Türlü Tursu 3kg Pet,164,6,99999,Cicek,catalog/5492.JPG,"23,18",kg,true
5492,Cicek Türlü Tursu 5kg PET,164,4,99999,Cicek,catalog/5511.JPG,"20,606",kg,true
5511,Cicek Türlü Tursu 72cc lasi,164,12,99999,Cicek,catalog/9434.JPG,"25,499",kg,true
9434,Cicek Yunan Beaver Tursu 3kg Pet,164,6,99999,Cicek,catalog/9193.JPG,"20,08",kg,true
9193,"Dimitria munakoiso sose 2,65Kg voi",164,6,99999,Dimitria,catalog/9218.JPG,"36,58",kg,true
9218,Fersan Jalapeno 1.7L,164,6,99999,Fersan,catalog/4909.JPG,"29,51",kg,true
4909,Fersan Jalapeno 5L PET,164,4,99999,Fersan,catalog/4791.JPG,"18,542",kg,true
4791,Jalapeñoja Fersan Vihreä 720 ml,164,12,99999,Fersan,catalog/4790.JPG,"16,484",kg,true
4790,Fersan jalapeñoja 370ml vihreä,164,12,99999,Fersan,catalog/12144.JPG,"17,916",kg,true
12144,Fersan jalapeñoja 370ml punainen,164,12,99999,Fersan,catalog/2404.JPG,"30,909",kg,true
2404,GRI pepperoni keltainen päätön 7kg CAN,164,1,99999,Gri,catalog/2864.JPG,"51,778",kg,true
2864,GRI pepperoni 6kg NO0 kapselin Teneke,164,1,99999,Gri,catalog/6555.JPG,"23,18",kg,true
6555,GRI pepperoni 6kg No1 muovisangossa,164,1,99999,Gri,catalog/6463.JPG,"35,034",kg,true
6463,Gülcan Biberiye Bibe Tursu Kirmizi 32cc,164,12,99999,Gülcan,catalog/2982.JPG,"24,718",kg,true
2982,Gülcan Biberiye Tursu 320 ml lasi,164,12,99999,Gülcan,catalog/700.JPG,"17,916",kg,true
700,Gülcan Biberiye Tursu 720 ml lasi ACI,164,12,99999,Gülcan,catalog/691.JPG,"17,916",kg,true
691,Gülcan Frenk Pepper Tursu 370ml lasi,164,12,99999,Gülcan,catalog/693.JPG,"33,105",kg,true
693,Gülcan Frenk Pepper Tursu 720 ml lasi,164,12,99999,Gülcan,catalog/699.JPG,"13,654",kg,true
699,Gülcan kurkut etikka 720g / Salatalik Tursu,164,12,99999,Gülcan,catalog/675.JPG,"11,721",kg,true
675,Gülcan Kirmizi Pepper Frenk punainen Pfefer etikassa 720cc,164,12,99999,Gülcan,catalog/11874.JPG,"18,535",kg,true
11874,Gülcan Lombardi Pepper Tursu 3/1 Pet,164,6,99999,Gülcan,catalog/11873.JPG,"17,916",kg,true
11873,Gülcan Lombardi Pepper Tursu 5/1 Pet,164,4,99999,Gülcan,catalog/11875.JPG,"24,718",kg,true
11875,Gülcan Lombardi Pepper Tursu 72cc lasi,164,12,99999,Gülcan,catalog/11526.JPG,"16,37",kg,true
11526,Gülcan maissi kastike 600g,164,12,99999,Gülcan,catalog/278.JPG,"21,626",kg,true
278,Gülcan Salatalik Tursu 3kg kurkut etikassa,164,6,99999,Gülcan,catalog/279.JPG,"20,08",kg,true
279,Gülcan Salatalik Tursu 5kg PET,164,4,99999,Gülcan,catalog/2983.JPG,"19,462",kg,true
2983,Gülcan Sari Sivri Pepper Tursu tatli 72cc lasi,164,12,99999,Gülcan,catalog/7579.JPG,"22,407",kg,true
7579,Gülcan Sari Sivri Pepper Tursu tatli 5Kg,164,4,99999,Gülcan,catalog/7581.JPG,"20,091",kg,true
7581,Gülcan etelä Pepper 72C,164,12,99999,Gülcan,catalog/7582.JPG,"20,08",kg,true
7582,Gülcan etelä Pepper vihreä Tursu 32cc lasi,164,12,99999,Gülcan,catalog/6428.JPG,"21,626",kg,true
6428,Gülcan etelä Paprikat Tursu 370cc ACI Lasi,164,12,99999,Gülcan,catalog/7421.JPG,"24,726",kg,true
7421,Gülcan etelä Paprikat Tursu 72cc ACI Lasi,164,12,99999,Gülcan,catalog/11396.JPG,"22,667",kg,true
11396,Gülcan Türlü Tursu 1700cc,164,6,99999,Gülcan,catalog/273.JPG,"20,08",kg,true
273,Gülcan Türlü Tursu 3kg Pet,164,6,99999,Gülcan,catalog/274.JPG,"27,305",kg,true
274,Gülcan Türlü Tursu 5kg kasvis suolaliuoksella,164,4,99999,Gülcan,catalog/694.JPG,"28,737",kg,true
694,Gülcan Türlü Tursu 720 ml lasi,164,12,99999,Gülcan,catalog/9371.JPG,"16,989",kg,true
9371,Kelmendi kurkut 1.5K,164,4,99999,Kelmendi,catalog/10988.JPG,"18,535",kg,true
10988,Kuehne Karisik Tursu 720cc,164,12,99999,Kuehne,catalog/5883.JPG,"29,356",kg,true
5883,Kuehne Saklatalik Tur su Türk Tipi 720 ml,164,12,99999,Kuehne,catalog/11341.JPG,"16,997",kg,true
11341,Kuehne Salatalik Tursu 370ml lasi kurkut,164,12,99999,Kuehne,catalog/11449.JPG,"17,769",kg,true
11449,Naz kurkut 72cc lasi etikkakurkkuja,164,12,99999,Naz,catalog/11450.JPG,"15,969",kg,true
11450,Naz etikkaliemi 72cc lasi mix vihannekset,164,12,99999,Naz,catalog/2058.JPG,"16,37",kg,true
2058,Pomberg yrttisalaattia 5kg ämpäri,164,1,99999,Pomberg,catalog/2198.JPG,"13,134",kg,true
2198,Pomberg coleslaw 3kg ämpäri,164,1,99999,Pomberg,catalog/5958.JPG,"15,443",kg,true
5958,Punajuuri 20kg,164,1,99999,,catalog/3151.JPG,"16,989",kg,true
3151,Keitetyt punajuuret 12x500g Vakum,164,1,99999,,catalog/337.JPG,"18,535",kg,true
337,"Saħħa kurkku 2,9kg etikka",164,4,99999,Sahha,catalog/11991.JPG,"28,737",kg,true
11991,Sandra Letscho sieniä 800 ml,164,6,99999,Sandra,catalog/3701.JPG,"21,626",kg,true
3701,Sofko Pfeferonie 72cc vihreä,164,12,99999,Sofko,catalog/4129.JPG,"8,114",kg,true
4129,Sofko Pfeferronie32c vihreä,164,12,99999,Sofko,catalog/3637.JPG,"5,409",kg,true
3637,Sofko Pfefferonie punainen 32cc,164,12,99999,Sofko,catalog/3073.JPG,"12,881",kg,true
3073,Sofko Pfefferroni 720 ml lasi punainen,164,12,99999,Sofko,catalog/3357.JPG,"10,433",kg,true
3357,"Vanak etikkaliemi Mix 2,5 kg vihannekset /lasi",164,4,99999,Vanak,catalog/1262.JPG,"26,274",kg,true
1262,Ace Bahar Bleichmit Parfum 2Lit Pet,166,1,99999,,catalog/1238.JPG,"12,359",kg,true
1238,HS Camasir Sabun 700g Zeytin Bal Sabu Oliiviöljy Hunaja,167,15,99999,Haci Sakir,catalog/9329.JPG,"24,1",kg,true
9329,HS Sabun Bitki Özlü Cicek 5 * 75g,167,24,99999,Haci Sakir,catalog/1229.JPG,"16,989",kg,true
1229,HS Sabun vihreä saippua glyseriiniä 600g Zeytin,167,18,99999,Haci Sakir,catalog/9326.JPG,"16,989",kg,true
9326,HS Sabun Güzellik Elegance 4 * 85g,167,24,99999,Haci Sakir,catalog/9571.JPG,"24,718",kg,true
9571,HS Sabun Sarayli Güz Gül 5 * 75g,167,24,99999,Haci Sakir,catalog/9572.JPG,"18,596",kg,true
9572,HS Sabun Sarayli Güz Lavanta 5 * 75g,167,24,99999,Haci Sakir,catalog/9573.JPG,"2,446",kg,true
9573,HS Sabun Sarayli Güz SUT & Hanimei 5 * 75g,167,24,99999,Haci Sakir,catalog/5727.JPG,"23,168",kg,true
5727,HS Sabun saippua 700g Leylak,167,15,99999,Haci Sakir,catalog/1207.JPG,"30,886",kg,true
1207,HS Sabun saippua 175g Ruusu,167,36,99999,Haci Sakir,catalog/1237.JPG,"30,121",kg,true
1237,HS Sabun saippua 700g Ruusu,167,15,99999,Haci Sakir,catalog/1208.JPG,"30,886",kg,true
1208,HS Sabun saippua 175g Laventeli,167,36,99999,Haci Sakir,catalog/2580.JPG,"32,741",kg,true
2580,HS Sabun saippua 700g Laventeli,167,15,99999,Haci Sakir,catalog/1203.JPG,"32,741",kg,true
1203,HS Sabun saippua Laylak 175g,167,36,99999,Haci Sakir,catalog/2582.JPG,"32,741",kg,true
2582,HS Sabun saippua Sambe DOGAL 700g Luonto,167,15,99999,Haci Sakir,catalog/3976.JPG,"23,168",kg,true
3976,HS shampoo 600ml Nar,167,12,99999,Haci Sakir,catalog/1197.JPG,"22,677",kg,true
1197,HS shampoo 600ml Adacayi ennuste,167,12,99999,Haci Sakir,catalog/1194.JPG,"23,168",kg,true
1194,HS shampoo 600ml Badem Sac Krem Mande Mantelimaito,167,12,99999,Haci Sakir,catalog/1191.JPG,"22,677",kg,true
1191,HS shampoo 600ml kookosmaito,167,12,99999,Haci Sakir,catalog/1189.JPG,"23,168",kg,true
1189,HS shampoo 600ml Limon Sac Krem Zitro,167,12,99999,Haci Sakir,catalog/3974.JPG,"22,677",kg,true
3974,HS shampoo 600ml Uzumlu,167,12,99999,Haci Sakir,catalog/1196.JPG,"23,168",kg,true
1196,HS shampoo 600ml ZeytinYag Sac Krem,167,12,99999,Haci Sakir,catalog/1190.JPG,"16,989",kg,true
1190,HS shampoo 650ml Bal Sac Krem,167,12,99999,Haci Sakir,catalog/3975.JPG,"16,989",kg,true
3975,HS shampoo 650ml Bali hacinli saclar,167,12,99999,Haci Sakir,catalog/10599.JPG,"16,989",kg,true
10599,Bir Monikäyttöinen Cleaner Pesuaine 500 ml,168,15,99999,Bir,catalog/10598.JPG,"16,989",kg,true
10598,Kit COZ 500ml PET Levent,168,18,99999,Kir,catalog/2966.JPG,"16,989",kg,true
2966,Kir COZ Revue 1000ml PET,168,18,99999,Kir,catalog/1181.JPG,"16,989",kg,true
1181,Kir COZ Spray 1L,168,12,99999,Kir,catalog/7135.JPG,"16,989",kg,true
7135,Kombi Yag çözücü 1L,168,18,99999,Kombi,catalog/10686.JPG,"16,989",kg,true
10686,Kombi Yag çözücü 500ml,168,18,99999,Kombi,catalog/7134.JPG,"16,989",kg,true
7134,Por COZ Levent 1L,168,18,99999,Por Cöz,catalog/10593.JPG,"32,83",kg,true
10593,Por COZ Levent 6 L,168,4,99999,Por Cöz,catalog/1180.JPG,"20,846",kg,true
1180,Porcoz Spray Bath 1L,168,12,99999,Por Cöz,catalog/1183.JPG,"34,758",kg,true
1183,Yagcoz Spray 1L,168,12,99999,Yagcoz,catalog/9564.JPG,"44,814",kg,true
9564,ABC valkaisuaine 2L Lavender,169,8,99999,ABC,catalog/10767.JPG,"32,439",kg,true
10767,ABC valkaisuaine valkoinen 1L,169,18,99999,ABC,catalog/10766.JPG,"20,846",kg,true
10766,ABC valkaisuaine Lavender 1L,169,18,99999,ABC,catalog/10857.JPG,"32,439",kg,true
10857,"ABC nestemäiset pesuaineet, el Mustat 3L",169,4,99999,ABC,catalog/10753.JPG,"39,156",kg,true
10753,"ABC nestemäiset pesuaineet, el Mustat 1.5L",169,9,99999,ABC,catalog/10754.JPG,"38,631",kg,true
10754,"ABC nestemäiset pesuaineet, el Color 1,5",169,9,99999,ABC,catalog/10858.JPG,"38,631",kg,true
10858,"ABC nestemäiset pesuaineet, el Color 3L",169,4,99999,ABC,catalog/10755.JPG,"12,356",kg,true
10755,"ABC nestemäiset pesuaineet, el Hassa Hienopesu 1.5L",169,9,99999,ABC,catalog/10859.JPG,"16,208",kg,true
10859,"ABC nestemäiset pesuaineet, el Hassa Hienopesu 3L",169,4,99999,ABC,catalog/9565.JPG,"16,208",kg,true
9565,ABC Glass Cleaner 500ml,169,12,99999,ABC,catalog/9559.JPG,"21,121",kg,true
9559,ABC Automaattinen Pesu jauhe 10kg Laventeli,169,2,99999,ABC,catalog/9558.JPG,"24,915",kg,true
9558,ABC Automaattinen Pesuaine 10kg Ruusu,169,2,99999,ABC,catalog/10084.JPG,"24,915",kg,true
10084,ABC Automaattinen Pesuaine 5kg Väri,169,4,99999,ABC,catalog/9553.JPG,"21,121",kg,true
9553,ABC Automaattinen Pesuaine 5kg Laventeli,169,4,99999,ABC,catalog/9552.JPG,"24,915",kg,true
9552,ABC Automaattinen Pesuaine 5kg Ruusu,169,4,99999,ABC,catalog/9557.JPG,"21,121",kg,true
9557,ABC Automaattinen Pesuaine 9 kg Väri,169,2,99999,ABC,catalog/9556.JPG,"10,805",kg,true
9556,ABC Automaattinen Pesuaine 9 kg Laventeli,169,2,99999,ABC,catalog/9555.JPG,"27,05",kg,true
9555,ABC Automaattinen Pesuaine 9 kg Mountain Fresh,169,2,99999,ABC,catalog/9554.JPG,"27,05",kg,true
9554,ABC Automaattinen Pesuaine 9kg Ruusu,169,2,99999,ABC,catalog/10747.JPG,"26,789",kg,true
10747,ABC Pehmeä Ask Rakkaus 4L Huuhteluaine,169,4,99999,ABC,catalog/10750.JPG,"28,335",kg,true
10750,ABC Pehmeä Ocean Okyanus 4L huuhteluaine,169,4,99999,ABC,catalog/10752.JPG,"28,335",kg,true
10752,ABC Pehmeä Passion Tutku 4L huuhteluaine,169,4,99999,ABC,catalog/10749.JPG,"20,351",kg,true
10749,ABC Pehmeä Rentoudu Huzur 4L huuhteluaine,169,4,99999,ABC,catalog/10991.JPG,"20,351",kg,true
10991,ABC Pehmeä Sultan 4L,169,4,99999,ABC,catalog/10854.JPG,"20,351",kg,true
10854,ABC pesuainetta omena afwas 750ml Elma,169,2,99999,ABC,catalog/11423.JPG,"20,351",kg,true
11423,ABC Crystal pesuaine 500g,169,24,99999,ABC,catalog/10855.JPG,"14,938",kg,true
10855,ABC pesuainetta Limon afwas 750ml,169,2,99999,ABC,catalog/10856.JPG,"14,938",kg,true
10856,ABC pesuainetta Virta afwas 750ml,169,2,99999,ABC,catalog/10744.JPG,"14,938",kg,true
10744,"ABC Väri pesuaine 2,5 kg",169,6,99999,ABC,catalog/10745.JPG,"14,938",kg,true
10745,"ABC pesuainetta Gul Rose 2,5kg",169,6,99999,ABC,catalog/10746.JPG,"14,938",kg,true
10746,"ABC pesuaine Lavanta 2,5kg",169,6,99999,ABC,catalog/4819.JPG,"2,059",kg,true
4819,Ace Normaali Bleichmit 1 litra,169,18,99999,Ace,catalog/4821.JPG,"27,794",kg,true
4821,Ace Normaali Bleichmit 4 litraa,169,4,99999,Ace,catalog/1269.JPG,"2,059",kg,true
1269,Ace Hajuvesi Bleichmit 4Lit Pet,169,4,99999,Ace,catalog/2847.JPG,"2,059",kg,true
2847,Ariel 3D Actives 6kg Dag Esintisi,169,1,99999,Ariel,catalog/8004.JPG,"22,793",kg,true
8004,Ariel Väri 6kg,169,1,99999,Ariel,catalog/1312.JPG,"22,793",kg,true
1312,"Ariel Pul XL 42WL Color & Style 2,7kg",169,1,99999,Ariel,catalog/2832.JPG,"22,793",kg,true
2832,Ariel Pul. XL 42WL VWM Actilift XL 2.7K Vihreä,169,1,99999,Ariel,catalog/5251.JPG,"22,237",kg,true
5251,"Ariel säännöllisesti 6,5K 100 Wa XXXL",169,1,99999,Ariel,catalog/9042.JPG,"19,575",kg,true
9042,Bingo Bahar Uyanisi Pehmeä Yumusatici 1L huuhteluaine,169,15,99999,Bingo,catalog/9041.JPG,"19,06",kg,true
9041,Bingo Dag Tazeligi Machine deterjan Eko 6kg pesuainetta,169,3,99999,Bingo,catalog/9063.JPG,"13,654",kg,true
9063,Bingo Hali Sampuani Elde 500gr matto puhdistusaineita,169,12,99999,Bingo,catalog/11608.JPG,"13,654",kg,true
11608,Cif Peseytymiseen 750ml,169,6,99999,Cif,catalog/7091.JPG,"10,304",kg,true
7091,Cif kerma 500ml Amonyakli,169,16,99999,Cif,catalog/9505.JPG,"10,304",kg,true
9505,Cif kerma Limon 500ml,169,16,99999,Cif,catalog/9506.JPG,"21,19",kg,true
9506,Cif kerma Ultra Beyaz 500ml,169,16,99999,Cif,catalog/11607.JPG,"21,236",kg,true
11607,Cif Power & Shine 750ml Keittiö,169,6,99999,Cif,catalog/11819.JPG,"25,502",kg,true
11819,Domestos Active WC Gel Citrus 750ml voima,169,12,99999,Domestos,catalog/11821.JPG,"15,443",kg,true
11821,Domestos Active WC Gel Lime 750ml voima,169,12,99999,Domestos,catalog/11820.JPG,"13,132",kg,true
11820,Domestos Active WC Geelin vahvuutta Ocean 750ml,169,12,99999,Domestos,catalog/7104.JPG,"23,888",kg,true
7104,Domestos Camasir Limon 810 ml,169,2,99999,Domestos,catalog/7105.JPG,"23,888",kg,true
7105,Domestos Hygienia Cleaner 2L,169,6,99999,Domestos,catalog/6728.JPG,"23,888",kg,true
6728,Elenor Oda Parfum Fresh Air Classik,169,12,99999,Elenor,catalog/6727.JPG,"13,132",kg,true
6727,Elenor Oda Parfum Tuore,169,16,99999,Elenor,catalog/6726.JPG,"25,645",kg,true
6726,Elenor Oda hajuvesi romance,169,16,99999,Elenor,catalog/11487.JPG,"25,645",kg,true
11487,Fairy astianpesuainetta 750ml Elma,169,2,99999,Fairy,catalog/11486.JPG,"25,645",kg,true
11486,Fairy astianpesuainetta 750ml Limon,169,2,99999,Fairy,catalog/11488.JPG,"3,501",kg,true
11488,Fairy astianpesuainetta 750ml Portakal,169,2,99999,Fairy,catalog/2200.JPG,"15,451",kg,true
2200,Kosla Hali (El Tipi),169,12,99999,Kosla Hali,catalog/10168.JPG,"26,264",kg,true
10168,Omo pesuaine 6kg Active,169,1,99999,Omo,catalog/10169.JPG,"35,018",kg,true
10169,Omo pesuainetta 6kg Active Fresh,169,1,99999,Omo,catalog/2518.JPG,"35,018",kg,true
2518,Omo pesuaine Kukka 6kg,169,1,99999,Omo,catalog/10668.JPG,"3,089",kg,true
10668,Omo Color Liquid 5L XXL PET,169,2,99999,Omo,catalog/3727.JPG,"3,089",kg,true
3727,"Omo XXL-Pack 4,9 kg jauhetta 70WL",169,1,99999,Omo,catalog/10041.JPG,"3,089",kg,true
10041,Persil Color Expert 10kg,169,1,99999,Persil,catalog/10042.JPG,"55,635",kg,true
10042,Persil 10kg Gülün Büyüsü,169,1,99999,Persil,catalog/9449.JPG,"15,972",kg,true
9449,Persil deterjan 6kg Deniz Esintisi,169,1,99999,Persil,catalog/6953.JPG,"15,972",kg,true
6953,Pril pesuainetta 750m Limon Virta,169,2,99999,Piril,catalog/6724.JPG,"14,942",kg,true
6724,Pro-5 Gel 1L,169,18,99999,Pro5,catalog/10356.JPG,"18,805",kg,true
10356,Pro-5 lavuaari Aci TOZ 150g,169,24,99999,Vernel,catalog/9056.JPG,"9,016",kg,true
9056,Vernel Yumusatici 6L Sensitive,169,4,99999,Vernel,catalog/7420.JPG,"16,101",kg,true
7420,Vernel Yumusatici 6LT Relax weichspull,169,4,99999,Vernel,catalog/6714.JPG,"16,101",kg,true
6714,Vernel Yumusatici Deniz Esintisi 2L huuhteluainetta,169,9,99999,Vernel,catalog/6720.JPG,"12,365",kg,true
6720,Vernel Yumusatici Deniz Esintisi 4L,169,4,99999,Vernel,catalog/11778.JPG,"2,831",kg,true
11778,Vernel Yumusatici Deniz Esintisi 5L,169,4,99999,Vernel,catalog/6717.JPG,"32,439",kg,true
6717,Vernel Yumusatici Gülin 2L huuhteluainetta,169,9,99999,Vernel,catalog/6763.JPG,"18,519",kg,true
6763,Vernel Yumusatici Gülün Büyüsü 1L,169,16,99999,Vernel,catalog/6764.JPG,"28,335",kg,true
6764,Vernel Yumusatici Gülün Büyüsü 4L,169,4,99999,Vernel,catalog/11779.JPG,"28,335",kg,true
11779,Vernel Yumusatici Gülün Büyüsü 5L,169,4,99999,Vernel,catalog/6762.JPG,"27,814",kg,true
6762,Vernel Yumusatici Relax 1L,169,16,99999,Vernel,catalog/6719.JPG,"21,121",kg,true
6719,Vernel Yumusatici Relax 2L Weichspül,169,9,99999,Vernel,catalog/6721.JPG,"26,789",kg,true
6721,Vernel huuhteluaine 4L Yumusatici Relax,169,4,99999,Vernel,catalog/11780.JPG,"26,654",kg,true
11780,Vernel Yumusatici Relax 5L Huuhteluaine,169,4,99999,Vernel,catalog/9439.JPG,"22,652",kg,true
9439,Vernel Sensitive Yumusatici 4L,169,4,99999,Vernel,catalog/7300.JPG,"21,121",kg,true
7300,Vernel Yumusatici Sensual 1L,169,16,99999,Vernel,catalog/6718.JPG,"26,789",kg,true
6718,Vernel Sensitive Yumussatici 2L,169,9,99999,Vernel,catalog/11614.JPG,"22,652",kg,true
11614,Viss pesu Citrus 500ml,169,8,99999,Viss,catalog/11615.JPG,"26,654",kg,true
11615,Viss pesu Pink Flower 500ml,169,8,99999,Viss,catalog/11613.JPG,"21,121",kg,true
11613,Viss pesu tavallinen 500ml,169,8,99999,Viss,catalog/6160.JPG,"26,789",kg,true
6160,Arko nem Gliserinli 75ml,170,24,99999,Arko,catalog/6191.JPG,"21,637",kg,true
6191,Arko nem Gunluk Baki Krem 300ml,170,12,99999,Arko,catalog/6190.JPG,"22,652",kg,true
6190,Arko nem Krem 300ml Mango + Mandalina,170,12,99999,Arko,catalog/6158.JPG,"26,654",kg,true
6158,Arko nem meyveli yoghurt + 300ml Bögürt,170,12,99999,Arko,catalog/1321.JPG,"13,387",kg,true
1321,Arko Tras Krem Maximum Comfort 100g Rasiercrem,170,72,99999,Arko,catalog/6149.JPG,"13,387",kg,true
6149,Arko Tras Kremi Extra Performanc Tavallinen 100g,170,72,99999,Arko,catalog/10999.JPG,"13,387",kg,true
10999,At Home Pumpsray 425 ml Laventeli,170,12,99999,At Home,catalog/11005.JPG,"40,161",kg,true
11005,At Home Scents of Nature Airfreshener 400ml Fresh Waterfal,170,12,99999,At Home,catalog/11004.JPG,"37,085",kg,true
11004,At Home Scents of Nature Airfreshener 400ml Garden Secrets,170,12,99999,At Home,catalog/11003.JPG,"38,631",kg,true
11003,At Home Scents of Nature Airfreshener 400ml Summer Paradis,170,12,99999,At Home,catalog/11007.JPG,"38,631",kg,true
11007,At Home Flower Soft huuhteluaine 750ml,170,1,99999,At Home,catalog/11008.JPG,"74,108",kg,true
11008,At Home pehmeä kevät huuhteluaine 750ml,170,1,99999,At Home,catalog/11009.JPG,"74,108",kg,true
11009,At Home Kesä Soft huuhteluaine 750ml,170,1,99999,At Home,catalog/1227.JPG,"13,897",kg,true
1227,Camsakizi Agda 270g vaha Haarentfe,170,48,99999,Camsakizi,catalog/7693.JPG,"11,733",kg,true
7693,Dalin shampoo 200ml,170,72,99999,Dalin,catalog/7692.JPG,"11,733",kg,true
7692,Dalin Shampoo 500ml,170,24,99999,Dalin,catalog/1247.JPG,"11,733",kg,true
1247,DASTY rasvanpoistoaine 1L,170,12,99999,Dasty,catalog/12031.JPG,"1,029",kg,true
12031,Dora elämä Epimedium Macun 230g,170,12,99999,Dora,catalog/9440.JPG,"1,029",kg,true
9440,Fixegoiste Jole 750m pronssi Islak,170,24,99999,Fixegoiste Jöle,catalog/9501.JPG,"1,029",kg,true
9501,Fixegoiste Jole 750m kulta Ekstra Sert,170,24,99999,Fixegoiste Jöle,catalog/9502.JPG,"53,115",kg,true
9502,Fixegoiste Jole 750m Iridium Ekstra Islak,170,24,99999,Fixegoiste Jöle,catalog/9442.JPG,"166,858",kg,true
9442,Fixegoiste Jole 750m Platinum Islak & Ekstr Sert,170,24,99999,Fixegoiste Jöle,catalog/9441.JPG,"101,995",kg,true
9441,Fixegoiste Jole 750m hopea-Sert,170,24,99999,Fixegoiste Jöle,catalog/7601.JPG,"29,356",kg,true
7601,FONEX Jole Extra Sert 750ml Hairgel,170,24,99999,Fonex,catalog/9337.JPG,"120,56",kg,true
9337,FONEX Jole Islak 700ml,170,24,99999,Fonex,catalog/7600.JPG,"46,344",kg,true
7600,FONEX Jole Sert 700ml Hairgel,170,24,99999,Fonex,catalog/9339.JPG,"46,344",kg,true
9339,FONEX Jole Ultra Güçlü 700ml,170,24,99999,Fonex,catalog/7599.JPG,"46,344",kg,true
7599,FONEX Jole Ultra Sert 700ml Hairgel,170,24,99999,Fonex,catalog/9338.JPG,"46,344",kg,true
9338,FONEX Jole Ultra Sert & Islak 700ml,170,24,99999,Fonex,catalog/10666.JPG,"46,344",kg,true
10666,FONEX vaha 150ml Erittäin Parlaklik,170,36,99999,Fonex,catalog/10667.JPG,"46,344",kg,true
10667,FONEX vaha 150ml Erittäin Sert,170,36,99999,Fonex,catalog/966.JPG,"46,344",kg,true
966,Gülcan Henna 400g Btl Kina,170,15,99999,Gülcan,catalog/7952.JPG,"46,344",kg,true
7952,Kartopu Gülsuyu 400m,170,38,99999,Kartopu,catalog/6256.JPG,"46,344",kg,true
6256,Kartopu Kolonya Limon 200cc,170,12,99999,Kartopu,catalog/6252.JPG,"46,344",kg,true
6252,Kartopu Kolonya Limon Bidon 1LT,170,2,99999,Kartopu,catalog/6257.JPG,"46,344",kg,true
6257,Kartopu Kolonya pussit 300cc,170,48,99999,Kartopu,catalog/6254.JPG,"78,791",kg,true
6254,Kartopu Kolonya Tütun 200cc,170,12,99999,Kartopu,catalog/6298.JPG,"78,791",kg,true
6298,Kartopu Limon Sprey Kolonya 160ml,170,12,99999,Kartopu,catalog/6259.JPG,"32,83",kg,true
6259,Kartopu Tütün Kolony Sprey 160ml,170,12,99999,Kartopu,catalog/4378.JPG,"39,112",kg,true
4378,Sesu El Agda,170,24,99999,Sesu,catalog/4379.JPG,"15,443",kg,true
4379,Sesu Ilik Agda,170,24,99999,Sesu,catalog/6904.JPG,"7,984",kg,true
6904,Vital Henan Musta 60g,170,1,99999,Vital,catalog/7394.JPG,"92,689",kg,true
7394,Vital Henna ruskea 60g,170,1,99999,Vital,catalog/7393.JPG,"15,443",kg,true
7393,Vital Henna Kinasi Chestnut 60g,170,1,99999,Vital,catalog/9356.JPG,"15,443",kg,true
9356,Yumos Cicek Bahcesi 6L,170,4,99999,Yumos,catalog/9358.JPG,"15,443",kg,true
9358,Yumos Doganin 6L,170,4,99999,Yumos,catalog/5880.JPG,"27,176",kg,true
5880,Yumos Doganin Ozu 1L,170,16,99999,Yumos,catalog/9355.JPG,"27,176",kg,true
9355,Yumos Lavanta 4L Yumusatici,170,4,99999,Yumos,catalog/9357.JPG,"1,802",kg,true
9357,Yumos Lavanta 6L Yumusatici,170,4,99999,Yumos,catalog/6264.JPG,"1,802",kg,true
6264,Yumos ODA Sprey comfort 500ml,170,12,99999,Yumos,catalog/6265.JPG,"1,802",kg,true
6265,Yumos ODA Sprey Lavender 500ml,170,12,99999,Yumos,catalog/5810.JPG,"28,335",kg,true
5810,Yumos Sprey Cicek500 Bahcesi,170,12,99999,Yumos,catalog/10040.JPG,"28,335",kg,true
10040,Yumos Yumusatici 2L Saf Beyaz,170,9,99999,Yumos,catalog/10411.JPG,"25,95",kg,true
10411,Yumos Yumusatici 4L Saf Beyaz,170,4,99999,Yumos,catalog/7096.JPG,"24,728",kg,true
7096,Yumos Yumusatici Bahar Taze 6L,170,4,99999,Yumos,catalog/6261.JPG,"28,335",kg,true
6261,Yumos Yumusatici Bahar Tazeligi 1L,170,16,99999,Yumos,catalog/6980.JPG,"35,539",kg,true
6980,Yumos Yumusatici Bahar Tazeligi 2L,170,9,99999,Yumos,catalog/6262.JPG,"35,539",kg,true
6262,Yumos Yumusatici Cicek 1L,170,16,99999,Yumos,catalog/8765.JPG,"35,539",kg,true
8765,Yumos Yumusatici Cicek 4L,170,4,99999,Yumos,catalog/6981.JPG,"26,654",kg,true
6981,Yumos Yumusatici Cicek Bahcesi 2L,170,9,99999,Yumos,catalog/6983.JPG,"23,698",kg,true
6983,Yumos Yumusatici Doganini Ozu 2L,170,9,99999,Yumos,catalog/6982.JPG,"27,305",kg,true
6982,Yumos Yumusatici Lavender Ferahligi 2L,170,9,99999,Yumos,catalog/10195.JPG,"35,018",kg,true
10195,Aida Sivi Sabun Doga 1000+ 500ml,171,6,99999,Aida,catalog/6162.JPG,"28,973",kg,true
6162,Arko berberien sabunu 75g,171,12,99999,Arko,catalog/6148.JPG,"25,95",kg,true
6148,Arko nem Incir + G 300ml,171,12,99999,Arko,catalog/7972.JPG,"24,728",kg,true
7972,Arko nem Mey. NAR + UZ 300ml,171,12,99999,Arko,catalog/10779.JPG,"28,973",kg,true
10779,Arko Tras Kolonya toiminta 250ml,171,12,99999,Arko,catalog/6143.JPG,"28,973",kg,true
6143,Arko Tras Kolonya Aqua 250ml,171,12,99999,Arko,catalog/6140.JPG,"28,973",kg,true
6140,Arko Tras kolonya Comfort 250ml,171,12,99999,Arko,catalog/6139.JPG,"9,267",kg,true
6139,Arko Tras kolonya Cool 250ml,171,12,99999,Arko,catalog/1311.JPG,"10,805",kg,true
1311,Arko Tras Kolonya Fresh 250ml,171,12,99999,Arko,catalog/10778.JPG,"38,631",kg,true
10778,Arko Tras Kolonya Gold Virta 250ml,171,12,99999,Arko,catalog/9271.JPG,"38,631",kg,true
9271,Arko Tras Kolonya Ice Mint 250ml,171,12,99999,Arko,catalog/10282.JPG,"37,085",kg,true
10282,Arko Tras Kolonya Hopea 250ml,171,12,99999,Arko,catalog/9223.JPG,"38,631",kg,true
9223,Arko Tras Köpügü Toiminta 200ml,171,24,99999,Arko,catalog/1317.JPG,"38,012",kg,true
1317,Arko Tras Köpugü Seikkailu 200ml parranajovoide,171,24,99999,Arko,catalog/9225.JPG,"37,085",kg,true
9225,Arko Tras Köpügü Aqua 200ml,171,24,99999,Arko,catalog/9224.JPG,"37,085",kg,true
9224,Arko Tras Köpügü Comfort 200ml,171,24,99999,Arko,catalog/6135.JPG,"37,085",kg,true
6135,Arko Tras Köpügü viileä 200ml,171,24,99999,Arko,catalog/9221.JPG,"38,631",kg,true
9221,Arko Kostea 200ml Tras Köpügü,171,24,99999,Arko,catalog/6144.JPG,"38,012",kg,true
6144,Arko Tras krem ​​viileä 100g,171,72,99999,Arko,catalog/6821.JPG,"43,253",kg,true
6821,Arko Tras Krem Kostea 100g Rasiercrem,171,72,99999,Arko,catalog/6163.JPG,"43,253",kg,true
6163,Arko Tras sonrasi krem ​​cool 50g,171,24,99999,Arko,catalog/6165.JPG,"43,253",kg,true
6165,Arko Tras sonrasi maximum comfort 75g,171,24,99999,Arko,catalog/6164.JPG,"43,253",kg,true
6164,Arko Tras sonrasi Sensitive 50ml,171,24,99999,Arko,catalog/6156.JPG,"43,253",kg,true
6156,Arko Yagli krem ​​20gr,171,12,99999,Arko,catalog/10051.JPG,"43,253",kg,true
10051,Blendax shampoo 400ml Nopeat öljyt Saclà,171,12,99999,Blendax,catalog/7696.JPG,"74,108",kg,true
7696,Blendax shampoo 400ml Anti-hilse,171,6,99999,Blendax,catalog/10054.JPG,"74,108",kg,true
10054,Blendax shampoo 400ml Daisy Dry vaurioituneille hiuksille,171,12,99999,Blendax,catalog/10052.JPG,"40,161",kg,true
10052,Blendax shampoo 400ml Normaaleille Hiuksille Jasmiini Special,171,12,99999,Blendax,catalog/10730.JPG,"40,161",kg,true
10730,Blendax shampoo 700ml Herb Özlü,171,6,99999,Blendax,catalog/7556.JPG,"43,253",kg,true
7556,Blendax shampoo 700ml Special tehokas anti-hilse miehet,171,6,99999,Blendax,catalog/11587.JPG,"10,805",kg,true
11587,Blendax shampoo 700ml Kina Özlü,171,6,99999,Blendax,catalog/7698.JPG,"33,993",kg,true
7698,Blendax shampoo 700 ml Mentolin viileys,171,6,99999,Blendax,catalog/11588.JPG,"20,088",kg,true
11588,Blendax shampoo 700ml Hedelmät Özlü,171,6,99999,Blendax,catalog/10731.JPG,"33,993",kg,true
10731,Blendax shampoo 700ml sari Kantaron Özlü,171,6,99999,Blendax,catalog/7694.JPG,"33,993",kg,true
7694,Blendax shampoo 700ml Jasmiini Özlü,171,6,99999,Blendax,catalog/11589.JPG,"25,499",kg,true
11589,Blendax shampoo 700ml Oliiviöljy Özlü,171,6,99999,Blendax,catalog/10300.JPG,"25,499",kg,true
10300,Camsakizi Ilik Agda 270g vaha Haarentfe,171,48,99999,Camsakizi,catalog/6985.JPG,"25,499",kg,true
6985,Colgate Macun 50ml,171,72,99999,Colgate,catalog/7221.JPG,"25,499",kg,true
7221,Colgate Hammasharja,171,12,99999,Colgate,catalog/1260.JPG,"25,499",kg,true
1260,Dalan saippua Sabun 4kg,171,4,99999,Dalan,catalog/10814.JPG,"25,499",kg,true
10814,Dalan Sabun Antik 5x180g,171,12,99999,Dalan,catalog/1232.JPG,"25,499",kg,true
1232,Dalan saippua Sabun Ruusu 4x175g,171,12,99999,Dalan,catalog/1253.JPG,"25,499",kg,true
1253,Dalan saippua Sabun Classic 4x175g,171,12,99999,Dalan,catalog/10812.JPG,"53,115",kg,true
10812,Dalan saippua Sabun Laventeli 4x175g,171,12,99999,Dalan,catalog/10813.JPG,"51,847",kg,true
10813,Dalan saippua Sabun Zeytin 4x175g,171,12,99999,Dalan,catalog/11583.JPG,"8,641",kg,true
11583,Dove shampoo 600ml Kepege Karsi Etkil,171,16,99999,Dove,catalog/11584.JPG,"9,785",kg,true
11584,Dove shampoo 600ml Kirik Uclar etkili,171,16,99999,Dove,catalog/10980.JPG,"24,718",kg,true
10980,Dove shampoo 700ml besleyici Bakim,171,16,99999,Dove,catalog/10981.JPG,"21,626",kg,true
10981,Dove shampoo 700ml Gunluk Komple Bakim,171,16,99999,Dove,catalog/8001.JPG,"21,626",kg,true
8001,Dove shampoo Renk Koruyucu 700ml,171,16,99999,Dove,catalog/10982.JPG,"21,626",kg,true
10982,Dove shampoo Yoğun Bakim Onarıcı 700ml,171,16,99999,Dove,catalog/8002.JPG,"21,626",kg,true
8002,Dove shampoo Yoğun Onarıcı 700ml,171,16,99999,Dove,catalog/6101.JPG,"67,996",kg,true
6101,Duru Beyaz Sabun 4x175gr,171,15,99999,Duru,catalog/10740.JPG,"67,996",kg,true
10740,Duru Gourmet Sivi Mustikka 300ml nestemäistä saippuaa,171,12,99999,Duru,catalog/11233.JPG,"67,996",kg,true
11233,Duru Gourmet Sivi Mango 300ml nestemäistä saippuaa,171,12,99999,Duru,catalog/11211.JPG,"67,996",kg,true
11211,Duru Gourmet Sivi Visne 300ml nestemäistä saippuaa,171,12,99999,Duru,catalog/9919.JPG,"67,996",kg,true
9919,Duru Hamam saippua Sabun 4x125g,171,18,99999,Duru,catalog/11235.JPG,"67,996",kg,true
11235,Duru Kremali shampoo Kepekli 600ml,171,12,99999,Duru,catalog/7454.JPG,"67,996",kg,true
7454,Duru Kremali shampoo Zeytin YAG 700ml,171,12,99999,Duru,catalog/6123.JPG,"28,965",kg,true
6123,Duru kremli sampuan Boyali 750ml,171,12,99999,Duru,catalog/6124.JPG,"16,989",kg,true
6124,Duru kremli sampuan INCI Telli 700ml,171,12,99999,Duru,catalog/6122.JPG,"16,989",kg,true
6122,Duru kremli sampuan kuru yipranmis 750ml,171,12,99999,Duru,catalog/6121.JPG,"16,989",kg,true
6121,Duru kremli sampuan normaali 600ml,171,12,99999,Duru,catalog/6127.JPG,"32,439",kg,true
6127,Duru kremli sampuan Tüm SAC kremi 750ml,171,12,99999,Duru,catalog/6130.JPG,"18,535",kg,true
6130,Duru Limon Kolonya 150ml spray,171,9,99999,Duru,catalog/6128.JPG,"24,718",kg,true
6128,Duru Limon Kolonya 200ml PET,171,24,99999,Duru,catalog/6129.JPG,"20,08",kg,true
6129,Duru Limon Kolonya 400ml PET,171,18,99999,Duru,catalog/6119.JPG,"20,08",kg,true
6119,Duru Näyttää Sivi Seft Sabun 400ml Nem bombası,171,12,99999,Duru,catalog/6110.JPG,"20,08",kg,true
6110,Duru Marsilya Sabun Badem 150gr,171,72,99999,Duru,catalog/9270.JPG,"20,08",kg,true
9270,Duru Natu. SiVi Sabun Badem 300ml,171,12,99999,Duru,catalog/9268.JPG,"20,08",kg,true
9268,Duru Natu. SiVi Sabun Kiraz 300ml,171,12,99999,Duru,catalog/9269.JPG,"17,379",kg,true
9269,Duru Natu. SiVi Sabun Zeytinyag 300m,171,12,99999,Duru,catalog/10156.JPG,"40,161",kg,true
10156,Duru Natural saippua 5x70g Badem Sabun,171,24,99999,Duru,catalog/11871.JPG,"53,308",kg,true
11871,Duru luonnon gourmet mustikka Seife5 * 75g,171,24,99999,Duru,catalog/6498.JPG,"16,989",kg,true
6498,Duru luonnon gourmet Mango saippua 5 * 75g,171,24,99999,Duru,catalog/7252.JPG,"37,007",kg,true
7252,Duru luonnon gourmet Visne saippua 5 * 75g,171,24,99999,Duru,catalog/10154.JPG,"15,443",kg,true
10154,Duru Natural saippua 5x70g Cherry,171,24,99999,Duru,catalog/6575.JPG,"15,443",kg,true
6575,Duru Natural Zeytin Yag Sabun 5x70g,171,24,99999,Duru,catalog/6105.JPG,"15,443",kg,true
6105,Duru saf Sabun Elma 125g 4p,171,21,99999,Duru,catalog/6104.JPG,"32,741",kg,true
6104,Duru saf Sabun Gül 125g 4p,171,21,99999,Duru,catalog/6102.JPG,"32,741",kg,true
6102,Duru Saf Sabun Klasik 125g 4p,171,21,99999,Duru,catalog/9219.JPG,"32,741",kg,true
9219,Duru Sivi Sabun Findik 400g beslenme Saati,171,12,99999,Duru,catalog/6493.JPG,"33,978",kg,true
6493,Elidor Kepege shampoo 350ml sininen,171,18,99999,Elidor,catalog/7301.JPG,"32,741",kg,true
7301,Elidor Parlaklik shampoo 600ml violetti,171,16,99999,Elidor,catalog/6496.JPG,"37,069",kg,true
6496,Elidor Renk Koruyucu Seri shampoo 350ml vaaleanpunainen,171,18,99999,Elidor,catalog/6491.JPG,"32,436",kg,true
6491,Elidor shampoo 350ml Güçlü ve Parlak,171,18,99999,Elidor,catalog/11665.JPG,"32,436",kg,true
11665,Elidor shampoo 350ml Saglik Uzayan Saclar,171,18,99999,Elidor,catalog/11671.JPG,"32,436",kg,true
11671,Elidor shampoo 350ml + 200ml Onarıcı Bakim,171,6,99999,Elidor,catalog/6499.JPG,"16,37",kg,true
6499,Elidor shampoo 600ml Güçlü ve Parlak,171,16,99999,Elidor,catalog/7088.JPG,"41,714",kg,true
7088,Elidor shampoo 600ml saglikli Uzayan Sac,171,16,99999,Elidor,catalog/6502.JPG,"67,996",kg,true
6502,Elidor shampoo 600ml shampoo Onarıcı Bakim oranssi,171,16,99999,Elidor,catalog/7245.JPG,"41,714",kg,true
7245,Elidor shampoo Karsi Sac Dökülmelerine 350ml kulta,171,18,99999,Elidor,catalog/7251.JPG,"41,714",kg,true
7251,Elidor shampoo Karsi Sac Dökülmelerine 600ml,171,16,99999,Elidor,catalog/10050.JPG,"41,714",kg,true
10050,Elidor shampoo 600ml Besley nemlendirici Bakim,171,16,99999,Elidor,catalog/10555.JPG,"18,542",kg,true
10555,Head & Shoulders 500ml 2in1 Classic Clean,171,24,99999,Head&Shoulders,catalog/10556.JPG,"67,996",kg,true
10556,Head & Shoulders 500ml viileä mentoli,171,24,99999,Head&Shoulders,catalog/10557.JPG,"67,996",kg,true
10557,Head & Shoulders 500ml hiukset kestävyyttä,171,24,99999,Head&Shoulders,catalog/10554.JPG,"67,996",kg,true
10554,Head & Shoulders 500ml kosteuttava Smooth & sil,171,24,99999,Head&Shoulders,catalog/9583.JPG,"44,033",kg,true
9583,Illustris Haarentfer ner 150ml Tube,171,42,99999,Illustris,catalog/7193.JPG,"67,996",kg,true
7193,Ipana Macun 125ml saglikli Gülüsler,171,24,99999,Ipana,catalog/6989.JPG,"67,996",kg,true
6989,Ipana Macun 50g saglikli Gülüsler,171,6,99999,Ipana,catalog/7959.JPG,"98,903",kg,true
7959,Ipek Sampuan Kepege Karsi etkili 700ml,171,12,99999,Ipek,catalog/7964.JPG,"98,903",kg,true
7964,Ipek Sampuan Normaali Sac için 2Si1 Arada 700ml,171,12,99999,Ipek,catalog/11590.JPG,"98,903",kg,true
11590,"Pantene shampoo 500ml 4LÜ Set, 4 lajikkeet",171,16,99999,Pantene,catalog/7515.JPG,"98,903",kg,true
7515,Pereja Gul Kolonyasi Rose PET 400ml,171,48,99999,Pereja,catalog/6111.JPG,"129,796",kg,true
6111,Pereja Gul Suyu Rosewater 400ml PET,171,12,99999,Pereja,catalog/6574.JPG,"27,794",kg,true
6574,Pereja Lavanta Kolonyasi PET 400ml,171,48,99999,Pereja,catalog/9589.JPG,"4,63",kg,true
9589,Pereja Limon Kolonya 200cc Pet,171,48,99999,Pereja,catalog/6141.JPG,"15,443",kg,true
6141,Pereja Limon Kolonya 400cc Pet,171,48,99999,Pereja,catalog/9586.JPG,"15,443",kg,true
9586,Pereja Limon Kolonya 750cc PVC,171,12,99999,Pereja,catalog/9588.JPG,"67,996",kg,true
9588,Pereja Limon Kolonya Bidon 1L,171,12,99999,Pereja,catalog/6145.JPG,"129,789",kg,true
6145,Pereja Mandalina Kolonyasi PET 400ml Mandariini,171,48,99999,Pereja,catalog/7297.JPG,"26,264",kg,true
7297,Pereja Yesil Cay Kolonyasi Green Tea PET 400ml,171,48,99999,Pereja,catalog/5861.JPG,"129,789",kg,true
5861,Prize Antiaging Nourshing Sivri Sabun 415ml,171,12,99999,Prize,catalog/5860.JPG,"92,689",kg,true
5860,Prize Antistress Mourstrouzing Sivri Sabun 415ml,171,12,99999,Prize,catalog/5858.JPG,"127,315",kg,true
5858,Prize Sensation Sivri Sabun 415ml,171,12,99999,Prize,catalog/5859.JPG,"46,36",kg,true
5859,Prize Shoot Hing Effect Päivittäinen käyttö Sivri Sabun 415ml,171,12,99999,Prize,catalog/6134.JPG,"57,181",kg,true
6134,Sebu Sivi Sabun Bahar 400ml,171,2,99999,Sebu Sivi,catalog/6131.JPG,"129,789",kg,true
6131,Sebu Sivi Sabun Okyanus 400ml,171,2,99999,Sebu Sivi,catalog/7222.JPG,"129,789",kg,true
7222,Sebu Sivi Sabun Tropik 400ml,171,2,99999,Sebu Sivi,catalog/6988.JPG,"12,351",kg,true
6988,Signaali Beyaz GUC mikro kalsiyum 50ml,171,36,99999,Signal,catalog/7137.JPG,"13,279",kg,true
7137,Signaali Macun 125ml,171,48,99999,Signal,catalog/7224.JPG,"13,279",kg,true
7224,Stone Yanmaz Firin Torba 8er,171,5,99999,Stone,catalog/8044.JPG,"12,351",kg,true
8044,"Tex Camasir Suyu 2,5 ml",172,6,99999,TEX,catalog/8048.JPG,"1,801",kg,true
8048,Tex Hali Shampoo Mati 1L,172,16,99999,TEX,catalog/7411.JPG,"1,801",kg,true
7411,Tex Kir COZ 500ml,172,15,99999,TEX,catalog/8050.JPG,"1,801",kg,true
8050,Tex Kir COZ Sprey 500ml,172,12,99999,TEX,catalog/7409.JPG,"27,779",kg,true
7409,Tex kireç ve Pas Sökücü 1L,172,15,99999,TEX,catalog/8063.JPG,"55,588",kg,true
8063,Tex Mekanik ovma Toz 1kg,172,24,99999,TEX,catalog/6898.JPG,"4,502",kg,true
6898,Tex Oda Sprey Cicek Bahacesi 500ml,172,12,99999,TEX,catalog/6897.JPG,"10,813",kg,true
6897,Tex Oda Sprey Kevät 500ml,172,12,99999,TEX,catalog/8071.JPG,"28,835",kg,true
8071,Tex Virta Vaahto 750ml Banyo,172,12,99999,TEX,catalog/8049.JPG,"17,371",kg,true
8049,Tex Yag COZ Sprey 500ml,172,12,99999,TEX,catalog/8041.JPG,"20,08",kg,true
8041,Tex Yumusatici Mor 4L,172,4,99999,TEX,catalog/7413.JPG,"21,236",kg,true
7413,"Tex Yumusatici Pehmeä Mor 1,9L",172,9,99999,TEX,catalog/10070.JPG,"27,794",kg,true
10070,Avsar Atom Cezerye Cocktail 4kg,174,2,99999,Avsar,catalog/2018.JPG,"21,626",kg,true
2018,California saksanpähkinät 25 kg säkki,174,25,99999,California,catalog/5209.JPG,"21,626",kg,true
5209,"Cashew 22,68kg",174,22,99999,,catalog/11314.JPG,"26,264",kg,true
11314,Castania Mix Pähkinä ytimet 450g Red,174,12,99999,Castania,catalog/11315.JPG,"23,172",kg,true
11315,Castania Tavallinen Mix Libanon 300g Bag,174,1,99999,Castania,catalog/11316.JPG,"17,514",kg,true
11316,Valitse Castania Libanon 500g Musta,174,12,99999,Castania,catalog/2531.JPG,"17,379",kg,true
2531,Paahdettuja maapähkinöitä suolattu 500g Jumbo,174,18,99999,Jumbo,catalog/232.JPG,"65,438",kg,true
232,Mairea maapähkinöitä 500g Suikerpindas,174,18,99999,Zuggerbranndte Ernüsse,catalog/5188.JPG,"215,741",kg,true
5188,Tenavat Pinda Wit Jumbo VAK +/- 27kg,174,27,99999,Jumbo,catalog/11722.JPG,"300,38",kg,true
11722,Griski Kikiriki 200g stapici Peanut Stick,174,12,99999,Griski,catalog/12012.JPG,"105,102",kg,true
12012,Griski sa sirom 200g,174,12,99999,Griski,catalog/6543.JPG,"2,833",kg,true
6543,Gul fistik ici Beyaz 350g valkoisia maapähkinöitä ilman suolaa,174,18,99999,Gülcan,catalog/11698.JPG,"187,031",kg,true
11698,Gülcan Antep Fistik 250g Extra laatu,174,18,99999,Gülcan,catalog/240.JPG,"37,077",kg,true
240,Gülcan Antep pistaasipähkinät 350g Fistik,174,24,99999,Gülcan,catalog/243.JPG,"34,758",kg,true
243,Gulcan Antep pistaasipähkinät 700g Fistik,174,12,99999,Gülcan,catalog/11438.JPG,"76,484",kg,true
11438,Gülcan aprikoosit syyskuu 350g Gün Kuru Kaysi naturel,174,15,99999,Gülcan,catalog/205.JPG,"12,351",kg,true
205,Gulcan Beyaz Leblebi 350g,174,24,99999,Gülcan,catalog/527.JPG,"12,351",kg,true
527,Gulcan Beyaz Leblebi 700g,174,12,99999,Gülcan,catalog/6625.JPG,"29,193",kg,true
6625,Gülcan cashew 300g gezalzene,174,18,99999,Gülcan,catalog/11272.JPG,"76,496",kg,true
11272,Gülcan cashew 300g Naturel,174,18,99999,Gülcan,catalog/6628.JPG,"142,186",kg,true
6628,Gülcan cashew 250g Acili,174,18,99999,Gülcan,catalog/11532.JPG,"132,927",kg,true
11532,Gülcan çıtır Leblebi 300g kikherneet,174,24,99999,Gülcan,catalog/11533.JPG,"44,424",kg,true
11533,Gülcan çıtır Leblebi 600g kikherneet,174,12,99999,Gülcan,catalog/11440.JPG,"40,161",kg,true
11440,Gülcan maapähkinät 250g Bali Susam Fistik,174,15,99999,Gülcan,catalog/6548.JPG,"38,012",kg,true
6548,Gülcan maapähkinät suolattu 350gr Fistik ici tuzlu,174,18,99999,Gülcan,catalog/11270.JPG,"76,496",kg,true
11270,Gülcan maapähkinöitä allekirjoitettu. 300g Seker Fistik,174,18,99999,Gülcan,catalog/6569.JPG,"69,54",kg,true
6569,Gülcan Kuorelliset maapähkinät 200 gr,174,18,99999,Gülcan,catalog/11241.JPG,"76,496",kg,true
11241,Gulcan Findik gehack pastalik dogranmis hasselpähkinät 200g,174,18,99999,Gülcan,catalog/241.JPG,"40,161",kg,true
241,Gülcan Findik Ici 350g paahdettu O iho hasselpähkinöitä,174,24,99999,Gülcan,catalog/242.JPG,"35,539",kg,true
242,Gülcan Findik Ici 700g paahdettu O iho hasselpähkinöitä,174,12,99999,Gülcan,catalog/11268.JPG,"23,168",kg,true
11268,Paahdettu Gülcan Findik Ici Naturel 250g m iho hasselpähkinät,174,18,99999,Gülcan,catalog/11292.JPG,"34,758",kg,true
11292,Gülcan Findik Ici Naturel 250g paahdettu O iho hasselpähkinöitä,174,18,99999,Gülcan,catalog/11251.JPG,"25,483",kg,true
11251,Gulcan Findik Unu hasselpähkinät 200g,174,18,99999,Gülcan,catalog/11271.JPG,"22,237",kg,true
11271,Gülcan Horeca Mix 250g,174,18,99999,Gülcan,catalog/209.JPG,"74,177",kg,true
209,Gülcan Karisik Cerez 350g,174,24,99999,Gülcan,catalog/6313.JPG,"157,645",kg,true
6313,Gülcan Karsik Cerez 700g,174,12,99999,Gülcan,catalog/10400.JPG,"140,656",kg,true
10400,Gülcan kuru Kaysi 300g sep. aprikoosit,174,24,99999,Gülcan,catalog/11269.JPG,"106,64",kg,true
11269,Gülcan Lux Karisik Melange Mix 250g,174,18,99999,Gülcan,catalog/768.JPG,"113,596",kg,true
768,Gülcan maissi kastike 350g,174,24,99999,Gülcan,catalog/9930.JPG,"78,815",kg,true
9930,Gülcan Manteli 200g raastettua Badem viipaloitu,174,18,99999,Gülcan,catalog/6542.JPG,"53,308",kg,true
6542,Gülcan Manteli vaaleanpunainen sokeri 300g Badem Sekeri,174,18,99999,Gülcan,catalog/11242.JPG,"52,528",kg,true
11242,Gulcan Manteli Unu 200g Badem,174,18,99999,Gülcan,catalog/9487.JPG,"47,906",kg,true
9487,Gülcan manteli valkoinen 300g kuorittuja Badem,174,18,99999,Gülcan,catalog/6568.JPG,"58,711",kg,true
6568,Gülcan Brasilia pähkinät 300g,174,18,99999,Gülcan,catalog/6622.JPG,"71,858",kg,true
6622,Gülcan Renkli Leblebi 700g,174,12,99999,Gülcan,catalog/245.JPG,"26,558",kg,true
245,Gülcan Renkli Seker Leblebi 350g,174,24,99999,Gülcan,catalog/202.JPG,"64,902",kg,true
202,Gülcan Sac Leblebi 350g kikherneet,174,24,99999,Gülcan,catalog/201.JPG,"78,815",kg,true
201,Gülcan Sac Leblebi 700g kikherneet,174,12,99999,Gülcan,catalog/6619.JPG,"71,858",kg,true
6619,Gülcan Sari Leblebi benekli 350g,174,24,99999,Gülcan,catalog/6623.JPG,"99,683",kg,true
6623,Gülcan Sari Leblebi benekli 700g,174,12,99999,Gülcan,catalog/206.JPG,"89,481",kg,true
206,Gülcan tuzlu Leblebi 350g kikherneet,174,24,99999,Gülcan,catalog/203.JPG,"30,901",kg,true
203,Gülcan tuzlu Leblebi 700g,174,12,99999,Gülcan,catalog/12092.JPG,"37,069",kg,true
12092,Hello suolattuja tikkuja 45g ST1VS Stapici,174,6,99999,Hello,catalog/12086.JPG,"40,161",kg,true
12086,Hello suolattuja tikkuja 90g ST2VS Stapici,174,29,99999,Hello,catalog/12013.JPG,"33,993",kg,true
12013,Hello suolattuja tikkuja 180g susamom,174,12,99999,Hello,catalog/2729.JPG,"43,253",kg,true
2729,"Mantelit kalifornian luonto 22,68kg",174,22,99999,Almonds California,catalog/255.JPG,"40,176",kg,true
255,Sti maissi paahdettu 400g,174,22,99999,Sti,catalog/256.JPG,"40,161",kg,true
256,Sti maissi paahdettu 700g,174,14,99999,Sti,catalog/271.JPG,"40,176",kg,true
271,Sti Micro Popcorn suolaa 100g (sininen),174,15,99999,Sti,catalog/272.JPG,"1,925",kg,true
272,Sti Micro Popcorn sokeria 100g (keltainen),174,15,99999,Sti,catalog/11290.JPG,"13,411",kg,true
11290,Saksanpähkinät kuoritut Chille 10kg,174,1,99999,,catalog/1897.JPG,"10,805",kg,true
1897,Fuji omena MARLENE,176,1,99999,,catalog/4329.JPG,"388,235",kg,true
4329,Omena Pink Lady 13 kg 70-75 uusi sato,176,1,99999,,catalog/11178.JPG,"30,012",kg,true
11178,Omena Red Chief Dike Ortolan 18kilo = 64er,176,1,99999,,catalog/1886.JPG,"30,641",kg,true
1886,Boskoop Apfelholz 12kg luokka 1,176,1,99999,,catalog/1876.JPG,"7,71",kg,true
1876,Boskop omena 11kg,176,1,99999,,catalog/4230.JPG,"7,71",kg,true
4230,Breaburn MARLENE 13kg 2LG,176,1,99999,,catalog/4231.JPG,"20,301",kg,true
4231,Elstar eps 11kg uusi sato luokka 1,176,1,99999,,catalog/2184.JPG,"22,671",kg,true
2184,Golden delicous MARLENE 13kilo,176,1,99999,,catalog/3816.JPG,"30,658",kg,true
3816,Granny MARLENE Marlene 13kilo 2LG,176,1,99999,,catalog/1882.JPG,"23,573",kg,true
1882,Granny Tooty GRN 18kilo 100,176,1,99999,,catalog/1883.JPG,"12,494",kg,true
1883,Jonagold apple 11kg Holland 80-90,176,1,99999,,catalog/1938.JPG,"11,721",kg,true
1938,Redchief MARLENE 13kilo 2LG,176,1,99999,,catalog/1959.JPG,"23,573",kg,true
1959,Royal Gala 13kg MARLENE 2LG,176,1,99999,,catalog/1955.JPG,"11,077",kg,true
1955,banaanit 18kg,177,1,99999,,catalog/3388.JPG,"20,352",kg,true
3388,"Banana ruoanlaitto 21,4 kg",177,1,99999,,catalog/1932.JPG,"22,285",kg,true
1932,Kvitteni / ajvar TI 12er + -5 kiloa,178,1,99999,,catalog/3732.JPG,"26,149",kg,true
3732,Ananas tuore 7 Series Luokka 1,178,1,99999,,catalog/4327.JPG,"8,501",kg,true
4327,Meloni keltainen 10 kilon = 10 Royal Makea,178,1,99999,,catalog/3757.JPG,"25,505",kg,true
3757,Piel de Sapo 10kilo-5er Kl.1,178,1,99999,,catalog/2378.JPG,"23,573",kg,true
2378,Vesimelonit 6 Generica Siemenettömät,178,1,99999,,catalog/1911.JPG,"22,929",kg,true
1911,Nectarines 1LG Prudencio 22er,179,1,99999,,catalog/9024.JPG,"30,529",kg,true
9024,Angeleno luumut Capito 5 kg = 50 +,179,1,99999,,catalog/5654.JPG,"9,145",kg,true
5654,Avokadot 14er pahvi Kl. 1,180,1,99999,,catalog/3661.JPG,"12,881",kg,true
3661,Kaktus peige 10 x 1 kilo,180,1,99999,,catalog/1873.JPG,"16,745",kg,true
1873,Granaattiomena 12er TI 5kilo,180,1,99999,,catalog/4598.JPG,"14,813",kg,true
4598,Granaattiomena Sour TI 9s muovilaatikossa 5kg,180,1,99999,,catalog/1875.JPG,"18,162",kg,true
1875,Granaattiomena sus EY 8er + -5kilo,180,1,99999,,catalog/1962.JPG,"7,213",kg,true
1962,Kaki 1LG 18ers Capito + -4kilo,180,1,99999,,catalog/1930.JPG,"12,237",kg,true
1930,Kiivi 10kg = 27er kreikkalaiset,180,1,99999,,catalog/1942.JPG,"11,077",kg,true
1942,Mango Tommy Atkins 10,180,1,99999,,catalog/1969.JPG,"23,186",kg,true
1969,Mangold Espanja Luokka 1 Lucas,180,1,99999,,catalog/3664.JPG,"8,372",kg,true
3664,Musta Perlon + - 7 kilon,181,1,99999,,catalog/4349.JPG,"9,016",kg,true
4349,Viinirypäleet kirkas 7kg Capito kulta + -7 kilon Kl.1,181,1,99999,,catalog/1864.JPG,"9,016",kg,true
1864,Clementine laatikko UNO 10 kilon = 90,182,1,99999,,catalog/4265.JPG,"6,311",kg,true
4265,Clemenules UNO UNO 60 + -10 kg,182,1,99999,,catalog/1861.JPG,"14,813",kg,true
1861,Greippi Star 55er,182,1,99999,,catalog/3845.JPG,"13,525",kg,true
3845,lime 54ers,182,1,99999,,catalog/3633.JPG,"13,654",kg,true
3633,Mandarin laatikko maine 10kilo = 90,182,1,99999,,catalog/5668.JPG,"21,512",kg,true
5668,Appelsiinit 15kg YK 45er kiinnitys SP,182,1,99999,,catalog/2315.JPG,"23,444",kg,true
2315,Appelsiinit DIKE YK 15kilo = 30ers,182,1,99999,,catalog/1868.JPG,"20,61",kg,true
1868,Appelsiinit pres 15kg UNO 90 Crate,182,1,99999,,catalog/7979.JPG,"15,457",kg,true
7979,Appelsiinit Rembrandt uusi sato + -14kilo = 42er,182,1,99999,,catalog/1860.JPG,"17,389",kg,true
1860,Pomelo Kiina 9ers,182,1,99999,,catalog/1867.JPG,"10,639",kg,true
1867,Sweety + -15kilo,182,1,99999,,catalog/4484.JPG,"17,389",kg,true
4484,Sitruunat 9kilo TI 9kilo = 72ers,182,1,99999,,catalog/4485.JPG,"18,034",kg,true
4485,Sitruunat SP 15kilo-120ers COPLIM,182,1,99999,,catalog/8072.JPG,"17,389",kg,true
8072,Aribella çörek Otu yagi 250cc,184,12,99999,Aribella,catalog/6610.JPG,"23,186",kg,true
6610,Aribella pellavansiemenöljy 250ml keteenin tohumu,184,12,99999,Aribella,catalog/9996.JPG,"14,684",kg,true
9996,El Kodous oliiviöljy 1.5L,185,6,99999,El Kodous,catalog/9994.JPG,"14,813",kg,true
9994,El Kodous oliiviöljy 500ml,185,12,99999,El Kodous,catalog/9995.JPG,"23,186",kg,true
9995,El Kodous oliiviöljy 750ml,185,12,99999,El Kodous,catalog/11881.JPG,"12,108",kg,true
11881,Burcino Nar Sirkesi 500ml granaattiomena etikka lasi,185,12,99999,Burcino,catalog/11880.JPG,"25,119",kg,true
11880,BurcinoHurma Sirkesi 500ml Taateli viinietikka,185,12,99999,Burcino,catalog/10676.JPG,"94,281",kg,true
10676,El Fatiha SB 1L + Extr neitsytoliiviöljy,185,15,99999,El Kratiha,catalog/11868.JPG,"106,029",kg,true
11868,Kilikya Elma Sirkesi 1L PET omenaetikka,185,12,99999,Kilikya,catalog/11867.JPG,"59,894",kg,true
11867,Kilikya Limon Sosu 1L,185,12,99999,Kilikya,catalog/11865.JPG,"46,36",kg,true
11865,Kilikya Limon Sosu 250cc,185,24,99999,Kilikya,catalog/11866.JPG,"61,818",kg,true
11866,Kilikya Limon Sosu 500cc,185,2,99999,Kilikya,catalog/11864.JPG,"16,989",kg,true
11864,Kilikya Nar Ekşili Kastike 1L PET,185,12,99999,Kilikya,catalog/11863.JPG,"16,989",kg,true
11863,Kilikya Nar Ekşili Kastike 345ml cam,185,12,99999,Kilikya,catalog/11869.JPG,"44,424",kg,true
11869,Kilikya Uzum Sirkesi 1L PET rypäle etikka,185,12,99999,Kilikya,catalog/10383.JPG,"26,264",kg,true
10383,Komili oliiviöljy 0.5L Lasi Extra Virgin,185,12,99999,Komili,catalog/10384.JPG,"12,351",kg,true
10384,Komili oliiviöljy 0.5L lasi Riviera,185,12,99999,Komili,catalog/11328.JPG,"12,336",kg,true
11328,Komili oliiviöljy 1L Extra Virgin Sizma,185,1,99999,Komili,catalog/11327.JPG,"1,543",kg,true
11327,Komili oliiviöljy 1L Riviera sicak,185,6,99999,Komili,catalog/11330.JPG,"32,447",kg,true
11330,Komili oliiviöljy 5L Extra Virgin Sizma,185,4,99999,Komili,catalog/11329.JPG,"27,81",kg,true
11329,Komili oliiviöljy 5L Riviera sicak,185,4,99999,Komili,catalog/11544.JPG,"15,443",kg,true
11544,KTC kookosöljy 500ml,185,12,99999,KTC,catalog/1171.JPG,"68,002",kg,true
1171,Kuehne + sitruuna etikka 500ml,185,12,99999,Kuehne,catalog/10986.JPG,"64,91",kg,true
10986,Kuehne Nar Ekşili Sos 250cc,185,12,99999,Kuehne,catalog/2994.JPG,"8,114",kg,true
2994,Kuehne Nar Ekşili Sos 500ml,185,12,99999,Kuehne,catalog/10985.JPG,"43,276",kg,true
10985,Kuehne Nar Sirkesi 500cc,185,12,99999,Kuehne,catalog/2345.JPG,"141,697",kg,true
2345,Oliehoorn paistoöljyt 15ltr,185,1,99999,Oliehoorn,catalog/9245.JPG,"135,307",kg,true
9245,Oliiviöljy El Ouazzani 1L Fl,185,15,99999,El Quazzani,catalog/1072.JPG,"43,268",kg,true
1072,Öncü Nar Eksesi 330ml granaattiomena Sose,185,12,99999,Öncü,catalog/1081.JPG,"13,279",kg,true
1081,Öncü Nar Eksesi 720 ml granaattiomena Sose,185,12,99999,Öncü,catalog/11733.JPG,"23,172",kg,true
11733,Rocchi oliiviöljy 5L Extra Virgin,185,4,99999,Rocchi,catalog/2334.JPG,"37,085",kg,true
2334,Topkauf kasviöljy 10L pullo,185,1,99999,Topkaupf,catalog/6250.JPG,"20,08",kg,true
6250,Yakamoz Aci Biber Sosu 250ml,185,12,99999,Yakamoz,catalog/6248.JPG,"31,56",kg,true
6248,Yakamoz Nar Eksisi 250ml,185,12,99999,Yakamoz,catalog/6251.JPG,"77,273",kg,true
6251,Yakamoz Nar Eksisi 750ml,185,12,99999,Yakamoz,catalog/6246.JPG,"18,535",kg,true
6246,Gülcan Elma Sirkesi 750 ml: ssa,186,2,99999,Gülcan,catalog/1053.JPG,"27,81",kg,true
1053,Gülcan etikka 9% 1L Natural,186,15,99999,Gülcan,catalog/1055.JPG,"69,558",kg,true
1055,Gülcan LIMON Sirke 500ml / Limon Sirke,186,2,99999,Gülcan,catalog/1054.JPG,"13,525",kg,true
1054,Gülcan Limon Suyu 330ml Sitruunamehu,186,2,99999,Gülcan,catalog/1044.JPG,"18,535",kg,true
1044,Gülcan maissiöljy 1lit Misir Ozu Yagi,186,12,99999,Gülcan,catalog/10289.JPG,"17,916",kg,true
10289,Gülcan Nar Eksisi 1L PET,186,12,99999,Gülcan,catalog/6837.JPG,"35,539",kg,true
6837,Gülcan Nar Eksisi 340ml surahiye,186,12,99999,Gülcan,catalog/10290.JPG,"2,059",kg,true
10290,Gülcan Nar Eksisi 4L Pet,186,4,99999,Gülcan,catalog/1073.JPG,"11,574",kg,true
1073,Gülcan Nar Eksisi 500ml PET,186,12,99999,Gülcan,catalog/2821.JPG,"1,801",kg,true
2821,Gülcan oliiviöljy 750ml Zeytin YAG lasipullo,186,12,99999,Gülcan,catalog/1046.JPG,"1,028",kg,true
1046,Gülcan oliiviöljy 1L Zeytin Yag Lasi,186,12,99999,Gülcan,catalog/11075.JPG,"21,626",kg,true
11075,Gülcan oliiviöljy 250ml pullo lasi,186,24,99999,Gülcan,catalog/8792.JPG,"29,356",kg,true
8792,Gülcan oliivi 3LT Muovipullo,186,3,99999,Gülcan,catalog/11076.JPG,"23,172",kg,true
11076,Gülcan oliiviöljy 500ml pullo lasi,186,12,99999,Gülcan,catalog/1042.JPG,"32,973",kg,true
1042,Gülcan kasviöljy 1lit Ciceg YAG,186,12,99999,Gülcan,catalog/1043.JPG,"21,626",kg,true
1043,Gülcan SB 1L Ay Cicek Yag,186,12,99999,Gülcan,catalog/1056.JPG,"32,447",kg,true
1056,Gülcan rypäleen etikka 500ml Uzum Sirkesi,186,2,99999,Gülcan,catalog/6505.JPG,"38,631",kg,true
6505,Gülcan Uzum Sirkesi 750ml,186,2,99999,Gülcan,catalog/7220.JPG,"30,886",kg,true
7220,Kristal oliiviöljyä 1 L annos Zeytinyagi Riviera,187,2,99999,Kristal,catalog/11798.JPG,"25,502",kg,true
11798,Kristal oliiviöljy 4L Riviera TNK,187,4,99999,Kristal,catalog/7246.JPG,"24,718",kg,true
7246,Kristal oliiviöljy 500ml voi Zeytinyag Riviera,187,2,99999,Kristal,catalog/10453.JPG,"16,68",kg,true
10453,Kristal Riviera oliiviöljy pullo 500ml Cam,187,2,99999,Kristal,catalog/10505.JPG,"19,771",kg,true
10505,Kristal Riviera Cam 250ml oliiviöljy pullo,187,12,99999,Kristal,catalog/8846.JPG,"1,801",kg,true
8846,Kristal auringonkukkaöljy 1L,187,12,99999,Kristal,catalog/3738.JPG,"2,059",kg,true
3738,Kristal Zeytinyag 1l'Fl Riviera,187,12,99999,Kristal,catalog/11255.JPG,"14,168",kg,true
11255,Lorena paistoöljy 10L,188,2,99999,Lorena,catalog/6694.JPG,"115,418",kg,true
6694,Lorena oliiviöljy 1L lasi,188,12,99999,Lorena,catalog/6693.JPG,"7,727",kg,true
6693,Lorena oliiviöljy 5L,188,4,99999,Lorena,catalog/11254.JPG,"7,881",kg,true
11254,Lorena auringonkukkaöljy 3L,188,6,99999,Lorena,catalog/11253.JPG,"31,829",kg,true
11253,Lorena auringonkukkaöljy 5L,188,3,99999,Lorena,catalog/11145.JPG,"18,535",kg,true
11145,Lorena auringonkukkaöljy 900ml Aycicek YAG-,188,15,99999,Lorena,catalog/11582.JPG,"86,552",kg,true
11582,AFP Palm Oil 750 ml,189,15,99999,AFP,catalog/5607.JPG,"26,534",kg,true
5607,Balsamico 0.5L Villa Vittoria,189,12,99999,Villa Vittoria,catalog/11713.JPG,"38,631",kg,true
11713,Taateli etikka 1 & 1 330cc,189,24,99999,1&1,catalog/1061.JPG,"66,981",kg,true
1061,Fersan sitruunahappo sitruuna- 1L / Limon Sosu,189,12,99999,Fersan,catalog/9275.JPG,"25,499",kg,true
9275,Kapadokya olive Zeytinyag 1L glass,189,12,99999,Kapadokya,catalog/3471.JPG,"20,865",kg,true
3471,Kristal Cam Zeytin Yag 250ml,189,24,99999,Kristal,catalog/10677.JPG,"18,917",kg,true
10677,Kristal Riviera Cam 750 ml,189,12,99999,Kristal,catalog/1050.JPG,"46,356",kg,true
1050,Kristal Yag Zeytin oliiviöljy 500ml FL,189,12,99999,Kristal,catalog/11688.JPG,"20,08",kg,true
11688,MB oliivi 5LT Riviera,189,4,99999,MB,catalog/11687.JPG,"48,199",kg,true
11687,MB Olive Riviera 1L,189,12,99999,MB,catalog/9161.JPG,"13,279",kg,true
9161,MB Olive Riviera 500ml,189,12,99999,MB,catalog/2733.JPG,"38,631",kg,true
2733,Praise Tavallinen palmuöljy 1L,189,12,99999,Praise,catalog/11581.JPG,"61,803",kg,true
11581,Praise tavallinen palmuöljy 1L,189,12,99999,Praise,catalog/4747.JPG,"69,547",kg,true
4747,VDS kookosöljy 500ml Valle del Sole,189,12,99999,VDS,catalog/10490.JPG,"47,906",kg,true
10490,Yonca puhdas oliiviöljy oliiviöljy 750cc lasi,190,12,99999,Yonca,catalog/9198.JPG,"123,662",kg,true
9198,Yonca auringonkukkaöljy 1LT,190,15,99999,Yonca,catalog/11334.JPG,"75,731",kg,true
11334,Yonca auringonkukkaöljy 750ml,190,2,99999,Yonca,catalog/10625.JPG,"41,722",kg,true
10625,Durmaz Extra-Extra Sele Olive 10 kg,192,1,99999,Durmaz,catalog/576.JPG,"54,089",kg,true
576,Durmaz Özel oliivit 500g Vakum,192,24,99999,Durmaz,catalog/10623.JPG,"54,089",kg,true
10623,Durmaz Özel oliivit 800g Vakum,192,12,99999,Durmaz,catalog/544.JPG,"35,539",kg,true
544,Durmaz Özel Zeytin musta 300g Vak,192,3,99999,Durmaz,catalog/6841.JPG,"55,635",kg,true
6841,"Balsamico sipulit Griech. 2,5kg",193,6,99999,Villa Maddalena,catalog/1992.JPG,"21,236",kg,true
1992,GRI vihreät oliivit ja paprikat 10kg KN,193,1,99999,Halidiki,catalog/3813.JPG,"2,316",kg,true
3813,GRI oliivi vihreä 10kg kivetön Mammouth,193,1,99999,Amalthia,catalog/1990.JPG,"30,916",kg,true
1990,Kalamata oliiveja 13kg Jumbo sw CN Siyah Zeytin,193,1,99999,Amalthia,catalog/11180.JPG,"51,291",kg,true
11180,Mammoth oliivi kivetön 5Kg,193,1,99999,Eleofyto,catalog/3575.JPG,"43,268",kg,true
3575,Mammoth oliivi schw siemenettömiä 4kg,193,2,99999,Eleofyto,catalog/2008.JPG,"5,02",kg,true
2008,Oliivi vihreä valkosipuli 10kg Mammouth,193,1,99999,Halidiki,catalog/2009.JPG,"54,483",kg,true
2009,Wermio oliivi vihreä manteli 10kg CN Mammouth,193,1,99999,Halidiki,catalog/9710.JPG,"45,086",kg,true
9710,Wermio paprika punainen päätön 7kg Kanist,193,1,99999,Halidiki,catalog/4215.JPG,"41,221",kg,true
4215,Bagci Süper oliivi 750 gr tyhjiö Yoruk,194,12,99999,Gülcan,catalog/2076.JPG,"58,354",kg,true
2076,Gülcan gr oliivi mk 425g annos,194,24,99999,Gülcan,catalog/713.JPG,"19,966",kg,true
713,Gülcan gr oliivi ok 850g annos Sp,194,12,99999,Gülcan,catalog/710.JPG,"39,674",kg,true
710,Gülcan vihreät oliivit M.K. 850g annos/ Yesil Zeytin Sp,194,12,99999,Gülcan,catalog/5346.JPG,"55,391",kg,true
5346,"Gülcan vihreät oliivit mk 2,7",194,6,99999,Gülcan,catalog/735.JPG,"65,697",kg,true
735,Gülcan vihreitä oliiveja o. K. 425g / Yesil Zeytin cekirdeksiz,194,24,99999,Gülcan,catalog/371.JPG,"43,411",kg,true
371,"Gülcan vihreitä oliiveja ok 2,7 kg Yesil Zeyti",194,6,99999,Gülcan,catalog/2075.JPG,"40,176",kg,true
2075,Gülcan mustia oliiveja O.K. 425g / Siyah Zeytin,194,24,99999,Gülcan,catalog/5090.JPG,"23,466",kg,true
5090,Gülcan Sosis Tavuksalata Izgaralik 500g,194,1,99999,Gülcan,catalog/369.JPG,"21,626",kg,true
369,"Gülcan SW mk oliivi 2,7 kg annos",194,6,99999,Gülcan,catalog/717.JPG,"20,08",kg,true
717,Gülcan SW oliivi Mk 425mlDose Sp,194,24,99999,Gülcan,catalog/711.JPG,"44,049",kg,true
711,Gülcan SW oliivi mK 850g annos Sp,194,12,99999,Gülcan,catalog/367.JPG,"24,084",kg,true
367,"Gülcan SW oliivi ok 2,7 kg Siyah Zeytin",194,6,99999,Gülcan,catalog/715.JPG,"48,686",kg,true
715,Gülcan SW oliivi ok 850g tina Sp,194,12,99999,Gülcan,catalog/11758.JPG,"24,084",kg,true
11758,Mar Bir Hiper oliivit 800g JAR - L -,195,6,99999,Marmara birlik,catalog/10850.JPG,"1,802",kg,true
10850,MB Papu Yesil oliivit 480g,195,6,99999,Marmara birlik,catalog/10849.JPG,"45,595",kg,true
10849,MB Papu Yesil oliivit 800g,195,6,99999,Marmara birlik,catalog/10853.JPG,"21,611",kg,true
10853,MB Cizik Yesil 480g Oliivit,195,6,99999,Marmara birlik,catalog/10140.JPG,"19,462",kg,true
10140,MB Cizik Yesil 800g Oliivit,195,6,99999,Marmara birlik,catalog/4127.JPG,"38,638",kg,true
4127,MB Elit Zeytin 800g Vakuumi oliivit,195,16,99999,Marmara birlik,catalog/5842.JPG,"21,626",kg,true
5842,MB Gemlik Olive Super 800g vakuumi (M),195,16,99999,Marmara birlik,catalog/1988.JPG,"23,953",kg,true
1988,MB Hiper L SW oliivi mK 10kg kanisteri,195,1,99999,Marmara birlik,catalog/414.JPG,"16,224",kg,true
414,MB Hususi 800gr Gemlik Zeytin annos (violetti) HSS,195,6,99999,Marmara birlik,catalog/9410.JPG,"29,054",kg,true
9410,MB Hususi Az tuzlu 480g annos Hususi S (Purple-vihreä) S az Tuz,195,6,99999,Marmara birlik,catalog/6557.JPG,"13,905",kg,true
6557,MB Hususi Gemlik 800g Vakuumi,195,12,99999,Marmara birlik,catalog/10852.JPG,"18,542",kg,true
10852,MB Kirma Yesil oliivit 480g,195,6,99999,Marmara birlik,catalog/10851.JPG,"53,569",kg,true
10851,MB Kirma Yesil oliivit 800g,195,6,99999,Marmara birlik,catalog/9437.JPG,"72,119",kg,true
9437,MB Mega Az tuzlu Gemlik 480g annos (vaaleanpunainen / punainen) MGA AZ T,195,6,99999,Marmara birlik,catalog/1986.JPG,"65,697",kg,true
1986,MB Mega XL oliivi 10kg kanisteri,195,1,99999,Marmara birlik,catalog/561.JPG,"24,726",kg,true
561,MB Oiven Lux 500g Vakuumi (3XS),195,24,99999,Marmara birlik,catalog/588.JPG,"16,997",kg,true
588,MB oliivi Az tuzlu 800g annos Hususi S,195,6,99999,Marmara birlik,catalog/4961.JPG,"46,36",kg,true
4961,MB oliivi Az tuzlu Mega 800g annos (vaaleanpunainen / punainen) XL AZ TUZ,195,6,99999,Marmara birlik,catalog/2817.JPG,"12,359",kg,true
2817,MB Elit oliivit 500g VakuumiZeytin,195,24,99999,Marmara birlik,catalog/584.JPG,"21,634",kg,true
584,MB oliivi exex 800g annos (BLAUW) EXT,195,6,99999,Marmara birlik,catalog/565.JPG,"23,953",kg,true
565,MB oliivit Extra XS Gemlik Tipi 800g Siyah Zeytin Vacum,195,12,99999,Marmara birlik,catalog/567.JPG,"73,555",kg,true
567,MB oliivit Extra Zeyt Gemlik Tipi 500g Vak,195,24,99999,Marmara birlik,catalog/12138.JPG,"45,108",kg,true
12138,MB oliivinvihreä kivetön150g TNK,195,24,99999,Marmara birlik,catalog/6066.JPG,"23,953",kg,true
6066,MB oliivi Hiper 800g Vakuumi Gemlik (L),195,12,99999,Marmara birlik,catalog/3850.JPG,"37,865",kg,true
3850,MB oliivi Hiper L 500gr Gemlik vakuumi,195,24,99999,Marmara birlik,catalog/595.JPG,"52,528",kg,true
595,MB oliivi Hiper L 800g tina Gemlik (harmaa) L,195,6,99999,Marmara birlik,catalog/2216.JPG,"21,634",kg,true
2216,MB oliivi Hususi 500g Vakuumi,195,24,99999,Marmara birlik,catalog/564.JPG,"44,814",kg,true
564,MB oliivi LUX 3XS Gemlik 800g Vakuumi,195,12,99999,Marmara birlik,catalog/590.JPG,"57,474",kg,true
590,MB oliivi LUX Gemlik 800g annos Zeytin (oranssi) 3XS,195,6,99999,Marmara birlik,catalog/10997.JPG,"17,282",kg,true
10997,MB oliivi Marbir Pet Siyah Zeytin 1400g Yagli salamura,195,6,99999,Marmara birlik,catalog/10996.JPG,"62,746",kg,true
10996,MB oliivi Marbir Pet Siyah Zeytin 950g Yagli salamura,195,6,99999,Marmara birlik,catalog/9436.JPG,"86,536",kg,true
9436,MB oliivit Mega Gold XL Gemlik 480g tina,195,6,99999,Marmara birlik,catalog/8705.JPG,"31,373",kg,true
8705,MB oliivit Mega Gold XL Gemlik 800g tina,195,6,99999,Marmara birlik,catalog/702.JPG,"61,803",kg,true
702,MB oliivit Mega XL 500g / Siyah Zeytin Vakum Gemlik,195,24,99999,Marmara birlik,catalog/596.JPG,"37,085",kg,true
596,MB oliivit Mega XL 800g annos Gemlik,195,6,99999,Marmara birlik,catalog/11760.JPG,"19,315",kg,true
11760,MB oliivit Mega XL 800g Vakuumi,195,12,99999,Marmara birlik,catalog/11266.JPG,"35,933",kg,true
11266,MB oliivi Mortanem 800g annos,195,6,99999,Marmara birlik,catalog/10401.JPG,"25,499",kg,true
10401,MB oliivit Musta Minyon 800g (punainen),195,6,99999,Marmara birlik,catalog/12139.JPG,"22,407",kg,true
12139,MB mustat oliivit kivetön150g TNK,195,24,99999,Marmara birlik,catalog/6067.JPG,"37,865",kg,true
6067,MB oliivi Süper 800g Vakuumi Gemlik,195,12,99999,Marmara birlik,catalog/597.JPG,"92,719",kg,true
597,MB oliivi Super M 800g annos Gemlik (vaalea lila) M,195,6,99999,Marmara birlik,catalog/568.JPG,"37,865",kg,true
568,MB oliivi Süper M Gemlik Tipi 500g Vak,195,24,99999,Marmara birlik,catalog/586.JPG,"72,639",kg,true
586,MB schw.Oliven Elit 800g / Gemlik Siyah (VIHREÄ) 2XS,195,6,99999,Marmara birlik,catalog/10797.JPG,"23,18",kg,true
10797,MB Sele oliivit 400g,195,12,99999,Marmara birlik,catalog/9266.JPG,"16,997",kg,true
9266,MB Sele oliivit 800g,195,6,99999,Marmara birlik,catalog/2367.JPG,"17,282",kg,true
2367,MB Super M Oliivit Gemlik Siyah Zeytin 10kg KN,195,1,99999,Marmara birlik,catalog/1985.JPG,"54,089",kg,true
1985,MB SW exex oliivi mk 10kg kanisteri,195,1,99999,Marmara birlik,catalog/9435.JPG,"27,044",kg,true
9435,MB Zeytin ezmesi 175g oliivi lasi Sade,195,12,99999,Marmara birlik,catalog/4150.JPG,"67,986",kg,true
4150,MB Zeytin ezmesi 340g Oliivit,195,12,99999,Marmara birlik,catalog/10788.JPG,"19,315",kg,true
10788,MB Zeytin ezmesi 340g oliivi lasi Baharat,195,12,99999,Marmara birlik,catalog/3086.JPG,"30,901",kg,true
3086,"Moranita gr oliiveja kivi 2,7 kg annos Yesil Zeytin",196,6,99999,Morenita,catalog/738.JPG,"27,044",kg,true
738,Moranita sw oliiveja kivi 425g annos Siyah Zeytin,196,24,99999,Morenita,catalog/3983.JPG,"51,656",kg,true
3983,Morenita gr oliiveja kivi 425g annos Yesil Zeytin,196,24,99999,Morenita,catalog/754.JPG,"43,926",kg,true
754,Morenita gr oliiveja kivi 860g annos Yesil Zeytin,196,12,99999,Morenita,catalog/365.JPG,"12,351",kg,true
365,"Morenita gr oliivit kivetön 2,7kgDose Yesil Zeytin",196,6,99999,Morenita,catalog/4706.JPG,"20,08",kg,true
4706,Morenita gr oliivit kivetön 425g tina Yesil Zeytin,196,24,99999,Morenita,catalog/755.JPG,"20,08",kg,true
755,Morenita gr oliivit kivetön 860g tina yeZeytin Cekirdeksiz,196,12,99999,Morenita,catalog/2549.JPG,"48,686",kg,true
2549,"Morenita SW oliiveja kivi 2,7 kg tina Siyah Zeytin",196,6,99999,Morenita,catalog/2545.JPG,"22,538",kg,true
2545,Morenita SW oliiveja kivi 5kg tina Siyah Zeytin,196,2,99999,Morenita,catalog/747.JPG,"23,466",kg,true
747,Morenita SW oliiveja kivi 860g tina Siyah Zeytin,196,12,99999,Morenita,catalog/358.JPG,"22,554",kg,true
358,"Morenita SW oliivit kivetön 2,7kgDose Siyah Zeytin 24/26",196,6,99999,Morenita,catalog/740.JPG,"48,686",kg,true
740,Morenita SW oliivit kivetön 425g tina Siyah Zeytin,196,24,99999,Morenita,catalog/357.JPG,"24,084",kg,true
357,Morenita SW oliivit kivetön 5kg tina Siyah Zeytin,196,2,99999,Morenita,catalog/751.JPG,"23,172",kg,true
751,Morenita SW oliivit kivetön 860g tina Siyah Zeytin,196,12,99999,Morenita,catalog/10164.JPG,"42,503",kg,true
10164,Ahiköy Sele Siyah Zeytin 700g PET,197,6,99999,Ahiköy,catalog/9772.JPG,"28,595",kg,true
9772,"Ahiköy Sele Zeytin 1,5kg Pet Siyah Zeytin",197,6,99999,Ahiköy,catalog/11571.JPG,"20,08",kg,true
11571,Alssman oliivi vihreä 1kg,197,12,99999,Alssman,catalog/9133.JPG,"49,459",kg,true
9133,Alssman oliivi vihreä 2Kg,197,4,99999,Alssman,catalog/11479.JPG,"24,084",kg,true
11479,Aydogmus Biberli Yesil Zeytin 10kg,197,1,99999,Aydogmus,catalog/9961.JPG,"33,748",kg,true
9961,Aydogmus Gemlik Siya Az tuzlu Zeytin 9 kg,197,1,99999,Aydogmus,catalog/11829.JPG,"22,554",kg,true
11829,Aydogmus Kirma Yesil Zeytin 10kg TNK,197,1,99999,Aydogmus,catalog/10804.JPG,"15,451",kg,true
10804,Aydogmus Siyah Yagli Zeytin Olive 800g tina,197,6,99999,Aydogmus,catalog/9432.JPG,"32,068",kg,true
9432,Aydogmus Uslu paketti Zeytin 700g Oliivit,197,16,99999,Aydogmus,catalog/6019.JPG,"35,539",kg,true
6019,Bagci Cizik Zeytin 400g Yesil oliivit,197,12,99999,Bagci,catalog/11624.JPG,"33,488",kg,true
11624,Bagci Gurme kuru Sele Siyah Zeytin Özel 10kg,197,1,99999,Bagci,catalog/6926.JPG,"46,374",kg,true
6926,Bagci Özel Zeytin Siyah 9 kg oliivi vihreä kapselin,197,1,99999,Bagci,catalog/4211.JPG,"42,38",kg,true
4211,"Bagci Sele oliivi 1,5 kg Teneke Annos",197,4,99999,Bagci,catalog/4134.JPG,"36,068",kg,true
4134,Bagci Sele Oliivit 750 gramman annos,197,12,99999,Bagci,catalog/4135.JPG,"27,044",kg,true
4135,Bagci Sele oliivi 9 kg BLACK TNK,197,1,99999,Bagci,catalog/9916.JPG,"37,08",kg,true
9916,Bagci Siyah Az tuzlu 400g mustia oliiveja Annos,197,12,99999,Bagci,catalog/4214.JPG,"35,539",kg,true
4214,Bagci Siyah oliivit 200g Özel,197,48,99999,Bagci,catalog/11188.JPG,"79,996",kg,true
11188,Bagci Siyah oliivit 700g PET,197,9,99999,Bagci,catalog/4213.JPG,"64,28",kg,true
4213,Bagci Siyah oliivit 800g Özel vakuumi,197,12,99999,Bagci,catalog/6927.JPG,"47,916",kg,true
6927,"Bagci Siyah Zeytin 1,5kg oliivi PET",197,6,99999,Bagci,catalog/11340.JPG,"67,229",kg,true
11340,Bagci Siyah Zeytin 1kg TNK oliivi Oval,197,8,99999,Bagci,catalog/6015.JPG,"41,092",kg,true
6015,Bagci Siyah Zeytin 400g juusto oliiveja,197,12,99999,Bagci,catalog/10068.JPG,"16,989",kg,true
10068,Bagci Siyah Zeytin EKONOMIK Boy 800g annos keltainen,197,6,99999,Bagci,catalog/12110.JPG,"53,115",kg,true
12110,Bagci Siyah Zeytin Gemlik Nazlisi 1.4kg PET,197,6,99999,Bagci,catalog/6929.JPG,"35,929",kg,true
6929,Bagci Sofra Zeytin Siyah 800g annos Az tuzlu Valkoinen / Vihreä,197,6,99999,Bagci,catalog/11189.JPG,"35,539",kg,true
11189,Bagci Yesil Beaver Zeytin 700g PET,197,9,99999,Bagci,catalog/7659.JPG,"39,798",kg,true
7659,"Bagci Yesil Biberli Zeytin 1,5kg PET",197,6,99999,Bagci,catalog/10330.JPG,"69,037",kg,true
10330,Bagci Yesil Biberli Zeytin 200g Vakum,197,48,99999,Bagci,catalog/10086.JPG,"38,631",kg,true
10086,"Bagci Yesil Cizik 1,5kg Pet oliivit",197,6,99999,Bagci,catalog/10088.JPG,"15,451",kg,true
10088,Bagci Yesil Cizik 10kg tölkit oliivit,197,1,99999,Bagci,catalog/10329.JPG,"34,387",kg,true
10329,Bagci Yesil Cizik Zeytin 200g Vak,197,48,99999,Bagci,catalog/11190.JPG,"30,909",kg,true
11190,Bagci Yesil Cizik Zeytin 700g PET,197,9,99999,Bagci,catalog/5637.JPG,"35,929",kg,true
5637,"Bagci Yesil Kirma oliivit 1,5kg PET",197,6,99999,Bagci,catalog/11191.JPG,"45,208",kg,true
11191,Bagci Yesil Kirma Zeytin 700g,197,9,99999,Bagci,catalog/6959.JPG,"71,665",kg,true
6959,Carretilla oliivit vihreä kivetön 5Kg,197,2,99999,Carretilla,catalog/10221.JPG,"39,025",kg,true
10221,Cartier oliivinvihreä chili 13kg ämpäri,197,1,99999,Cartier,catalog/10250.JPG,"45,086",kg,true
10250,Cartier oliivinvihreä halkaistu 72cc,197,12,99999,Cartier,catalog/10896.JPG,"61,772",kg,true
10896,Cartier oliivinvihreä viipaloitu 5/1,197,3,99999,Cartier,catalog/10897.JPG,"35,929",kg,true
10897,Cartier oliivinvihreä M.K. 1/1,197,12,99999,Cartier,catalog/10894.JPG,"39,025",kg,true
10894,Cartier oliivinvihreä M.K. 5/1,197,3,99999,Cartier,catalog/10229.JPG,"35,929",kg,true
10229,"Cartier oliivinvihreä o.K 3,8kg",197,4,99999,Cartier,catalog/10244.JPG,"34,264",kg,true
10244,Cartier oliivinvihreä O.K. 1/1,197,12,99999,Cartier,catalog/10247.JPG,"20,996",kg,true
10247,Cartier oliivinvihreä O.K. 1/2,197,12,99999,Cartier,catalog/10230.JPG,"16,989",kg,true
10230,Cartier oliivinvihreä O.K. 5/1,197,3,99999,Cartier,catalog/12174.JPG,"18,933",kg,true
12174,Cartier oliivinvihreä kivetön 1/2,197,12,99999,Cartier,catalog/10893.JPG,"18,535",kg,true
10893,"Cartier oliivi Maroc musta 3,8L",197,4,99999,Cartier,catalog/10254.JPG,"18,933",kg,true
10254,Cartier oliivi Maroc musta 5Kg vacum,197,1,99999,Cartier,catalog/10892.JPG,"27,82",kg,true
10892,Cartier oliivi Maroc musta 8kg ämpäri,197,1,99999,Cartier,catalog/10246.JPG,"19,462",kg,true
10246,Cartier oliivi musta M.K. 1/1,197,12,99999,Cartier,catalog/10249.JPG,"11,733",kg,true
10249,Cartier oliivi musta M.K. 1/2,197,12,99999,Cartier,catalog/10232.JPG,"19,706",kg,true
10232,Cartier oliivi musta M.K. 5/1,197,3,99999,Cartier,catalog/10245.JPG,"11,733",kg,true
10245,Cartier mustia oliiveja O.K. 1/1,197,12,99999,Cartier,catalog/10248.JPG,"38,126",kg,true
10248,Cartier mustia oliiveja O.K. 1/2,197,12,99999,Cartier,catalog/10231.JPG,"15,457",kg,true
10231,Cartier mustia oliiveja O.K. 5/1 22/25,197,3,99999,Cartier,catalog/10895.JPG,"30,658",kg,true
10895,Cartier oliivi SW viipaloitu 5/1,197,3,99999,Cartier,catalog/3542.JPG,"17,916",kg,true
3542,Chtoura vihreitä oliiveja 1/1,197,12,99999,Chtoura,catalog/347.JPG,"11,733",kg,true
347,Chtoura vihreät oliivit 3 kg,197,4,99999,Chtoura,catalog/343.JPG,"18,933",kg,true
343,Durra vihreät oliivit 3kg,197,4,99999,Durra,catalog/6350.JPG,"18,535",kg,true
6350,Durra oliivinvihreä 720g,197,12,99999,DUrra,catalog/370.JPG,"11,733",kg,true
370,FRUYPER vihreitä oliiveja Anjovis 2.1kg annos,197,3,99999,Fruyper,catalog/5964.JPG,"18,933",kg,true
5964,FRUYPER vihreät oliivit 600g annos anjovis,197,6,99999,Fruyper,catalog/6563.JPG,"18,933",kg,true
6563,Lorena oliivinvihreä 3kg kivetön,197,3,99999,Lorena,catalog/6562.JPG,"33,375",kg,true
6562,Lorena oliivi 3kg musta kivetön,197,3,99999,Lorena,catalog/11454.JPG,"36,58",kg,true
11454,MB Cesnili Siyah oliivit 400g,197,12,99999,MB,catalog/2804.JPG,"34,003",kg,true
2804,Onal oliivinvihreä paprikat GEF 10kg,197,1,99999,Onal,catalog/9150.JPG,"27,81",kg,true
9150,Sarisen oliivi 10kg musta Kova Gemlik Koy sele,197,1,99999,Sarisen,catalog/10621.JPG,"29,947",kg,true
10621,Stellos vihreitä oliiveja valkosipuli 10kg,197,1,99999,Stellos,catalog/10371.JPG,"22,407",kg,true
10371,Stellos vihreät oliivit O.K. Mamout 10kg,197,1,99999,Stellos,catalog/10620.JPG,"20,479",kg,true
10620,Stellos mustia oliiveja 10kg Mahmout,197,1,99999,Stellos,catalog/7636.JPG,"19,706",kg,true
7636,"Yesim Biberli Yesil Zeytin 1,5kg Pet",197,6,99999,Yesim,catalog/9030.JPG,"24,718",kg,true
9030,Yesim Biberli Yesil Zeytin 400g Vakuumi oliivit,197,28,99999,Yesim,catalog/7867.JPG,"48,95",kg,true
7867,Yesim Biberli Yesil Zeytin 800g Vakuumi oliivit,197,16,99999,Yesim,catalog/9944.JPG,"33,492",kg,true
9944,Yesim Cizik Yesil 400g Vakuumi oliivit,197,28,99999,Yesim,catalog/9943.JPG,"56,68",kg,true
9943,Yesim Cizik Yesil vakuumi 800g Oliivit,197,16,99999,Yesim,catalog/7631.JPG,"39,933",kg,true
7631,Yesim Cizik Yesil Zeytin 10kg Teneke,197,1,99999,Yesim,catalog/9425.JPG,"45,086",kg,true
9425,Yesim Cizik Yesil Zeytin 400g PET Olive,197,18,99999,Yesim,catalog/7868.JPG,"42,116",kg,true
7868,Yesim Cizik Yesil Zeytin 900g PET Tarjous,197,6,99999,Yesim,catalog/7634.JPG,"64,889",kg,true
7634,"Yesim Gemlik Siyah Zeytin 1,5kg PET",197,6,99999,Yesim,catalog/7628.JPG,"61,813",kg,true
7628,Yesim Gemlik Siyah Zeytin 10kg Teneke,197,1,99999,Yesim,catalog/9959.JPG,"54,068",kg,true
9959,Yesim Gemlik Siyah Zeytin 900g PET Tarjous,197,6,99999,Yesim,catalog/9946.JPG,"49,446",kg,true
9946,Yesim Kirma Yesil 400g Vakuumi oliivit,197,28,99999,Yesim,catalog/9945.JPG,"46,374",kg,true
9945,Yesim Kirma Yesil 800g Vakuumi oliivit,197,16,99999,Yesim,catalog/7630.JPG,"37,077",kg,true
7630,Yesim Kirma Yesil Zeytin 10kg Teneke,197,1,99999,Yesim,catalog/7866.JPG,"20,088",kg,true
7866,Yesim Kirma Yesil Zeytin 900g PET Tarjous,197,6,99999,Yesim,catalog/9430.JPG,"34,387",kg,true
9430,Yesim Kokteyl Yesil Zeytin 900g PET Olive,197,12,99999,Yesim,catalog/10976.JPG,"41,221",kg,true
10976,Yesim Siyah Gemlik oliivit 800g tölkki Gold,197,6,99999,Yesim,catalog/7348.JPG,"20,088",kg,true
7348,Akash basmatiriisi 5Kg,198,1,99999,Akash,catalog/4414.JPG,"49,019",kg,true
4414,Al Amir Basmati 10kg,198,1,99999,Al Amir,catalog/7324.JPG,"49,446",kg,true
7324,Al Amir Basmati 1kg,198,12,99999,Al Amir,catalog/4413.JPG,"37,357",kg,true
4413,Al Amir Basmati 5kg,198,4,99999,Al Amir,catalog/11756.JPG,"20,088",kg,true
11756,Al Rai basmatiriisin 5Kg,198,4,99999,Al Rai,catalog/198.JPG,"44,814",kg,true
198,Alcala Tosya riisi 5kg Pirinc,198,4,99999,Alcala,catalog/4383.JPG,"30,909",kg,true
4383,Alwazeh Rice 10kg,198,1,99999,Alwazeh,catalog/4068.JPG,"12,237",kg,true
4068,Alwazeh riisi 1kg,198,2,99999,Alwazeh,catalog/10361.JPG,"19,322",kg,true
10361,Alwazeh Rice 5Kg,198,4,99999,Alwazeh,catalog/532.JPG,"26,264",kg,true
532,Amira Intian Basmatiriisi 5kg,198,1,99999,Amira,catalog/11405.JPG,"36,064",kg,true
11405,Baktat Baldo riisi 5Kg,198,1,99999,Baktat,catalog/11406.JPG,"46,37",kg,true
11406,Baktat Tosya riisi 1kg,198,1,99999,Baktat,catalog/11407.JPG,"20,606",kg,true
11407,Baktat Tosya riisi 5Kg,198,1,99999,Baktat,catalog/6359.JPG,"21,898",kg,true
6359,Laila basmatiriisi 20kg,198,1,99999,Laila,catalog/110.JPG,"4,635",kg,true
110,Bravo Tosya Rice 1kg Pirinc,198,1,99999,Bravo,catalog/10803.JPG,"46,37",kg,true
10803,Bravo Tosya Rice 2Kg Pirinc,198,6,99999,Bravo,catalog/177.JPG,"10,304",kg,true
177,Bravo Tosya riisi 5kg Pirinc,198,2,99999,Bravo,catalog/11032.JPG,"2,833",kg,true
11032,Burcu Baldo Rice 1kg,198,1,99999,Burcu,catalog/11033.JPG,"1,416",kg,true
11033,Burcu Baldo Rice 5Kg,198,4,99999,Burcu,catalog/11066.JPG,"1,841",kg,true
11066,Burcu pitkäjyväistä riisiä Sivri Princ 1kg,198,1,99999,Burcu,catalog/11500.JPG,"41,221",kg,true
11500,Burcu pitkäjyväistä riisiä Sivri Princ 5Kg,198,4,99999,Burcu,catalog/11030.JPG,"1,493",kg,true
11030,Burcu Tosya riisi 1kg,198,1,99999,Burcu,catalog/11031.JPG,"19,006",kg,true
11031,Burcu Tosya Rice 5Kg,198,4,99999,Burcu,catalog/3606.JPG,"14,168",kg,true
3606,Dalia Basmati 5kg,198,4,99999,Dalia,catalog/3074.JPG,"1,673",kg,true
3074,Dalia basmatiriisin 1kg,198,12,99999,Dalia,catalog/4750.JPG,"33,488",kg,true
4750,Durra basmatiriisin 5 kg,198,4,99999,Durra,catalog/5459.JPG,"1,158",kg,true
5459,Duru Baldo Pirinc 5kg riisi ITA,198,2,99999,Duru,catalog/3877.JPG,"21,637",kg,true
3877,Duru Basmati Pirinc 1kg,198,12,99999,Duru,catalog/2899.JPG,"1,158",kg,true
2899,Duru Pilavlik Pirinc 1kg riisi Tosya,198,1,99999,Duru,catalog/2541.JPG,"22,152",kg,true
2541,Helppo Cook riisi Kiehautettu pitkäjyväistä 10kg,198,1,99999,Easy Cook,catalog/10547.JPG,"48,946",kg,true
10547,"Ghana painike Weisse Gari 1,5kg",198,12,99999,Ghana,catalog/5451.JPG,"29,356",kg,true
5451,Ghana painike Weisse Gari 1kg,198,24,99999,Ghana,catalog/11036.JPG,"47,71",kg,true
11036,Golden Dragon riisi 1kg Punainen Premium Quality,198,1,99999,Golden Dragon,catalog/3329.JPG,"5,82",kg,true
3329,Golden Dragon Rice 5kg Vihreä A1 super erikoistarjoukset,198,1,99999,Golden Dragon,catalog/11035.JPG,"33,993",kg,true
11035,Golden Dragon Rice 5kg Punainen Premium Qualitay,198,1,99999,Golden Dragon,catalog/3555.JPG,"1,802",kg,true
3555,Golden Dragon riisi pussi 20kg,198,2,99999,Golden Dragon,catalog/11034.JPG,"9,145",kg,true
11034,"Golden Dragon riisi pussi 22,7 kg",198,1,99999,Golden Dragon,catalog/11483.JPG,"42,495",kg,true
11483,Harmaa keltainen riisi 5kg Kiehautettu,198,15,99999,Grey,catalog/11485.JPG,"63,658",kg,true
11485,Harmaa Pitkäjyväinen riisi 5kg sivri Pirinc,198,15,99999,Grey,catalog/11482.JPG,"1,416",kg,true
11482,Gülcan keltainen riisi 1kg Parboled,198,2,99999,Gülcan,catalog/11484.JPG,"5,152",kg,true
11484,Gülcan pitkä riisi 1kg sivri Pirinc,198,2,99999,Gülcan,catalog/12000.JPG,"7,084",kg,true
12000,Gülcan Rice Baldo 1kg,198,12,99999,Gülcan,catalog/12001.JPG,"7,727",kg,true
12001,Gülcan riisi Osmancik Pirinc 1kg,198,12,99999,Gülcan,catalog/5271.JPG,"29,254",kg,true
5271,Gülcan Tosya Princ Rice 1kg,198,1,99999,Gülcan,catalog/5272.JPG,"27,033",kg,true
5272,Gülcan Tosya Princ riisi 5kg,198,4,99999,Gülcan,catalog/109.JPG,"25,101",kg,true
109,Gullu pitkä riisi 1kg sivri Pirinc,198,12,99999,Güllü,catalog/195.JPG,"2,574",kg,true
195,Gullu pitkä riisi 5kg sivri Pirinc,198,4,99999,Güllü,catalog/107.JPG,"2,316",kg,true
107,Gullu Tosya keltainen riisi 1kg sari Pirinc Kiehautettu,198,12,99999,Güllü,catalog/197.JPG,"27,81",kg,true
197,Gullu Tosya keltainen riisi 5kg sari Pirinc Kiehautettu,198,2,99999,Güllü,catalog/108.JPG,"21,626",kg,true
108,Gullu Tosya Rice 1kg Pirinc,198,12,99999,Güllü,catalog/12119.JPG,"1,158",kg,true
12119,"Gullu Tosya riisi 2,5kg Pirinc",198,6,99999,Güllü,catalog/196.JPG,"21,637",kg,true
196,Gullu Tosya riisi 5kg Pirinc,198,4,99999,Güllü,catalog/7939.JPG,"15,443",kg,true
7939,Hanna basmatiriisi 10kg,198,1,99999,Hanna,catalog/7415.JPG,"22,667",kg,true
7415,"Hanna Basmati 2,5kg",198,4,99999,Hanna,catalog/3075.JPG,"17,916",kg,true
3075,Hanna basmatiriisi 5kg,198,4,99999,Hanna,catalog/105.JPG,"4,017",kg,true
105,Olen Risi risottoriisiä 1kg Pirinc,198,1,99999,I Risi,catalog/179.JPG,"20,08",kg,true
179,Olen Risi Classici risottoriisiä 5kg,198,4,99999,I Risi,catalog/10423.JPG,"24,339",kg,true
10423,Ishq Basmati 10 kg Marque,198,1,99999,ISHQ,catalog/10422.JPG,"30,396",kg,true
10422,Ishq Basmati 5kg Marque,198,1,99999,ISHQ,catalog/11060.JPG,"20,61",kg,true
11060,Mahan Ratna basmatiriisi 1kg,198,1,99999,Maha Ratna,catalog/11038.JPG,"21,379",kg,true
11038,Mahan Ratna basmatiriisi 5 kg,198,1,99999,Maha Ratna,catalog/11451.JPG,"41,217",kg,true
11451,Mahmood riisi 900g,198,2,99999,Mahmood,catalog/10863.JPG,"1,673",kg,true
10863,Mahmood riisi Basmati Premium 10kg,198,2,99999,Mahmood,catalog/11061.JPG,"29,881",kg,true
11061,Oishii Sushi Yamato riisi valkoinen riisi 10kg,198,1,99999,Oishii,catalog/11495.JPG,"18,806",kg,true
11495,Oishii Sushi Yamato riisi valkoinen riisi 1kg,198,1,99999,Oishii,catalog/4415.JPG,"10,948",kg,true
4415,Pagoda Rice 20kg American Rice,198,2,99999,Pagoda,catalog/172.JPG,"1,931",kg,true
172,Palmier Basmatiriisi 10kg,198,1,99999,Palmier,catalog/100.JPG,"9,531",kg,true
100,Palmier basmatiriisi 1kg Pirinc,198,1,99999,Palmier,catalog/171.JPG,"4,635",kg,true
171,Palmier basmatiriisi 5kg,198,1,99999,Palmier,catalog/102.JPG,"46,373",kg,true
102,Palmier Pandan Rice 1kg Pirinc Tuoksut,198,1,99999,Palmier,catalog/174.JPG,"12,237",kg,true
174,Palmier Pandan Rice 5kg Pirinc Tuoksut,198,1,99999,Palmier,catalog/101.JPG,"1,364",kg,true
101,Palmier Kiehautettu American 1kg riisi Pretraite keltainen Lang,198,1,99999,Palmier,catalog/9933.JPG,"4,532",kg,true
9933,Palmier Kiehautettu American 5kg riisi Pretraite keltainen Lang,198,1,99999,Palmier,catalog/9932.JPG,"29,112",kg,true
9932,Palmier Surinaams 1kg riisi,198,1,99999,Palmier,catalog/9931.JPG,"3,09",kg,true
9931,Palmier Surinaams 5kg riisi,198,1,99999,Palmier,catalog/7323.JPG,"15,328",kg,true
7323,Qibbla Basmati 5kg,198,1,99999,Qibbla,catalog/9886.JPG,"2,317",kg,true
9886,Thaimaan tuoksuva riisi pitkäjyväinen 1kg,198,1,99999,Royal Thai,catalog/7305.JPG,"10,948",kg,true
7305,Sadry basmatiriisi 1kg,198,12,99999,Sadry,catalog/10582.JPG,"1,416",kg,true
10582,"Sadry basmatiriisi 4,5 kg",198,4,99999,Sadry,catalog/106.JPG,"6,826",kg,true
106,Sativa basmatiriisi 1kg Pirinc,198,12,99999,Sativa,catalog/2436.JPG,"1,493",kg,true
2436,Sativa basmatiriisi 5kg Pirinc,198,1,99999,Sativa,catalog/6536.JPG,"6,826",kg,true
6536,Scheherazade Basmati 1kg,198,12,99999,Scheherazade,catalog/6535.JPG,"11,979",kg,true
6535,Scheherazade Basmati 5Kg,198,1,99999,Scheherazade,catalog/9939.JPG,"2,189",kg,true
9939,Sera Baldo Pirinc 1kg riisi,198,1,99999,Sera,catalog/9940.JPG,"24,718",kg,true
9940,Sera Baldo Pirinc 5kg riisi,198,4,99999,Sera,catalog/9941.JPG,"35,807",kg,true
9941,Sera Tosya Pirinc 1kg riisi iri pilavlik,198,1,99999,Sera,catalog/9942.JPG,"29,356",kg,true
9942,Sera Tosya Pirinc 5kg riisi,198,4,99999,Sera,catalog/6534.JPG,"12,237",kg,true
6534,Sultan basmatiriisi 1kg,198,12,99999,Sultan,catalog/6533.JPG,"32,447",kg,true
6533,Sultan basmatiriisi 5kg,198,1,99999,SUltan,catalog/7974.JPG,"13,267",kg,true
7974,Tilda Pure basmatiriisi 5Kg,198,1,99999,Tilda,catalog/10989.JPG,"2,189",kg,true
10989,Tilda Pure basmatiriisi 1kg,198,8,99999,Tilda,catalog/5488.JPG,"40,187",kg,true
5488,ldim Adgika Ostraja 315 ml chilikastike keskivahva,,12,99999,Idim,catalog/1259.JPG,"1,416",kg,true
1259,Aldim Adgika 315 ml lasi Paprika,201,12,99999,Aldim,catalog/11892.JPG,"25,759",kg,true
11892,Aldim Assorti 900ml kirsikka&kurkku Premium,201,12,99999,Aldim,catalog/11894.JPG,"30,901",kg,true
11894,Aldim Assorti 900ml keltainen tomaatti/kurkku kirsikka Leaf Premium,201,12,99999,Aldim,catalog/10452.JPG,"12,881",kg,true
10452,Aldim Assorti 900ml tomaatti/kurkku,201,12,99999,Aldim,catalog/11891.JPG,"18,162",kg,true
11891,Aldim Assorti 900ml tomaatti/kurkku Premium,201,12,99999,Aldim,catalog/10512.JPG,"37,09",kg,true
10512,Aldim Assorti kirsikka kurkut 900ml,201,12,99999,Aldim,catalog/2939.JPG,"14,825",kg,true
2939,Aldim munakoiso vihannekset 580 ml lasi Po Bolgarski,201,12,99999,Aldim,catalog/6670.JPG,"14,825",kg,true
6670,Aldim munakoiso tomaattikastikkeessa 580 ml Adgika,201,12,99999,Aldim,catalog/3002.JPG,"19,462",kg,true
3002,Aldim munakoiso valkosipuli 580 ml lasi,201,12,99999,Aldim,catalog/1250.JPG,"18,535",kg,true
1250,Aldim Munakoiso 580 ml lasi,201,12,99999,Aldim,catalog/1254.JPG,"16,989",kg,true
1254,Aldim borssikeitto 500ml lasia,201,12,99999,Aldim,catalog/6672.JPG,"18,535",kg,true
6672,Aldim Borschtschewaj Saprawka 385 ml,201,12,99999,Aldim,catalog/8075.JPG,"20,08",kg,true
8075,Aldim Borschtschewaj saprawka paprika 385 ml,201,12,99999,Aldim,catalog/7349.JPG,"23,172",kg,true
7349,Aldim tattari 1kg Jadriza,201,9,99999,Aldim,catalog/1417.JPG,"23,172",kg,true
1417,Aldim tattari 1kg Osobaja ruskea paahdettu,201,9,99999,Aldim,catalog/1300.JPG,"22,554",kg,true
1300,Aldim tatteja mausteliemessä 550ml lasi,201,6,99999,Aldim,catalog/2944.JPG,"23,172",kg,true
2944,Aldim Cartcho keitto 500ml lasia,201,12,99999,Aldim,catalog/9603.JPG,"14,825",kg,true
9603,Aldim sieni 550ml,201,6,99999,Aldim,catalog/1228.JPG,"12,351",kg,true
1228,Aldim herneet puolikas 800g,201,12,99999,Aldim,catalog/4431.JPG,"12,351",kg,true
4431,Aldim hernekeitto 500ml,201,12,99999,Aldim,catalog/11262.JPG,"15,06",kg,true
11262,Aldim vihannes raguu 500ml,201,12,99999,Aldim,catalog/4429.JPG,"15,06",kg,true
4429,Aldim vihannes salaatti 720 ml Neschinski,201,12,99999,Aldim,catalog/3017.JPG,"11,586",kg,true
3017,Aldim vihannes salaatti Datscmij 900ml Paprika,201,12,99999,Aldim,catalog/5489.JPG,"14,825",kg,true
5489,Aldim vihannes salaatti Hersonskij 900ml,201,12,99999,Aldim,catalog/2949.JPG,"10,813",kg,true
2949,Aldim vihannes salaatti Krimski 900ml,201,12,99999,Aldim,catalog/4076.JPG,"12,351",kg,true
4076,Aldim vihannes salaatti Zaporoshkij 72cc,201,12,99999,Aldim,catalog/1279.JPG,"14,825",kg,true
1279,Aldim vihreitä tomaatteja 900ml lasi tynnyri,201,12,99999,Aldim,catalog/1233.JPG,"14,825",kg,true
1233,Aldim kurkku tilli m 1700ml lasi Hersonski,201,6,99999,Aldim,catalog/1234.JPG,"15,134",kg,true
1234,Aldim kurkku tilli m 900ml lasi Hersonski,201,12,99999,Aldim,catalog/1224.JPG,"16,37",kg,true
1224,Aldim kurkut malasolnije 900ml Datchnije,201,12,99999,Aldim,catalog/11889.JPG,"15,443",kg,true
11889,Aldim kurkut tammenlehtiä 900ml Premium,201,12,99999,Aldim,catalog/11267.JPG,"15,443",kg,true
11267,Aldim kurkut tammenlehti + sokeri,201,12,99999,Aldim,catalog/1235.JPG,"17,916",kg,true
1235,Aldim kurkut tammenlehtiä 900ml Nesinski,201,12,99999,Aldim,catalog/1231.JPG,"15,443",kg,true
1231,Aldim kurkut johanneksenleipäpuu 900ml lasi,201,12,99999,Aldim,catalog/11888.JPG,"16,224",kg,true
11888,Aldim kurkut johanneksenleipäpuu 900ml Premium,201,12,99999,Aldim,catalog/11064.JPG,"15,443",kg,true
11064,Aldim kurkut johanneksenleipäpuu 900m Premium,201,12,99999,Aldim,catalog/11887.JPG,"16,989",kg,true
11887,Aldim kurkku kirsikan lehtiä 900ml Premiun,201,12,99999,Aldim,catalog/9258.JPG,"18,535",kg,true
9258,Aldim kurkku kirsikan lehtiä 900ml Astrachanski,201,12,99999,Aldim,catalog/4739.JPG,"16,989",kg,true
4739,Aldim kurkut valkosipuli 900ml Odesski,201,12,99999,Aldim,catalog/1248.JPG,"16,989",kg,true
1248,Aldim kurkut pepperoni 900ml Sastolnije,201,12,99999,Aldim,catalog/5530.JPG,"18,535",kg,true
5530,Aldim kurkut ja viininlehdet 900ml Krimski,201,12,99999,Aldim,catalog/5629.JPG,"18,535",kg,true
5629,Aldim kurkku tynnyri 900ml Botchkowije,201,12,99999,Aldim,catalog/1257.JPG,"18,535",kg,true
1257,Aldim kurkkukeitto 500ml lasia,201,12,99999,Aldim,catalog/1423.JPG,"18,535",kg,true
1423,Aldim hirssi 800g Pseno,201,12,99999,Aldim,catalog/3012.JPG,"17,916",kg,true
3012,Aldim Hrenovina tomaatti piparjuuri 315ml lasi,201,12,99999,Aldim,catalog/1286.JPG,"16,989",kg,true
1286,Aldim Letscho 500ml lasia Bolgarski,201,12,99999,Aldim,catalog/3891.JPG,"16,37",kg,true
3891,Aldim Letscho herkkusienien kera 72cc,201,12,99999,Aldim,catalog/11261.JPG,"18,535",kg,true
11261,Aldim Lutenitsa 370m,201,12,99999,Aldim,catalog/1302.JPG,"17,916",kg,true
1302,Aldim sieni mix 550ml lasi,201,6,99999,Aldim,catalog/9209.JPG,"14,825",kg,true
9209,Aldim paprikat marinoitu mieto 900ml,201,12,99999,Aldim,catalog/3748.JPG,"19,462",kg,true
3748,Aldim Patisonen keltainen 900ml Hersonski,201,12,99999,Aldim,catalog/11886.JPG,"13,588",kg,true
11886,Aldim Patisonen keltainen 900ml Premium,201,12,99999,Aldim,catalog/11893.JPG,"16,37",kg,true
11893,"Aldim Patisonen keltainen kurkut, tomaatit 900ml Assorti Premium",201,12,99999,Aldim,catalog/3004.JPG,"21,626",kg,true
3004,Aldim Patisonen kurkut ja tomaatit 900ml lasi,201,12,99999,Aldim,catalog/4740.JPG,"18,535",kg,true
4740,Aldim Patisonnen kurkkua + tomaatti 2650ml,201,6,99999,Aldim,catalog/2103.JPG,"11,586",kg,true
2103,Aldim sienikeitto 500ml lasia,201,12,99999,Aldim,catalog/3016.JPG,"18,535",kg,true
3016,Aldim salaatti Olivje 720 ml lasi,201,12,99999,Aldim,catalog/11263.JPG,"21,626",kg,true
11263,Aldim Hapanomenakeitto 500ml,201,12,99999,Aldim,catalog/3015.JPG,"23,172",kg,true
3015,Aldim Hapankaali 900ml lasi Kapusta malosolnaja,201,12,99999,Aldim,catalog/4742.JPG,"21,626",kg,true
4742,Aldim Hapankaali keitto po Russki 500ml,201,12,99999,Aldim,catalog/1281.JPG,"19,462",kg,true
1281,Aldim Hot Sauce 315ml lasi Drakon,201,12,99999,Aldim,catalog/3014.JPG,"24,726",kg,true
3014,Siitakesieniä 550ml lasi aldim,201,6,99999,Aldim,catalog/7382.JPG,"15,443",kg,true
7382,Aldim Solianka 500ml,201,12,99999,Aldim,catalog/4730.JPG,"17,916",kg,true
4730,Aldim kastike Cobra medium hot paprikakastike 315ml,201,12,99999,Aldim,catalog/4733.JPG,"14,825",kg,true
4733,Aldim kastike Kucharsk 315ml paprikakastike mausteinen valkosipuli,201,12,99999,Aldim,catalog/1304.JPG,"14,825",kg,true
1304,Aldim sieniä mausteliemessä 550ml lasi,201,6,99999,Aldim,catalog/1271.JPG,"14,825",kg,true
1271,Aldim tomaatit 1.7L lasi Bolgarski,201,6,99999,Aldim,catalog/6305.JPG,"13,897",kg,true
6305,"Aldim Tomaatit 1,7 ml lasi Kubanski",201,6,99999,Aldim,catalog/5630.JPG,"10,813",kg,true
5630,Aldim tomaatit kirsikka 1062ml lasi,201,12,99999,Aldim,catalog/4753.JPG,"14,825",kg,true
4753,Aldim Tomaatit 2650ml Po Bolgarski,201,6,99999,Aldim,catalog/1284.JPG,"13,897",kg,true
1284,Aldim tomaatit 900ml Cherry,201,12,99999,Aldim,catalog/9259.JPG,"13,897",kg,true
9259,Aldim tomaatit 900ml Hersonski vuonna Geweürzaufguss,201,12,99999,Aldim,catalog/9260.JPG,"11,586",kg,true
9260,Aldim tomaatit 900ml Krasnodarski pikantti,201,12,99999,Aldim,catalog/11265.JPG,"13,905",kg,true
11265,Aldim tomaatit 900ml Krimski,201,12,99999,Aldim,catalog/6296.JPG,"13,905",kg,true
6296,Aldim tomaatit 900ml Kubanski mauste,201,12,99999,Aldim,catalog/6295.JPG,"21,626",kg,true
6295,Aldim tomaatit 900ml rypäleen lehdet,201,12,99999,Aldim,catalog/11890.JPG,"20,088",kg,true
11890,Aldim tomaatit 900ml Grape Lehdet Premium,201,12,99999,Aldim,catalog/409.JPG,"18,535",kg,true
409,Aldim tomaatti keltainen 2150ml lasi Astrachanski,201,6,99999,Aldim,catalog/10451.JPG,"14,825",kg,true
10451,Aldim tomaatti keltainen kirsikka lehtiä Astrachanski 900ml,201,12,99999,Aldim,catalog/9263.JPG,"14,825",kg,true
9263,Aldim tomaatit granaatti Kawkaski 2150ml,201,6,99999,Aldim,catalog/9261.JPG,"15,443",kg,true
9261,Aldim tomaatit granaatti Kawkaski 900ml,201,12,99999,Aldim,catalog/1276.JPG,"14,825",kg,true
1276,"Aldim tomaattia tilli ja valkosipuli 1,7 ml",201,6,99999,Aldim,catalog/8077.JPG,"16,989",kg,true
8077,Aldim tomaattia tilli ja valkosipuli 3680ml,201,2,99999,Aldim,catalog/1278.JPG,"15,443",kg,true
1278,Aldim tomaattia tilli ja valkosipuli Nesinski 900ml,201,12,99999,Aldim,catalog/1273.JPG,"17,074",kg,true
1273,"Aldim tomaattia kurkkua 1,7 ml lasi Assorti",201,6,99999,Aldim,catalog/411.JPG,"15,443",kg,true
411,Aldim tomaattia kurkkua 2650 ml: n lasinen,201,6,99999,Aldim,catalog/2953.JPG,"14,291",kg,true
2953,Aldim tomaatit kurkut 3680ml lasi Assorti,201,2,99999,Aldim,catalog/8078.JPG,"15,443",kg,true
8078,Aldim tomaatit kurkut 720 ml,201,12,99999,Aldim,catalog/2933.JPG,"13,905",kg,true
2933,"Aldim tomaatit Patissonon 1,7 ml Assorti",201,6,99999,Aldim,catalog/11259.JPG,"7,984",kg,true
11259,Aldim vehnä rouhe 800g Pschonitschnaja,201,12,99999,Aldim,catalog/1255.JPG,"14,825",kg,true
1255,Aldim kesäkurpitsa sose 500ml,201,12,99999,Aldim,catalog/10449.JPG,"15,451",kg,true
10449,Aldim Kesäkurpitsa salaatti Sastolnij 720 ml,201,12,99999,Aldim,catalog/229.JPG,"19,315",kg,true
229,Babkiny auringonkukansiemenet 500g suolattu & paahdettu C854,202,8,99999,Babkiny,catalog/1407.JPG,"7,984",kg,true
1407,Babkiny auringonkukansiemenet suolattu 300g 853,202,12,99999,Babkiny,catalog/5744.JPG,"13,279",kg,true
5744,Chio Rio Jashkino suklaa 5 kg: n (236) HK236,202,5,99999,Chio Rio,catalog/5313.JPG,"15,451",kg,true
5313,DED auringonkukansiemenet 300g Opa,202,16,99999,DED,catalog/2389.JPG,"12,351",kg,true
2389,Kalanmaksaöljy Old Riga 250g,202,12,99999,Old Riga,catalog/3641.JPG,"13,897",kg,true
3641,Gaklin Francuskij sefir 6kg 80-22 Jacqueline,202,6,99999,Gaklin,catalog/6531.JPG,"13,897",kg,true
6531,Halwa Azovskaja 350g,202,16,99999,Azovskaja,catalog/6528.JPG,"21,219",kg,true
6528,Halwa liuotin 5kg Timoscha,202,5,99999,Timoscha,catalog/6286.JPG,"21,008",kg,true
6286,Halwa Timoshka 350g,202,16,99999,Timoscha,catalog/6335.JPG,"38,64",kg,true
6335,Halwa Timosha 3kg floup. Yksittäispakkauskoneille perämies kt Sade,202,3,99999,Timoscha,catalog/5005.JPG,"30,896",kg,true
5005,Jarche maapähkinät 5kg Jashkino (830),202,5,99999,Jarche,catalog/5157.JPG,"37,085",kg,true
5157,Jarche Jashkino 5kg auringonkukansiemenet (831),202,5,99999,Jarche,catalog/3841.JPG,"41,73",kg,true
3841,Jashkina Kartoshka suklaa 5 kg (540),202,5,99999,Jashkiny,catalog/6213.JPG,"23,888",kg,true
6213,Jashkiny pikkuleipä kirsikka täyte 350g -906-,202,8,99999,Jashkiny,catalog/4332.JPG,"17,384",kg,true
4332,Jashkiny pikkuleipä Classic 350g -903-,202,8,99999,Jashkiny,catalog/2138.JPG,"23,888",kg,true
2138,Jashkiny pikkuleipä mintun maku 350g -902-,202,8,99999,Jashkiny,catalog/2139.JPG,"18,546",kg,true
2139,Jashkiny pikkuleipä maitotiiviste 350g -907-,202,8,99999,Jashkiny,catalog/2141.JPG,"33,487",kg,true
2141,Jashkiny pikkuleipä suklaan maku 350g -901-,202,8,99999,Jashkiny,catalog/2687.JPG,"33,487",kg,true
2687,Jashkiny pikkuleipä sokerikuorrutteella 350g -900-,202,8,99999,Jashkiny,catalog/5745.JPG,"38,64",kg,true
5745,Kringle leivonnaiset Suschka Maljutka unikko 300g,202,15,99999,Kringle,catalog/1330.JPG,"11,944",kg,true
1330,Löwuschka 6kg suklaata 83-50,202,6,99999,Löwuschka,catalog/2724.JPG,"12,356",kg,true
2724,Marusja auringonkukansiemenet 200g Pikkutyttö,202,22,99999,Marusja,catalog/1332.JPG,"10,914",kg,true
1332,Medunok 6kg Orech suklaata 96-75,202,6,99999,Medunok,catalog/1335.JPG,"11,944",kg,true
1335,Sefir sekoitettu mansikka kerma 420g,202,12,99999,Sefir,catalog/2275.JPG,"11,944",kg,true
2275,Sefir Cream 450g suklaa kuorrute,202,12,99999,Sefir,catalog/5262.JPG,"11,944",kg,true
5262,Sefir Ty Moi 260g kirsikkakerma,202,15,99999,Sefir,catalog/5130.JPG,"17,371",kg,true
5130,Sefir Ty Moi kerma 260g,202,15,99999,Sefir,catalog/3668.JPG,"40,957",kg,true
3668,Sefir Vanilla 420g,202,12,99999,Sefir,catalog/1292.JPG,"28,312",kg,true
1292,Kilohaili öljyssä 160g annos Old Riga,202,36,99999,Old Riga,catalog/499.JPG,"41,73",kg,true
499,Kilohaili öljyssä 160g annos Old Riga,202,36,99999,Old Riga,catalog/126.JPG,"26,264",kg,true
126,Kilohaili öljyssä 250g lasi Old Riga,202,12,99999,Old Riga,catalog/11531.JPG,"32,447",kg,true
11531,Sardiinit tomaattikastikkeessa lasi 280g Old Riga,202,12,99999,Old Riga,catalog/2047.JPG,"23,168",kg,true
2047,Sardiinit tomaattikastikkeessa Vanhassa Riiassa 240g EO laatikko rengas,202,24,99999,Old Riga,catalog/3846.JPG,"25,101",kg,true
3846,Suschka Krocha Post 200g,202,15,99999,,catalog/413.JPG,"26,264",kg,true
413,Vohvelit Halva 300g Jashkino,202,15,99999,Jashkino,catalog/6138.JPG,"36,126",kg,true
6138,Vohvelit kondensoitu maito Jashkino 300g,202,15,99999,Jashkino,catalog/5862.JPG,"37,054",kg,true
5862,Sitruuna-Lime vohvelit Jashkino 300g,202,15,99999,Jashkino,catalog/4184.JPG,"24,718",kg,true
4184,Vohvelit Orehovye Jashkino 300g (164),202,15,99999,Jashkino,catalog/2402.JPG,"17,916",kg,true
2402,Kiekkoja suklaa 300g Jashkino,202,15,99999,Jashkino,catalog/2794.JPG,"20,374",kg,true
2794,Zhaklin Francuskij sefir mansikka 6kg,202,6,99999,Zhaklin,catalog/4573.JPG,"15,439",kg,true
4573,Zhaklin Francuskij sefir karamelli 6kg,202,6,99999,Zhaklin,catalog/1333.JPG,"21,236",kg,true
1333,Zolotoj Vaihe 6kg pähkinöitä 97-59 suklaata,202,6,99999,Zolotoj,catalog/5059.JPG,"21,236",kg,true
5059,Basak Cabuk Corba Aci Domates 22g 4 tomaattikeitto,204,12,99999,Basak,catalog/5058.JPG,"21,236",kg,true
5058,Basak Cabuk Corba Krem Domates 22g 4p,204,12,99999,Basak,catalog/5057.JPG,"21,236",kg,true
5057,Basak Cabuk Corba Kremali Tavuksalata 22g 4e kanakeitto,204,12,99999,Basak,catalog/5056.JPG,"21,236",kg,true
5056,Basak Cabuk Corba Mantar 20g 4p Championgssuppe,204,12,99999,Basak,catalog/5055.JPG,"40,184",kg,true
5055,Basak Cabuk Corba Mercimek 22g 4p linssi keitto,204,12,99999,Basak,catalog/5060.JPG,"40,184",kg,true
5060,Basak Cabuk Corba Sehriye 20g 4p nuudeli keitto,204,12,99999,Basak,catalog/10071.JPG,"37,865",kg,true
10071,Basak Corba Balkabag 47g kurpitsakeitto,204,12,99999,Basak,catalog/6282.JPG,"13,897",kg,true
6282,Basak Corba Bulamac Tereyag Tavuksalata 80g,204,12,99999,Basak,catalog/6281.JPG,"13,897",kg,true
6281,Basak Corba Domates Peynir Feslegen 85g,204,12,99999,Basak,catalog/1659.JPG,"13,897",kg,true
1659,Basak Corba Harira vihreitä linssejä + nuudelit + Kicherebsen 135g,204,12,99999,Basak,catalog/6284.JPG,"13,897",kg,true
6284,Basak Corba Manti valkosipuli jugurtti 100g,204,12,99999,Basak,catalog/8768.JPG,"13,897",kg,true
8768,Basak Corba Misir kana 46g,204,12,99999,Basak,catalog/6279.JPG,"13,897",kg,true
6279,Basak Corba Misket Kikherne Bulgur 100g,204,12,99999,Basak,catalog/6278.JPG,"5,24",kg,true
6278,Basak Corba Tutmac Erist Mercimek 120g,204,12,99999,Basak,catalog/7309.JPG,"12,351",kg,true
7309,Basak Corba Yildiz Sehriye,204,12,99999,Basak,catalog/6280.JPG,"12,351",kg,true
6280,Basak Corba Jogurtti riisi kikherne 120g,204,12,99999,Basak,catalog/5434.JPG,"16,989",kg,true
5434,Basak Corba + kupit Juomat,204,12,99999,Basak,catalog/1661.JPG,"11,733",kg,true
1661,Basak Corba Sebezeli Puh Sehriye 110g Chorba marocaine,204,12,99999,Basak,catalog/1683.JPG,"5,24",kg,true
1683,Basak Ezogelin Corba 75g / linssikeitto,204,12,99999,Basak,catalog/2985.JPG,"11,733",kg,true
2985,Basak iskembe Corba 70g Pack,204,12,99999,Basak,catalog/11258.JPG,"11,733",kg,true
11258,Basak kahve Hazır o. Sokeria 2 si 1 12g x 20,204,6,99999,Basak,catalog/1680.JPG,"5,24",kg,true
1680,Basak kermainen parsakeitto 60g,204,12,99999,Basak,catalog/11224.JPG,"11,733",kg,true
11224,Basak kermainen parsakeitto 47 g,204,12,99999,Basak,catalog/1685.JPG,"37,085",kg,true
1685,Basak kermainen kasviskeitto 65g ,204,12,99999,Basak,catalog/3071.JPG,"15,907",kg,true
3071,Basak kermainen kanakeitto 60g,204,12,99999,Basak,catalog/1681.JPG,"5,24",kg,true
1681,Basak kermainen tomaattikeitto 65 g ,204,12,99999,Basak,catalog/1678.JPG,"5,24",kg,true
1678,Basak pasta keitto 60g sieni,204,12,99999,Basak,catalog/7018.JPG,"22,407",kg,true
7018,Basak kupali Cabuk soup,204,12,99999,Basak,catalog/7019.JPG,"5,24",kg,true
7019,Basak Kupali salepjuuret 20g,204,12,99999,Basak,catalog/2984.JPG,"5,24",kg,true
2984,Basak Linssikeitto 70g Pack,204,12,99999,Basak,catalog/5203.JPG,"5,24",kg,true
5203,Basak Patat Nisas200,204,12,99999,Basak,catalog/1585.JPG,"5,24",kg,true
1585,Basak Sade Kek Karisimi 450g / leivonta mix,204,8,99999,Basak,catalog/1671.JPG,"5,24",kg,true
1671,Basak Vaniljasokeri 5gr x 10,204,15,99999,Basak,catalog/11225.JPG,"5,24",kg,true
11225,Basak sogan Corba Keitto 45g,204,12,99999,Basak,catalog/1679.JPG,"37,085",kg,true
1679,Basak Tarhana Corba 65g / Tarhanasuppe,204,12,99999,Basak,catalog/1684.JPG,"37,085",kg,true
1684,Basak Yayla Corba 75g / jogurtti keitto,204,12,99999,Basak,catalog/1682.JPG,"5,24",kg,true
1682,BasakTavuk sehriye Corba 60g kanaa nuudelit,204,12,99999,Basak,catalog/6886.JPG,"14,825",kg,true
6886,Burcu Tomaattikeitto 60g,205,12,99999,Burcu,catalog/6887.JPG,"10,914",kg,true
6887,Burcu Linssikeitto 60g,205,12,99999,Burcu,catalog/6885.JPG,"11,961",kg,true
6885,Burcu iskember soup 60g,205,12,99999,Burcu,catalog/6884.JPG,"5,24",kg,true
6884,Burcu Mantar.kerma keitto 60g,205,12,99999,Burcu,catalog/6890.JPG,"5,24",kg,true
6890,Burcu Linssikeitto 60g,205,12,99999,Burcu,catalog/6889.JPG,"5,24",kg,true
6889,Burcu Nuudeli Kanakeitto 60g,205,12,99999,Burcu,catalog/6883.JPG,"5,24",kg,true
6883,Burcu Tarhana Soup 60g,205,12,99999,Burcu,catalog/6888.JPG,"4,622",kg,true
6888,Burcu Kermainen kanakeitto 60g,205,12,99999,Burcu,catalog/11794.JPG,"4,622",kg,true
11794,Mama Cup Katkarapu Pasta,206,16,99999,Mama,catalog/11793.JPG,"4,622",kg,true
11793,Mama Cup Noodle Kana 70g,206,16,99999,Mama,catalog/6465.JPG,"4,622",kg,true
6465,"Mama Kanakeitto 30x0,55g",206,1,99999,Mama,catalog/2320.JPG,"4,622",kg,true
2320,Mama Duck Soup Instant 30x60g,206,6,99999,Mama,catalog/3369.JPG,"4,622",kg,true
3369,Mama Suppenschwein 30x60gr,206,6,99999,Mama,catalog/507.JPG,"4,622",kg,true
507,Mama keitto katkarapu 30x60g,206,1,99999,Mama,catalog/12046.JPG,"4,622",kg,true
12046,Takovo papukeitto 300g KT1PPL Pasulj,206,16,99999,Takovo,catalog/12050.JPG,"18,529",kg,true
12050,Takovo Nopea keitto 53g Bistra Pošná KT3SP,206,2,99999,Takovo,catalog/12048.JPG,"18,529",kg,true
12048,Takovo Kevätkeitto 53g Prolecna KT2SP,206,2,99999,Takovo,catalog/11726.JPG,"8,114",kg,true
11726,Takovo Goveda naudanlihaa keitto Nude 62g KT1SG,206,2,99999,Takovo,catalog/12043.JPG,"58,734",kg,true
12043,Takovo Govedi Nareza naudanliha aamiaiselle 150g KT2GNL,206,24,99999,Takovo,catalog/12042.JPG,"58,734",kg,true
12042,Takovo Grasak herneitä ja naudanlihaa 300g KT1GJBL,206,16,99999,Takovo,catalog/11724.JPG,"9,789",kg,true
11724,Takovo Kokosja Kanakeitto nuudeleilla 62g Bistra KT2SK,206,2,99999,Takovo,catalog/12054.JPG,"20,591",kg,true
12054,Takovo Majoneesi 212ml HN3MD,206,12,99999,Takovo,catalog/12055.JPG,"1,028",kg,true
12055,Takovo Majoneesi 720 ml HN8MDT,206,6,99999,Takovo,catalog/11725.JPG,"1,028",kg,true
11725,Takovo Pošná hernekeitto Nude 53g KT3SP,206,2,99999,Takovo,catalog/12045.JPG,"1,028",kg,true
12045,Takovo Rindergulasch Govedi 300g KT1GGBL,206,16,99999,Takovo,catalog/12044.JPG,"33,978",kg,true
12044,Takovo Rindergulasch Govedi Premium 290g KT2GGP,206,12,99999,Takovo,catalog/515.JPG,"32,957",kg,true
515,Yum Yum Ankkakeitto 30x60g,206,3,99999,Yum Yum,catalog/513.JPG,"1,028",kg,true
513,Yum Yum katkarapukeitto 30x60g Katkaravut,206,3,99999,Yum Yum,catalog/512.JPG,"16,989",kg,true
512,Yum Yum kasviskeitto Kasvis 30x60g,206,3,99999,Yum Yum,catalog/514.JPG,"16,224",kg,true
514,Yum Yum Kanakeitto 30x60g,206,3,99999,Yum Yum,catalog/6955.JPG,"1,028",kg,true
6955,Yum Yum Kim Chi 60g 30x30g,206,3,99999,Yum Yum,catalog/6512.JPG,"35,018",kg,true
6512,Knorr besamel Kastike 60 G,207,12,99999,Knorr,catalog/5148.JPG,"27,81",kg,true
5148,Knorr Corba Alaca keitto 97g,207,12,99999,Knorr,catalog/5139.JPG,"26,507",kg,true
5139,Knorr keitto 65g Tomaattikeitto,207,18,99999,Knorr,catalog/5134.JPG,"26,507",kg,true
5134,Knorr keitto 65g Linssikeitto,207,12,99999,Knorr,catalog/5394.JPG,"26,507",kg,true
5394,Knorr keitto 91gr Hanimaga,207,12,99999,Knorr,catalog/5393.JPG,"26,275",kg,true
5393,Knorr keitto Corba Mahluta,207,12,99999,Knorr,catalog/5140.JPG,"26,662",kg,true
5140,Knorr keitto 68g Keitto Mantar,207,12,99999,Knorr,catalog/5136.JPG,"9,26",kg,true
5136,Knorr keitto 76g Keitto Mercimek,207,12,99999,Knorr,catalog/5141.JPG,"11,733",kg,true
5141,Knorr keitto 68g Keitto Sebze,207,12,99999,Knorr,catalog/5143.JPG,"9,02",kg,true
5143,Knorr keitto 54g Keitto Sehriye,207,12,99999,Knorr,catalog/5137.JPG,"6,013",kg,true
5137,Knorr keitto 74 g Keitto Tarhana,207,12,99999,Knorr,catalog/5142.JPG,"11,733",kg,true
5142,Knorr keitto 54g Keitto Tavuksalata,207,12,99999,Knorr,catalog/5146.JPG,"11,733",kg,true
5146,Knorr keitto Tutmac keitto 123g,207,12,99999,Knorr,catalog/5138.JPG,"6,013",kg,true
5138,Knorr keitto Yayla Keitto 81g,207,12,99999,Knorr,catalog/1620.JPG,"6,013",kg,true
1620,Piyale Ezogelin keitto 70g,208,12,99999,Piyale,catalog/2986.JPG,"6,013",kg,true
2986,Piyale iskembe keitto 70g,208,12,99999,Piyale,catalog/2990.JPG,"6,013",kg,true
2990,Piyale Kermainen pastakeitto 70g herkkusieni,208,12,99999,Piyale,catalog/2988.JPG,"6,013",kg,true
2988,Piyale Kermainen kanakeitto 70g kanaa,208,12,99999,Piyale,catalog/1617.JPG,"6,013",kg,true
1617,Piyale Kermainen Tomaattikeitto 65g ,208,12,99999,Piyale,catalog/4789.JPG,"11,733",kg,true
4789,Piyale Makarna 500g couscous,208,2,99999,Piyale,catalog/1624.JPG,"6,013",kg,true
1624,Piyale Linssikeitto 70g ,208,12,99999,Piyale,catalog/2987.JPG,"5,086",kg,true
2987,Piyale Tarhana keitto ACI 70g,208,12,99999,Piyale,catalog/1626.JPG,"5,086",kg,true
1626,Piyale Tarhana keitto tatli 70g,208,12,99999,Piyale,catalog/1622.JPG,"5,086",kg,true
1622,Piyale Tavuksalata sehriye Corba 70g kana nuudelit,208,12,99999,Piyale,catalog/2989.JPG,"5,086",kg,true
2989,Piyale Yayla keitto 70g,208,12,99999,Piyale,catalog/1697.JPG,"5,086",kg,true
1697,Podravka Hochzeitsup 58g Pack,209,1,99999,Podrovka,catalog/1686.JPG,"1,543",kg,true
1686,Podravka Kanakeitto nuudelit 62g m,209,35,99999,Podrovka,catalog/2232.JPG,"5,086",kg,true
2232,Podravka naudanliha gulassi 400g,209,15,99999,Podrovka,catalog/483.JPG,"5,086",kg,true
483,Podravka Rindergulas 300g tina,209,15,99999,Podrovka,catalog/1687.JPG,"5,086",kg,true
1687,Podravka naudanlihaa keitto nuudelit 65g,209,35,99999,Podrovka,catalog/3620.JPG,"5,086",kg,true
3620,Podravka Vegeta 1kg + 195g Ajver,209,8,99999,Podrovka,catalog/2156.JPG,"5,086",kg,true
2156,Podrovka Täyte Cevap Cici & Hampurilainen 40g,209,24,99999,Podrovka,catalog/11523.JPG,"1,107",kg,true
11523,Podrovka Täyte kala ja paprika 60g,209,22,99999,Podrovka,catalog/472.JPG,"20,244",kg,true
472,Podrovka Täyte varten täytetyt paprikat 65g,209,22,99999,Podrovka,catalog/471.JPG,"48,288",kg,true
471,Podrovka Täyte Gulasc h & paprika 65g,209,22,99999,Podrovka,catalog/3585.JPG,"37,854",kg,true
3585,Podrovka nautapata 200gr,209,15,99999,Podrovka,catalog/11522.JPG,"20,244",kg,true
11522,Vegeta Fant pavut keitto ja muhennos,209,2,99999,Vegeta,catalog/2420.JPG,"43,273",kg,true
2420,Vegeta Kana liemikuutio 120g Podravka,209,15,99999,Vegeta,catalog/5780.JPG,"24,703",kg,true
5780,Vegeta Naudanliha liemikuutio 120g Podrovka,209,15,99999,Vegeta,catalog/9696.JPG,"22,644",kg,true
9696,Ani Bischomio Pasta keksi tumma suklaa 150g,211,16,99999,Ani,catalog/9703.JPG,"22,644",kg,true
9703,Ani Brawo Pie suklaakeksi 12er,211,12,99999,Ani,catalog/11473.JPG,"22,644",kg,true
11473,"Ani Kremali keksit 1,8kg",211,4,99999,Ani,catalog/5038.JPG,"27,033",kg,true
5038,"Kent Valikoima 375g Seker, makeiset",211,24,99999,Ani,catalog/5304.JPG,"2,213",kg,true
5304,Kent Seker Choco 375g,211,24,99999,Ani,catalog/11882.JPG,"21,236",kg,true
11882,Kent Seker Mix Fruit,211,24,99999,Ani,catalog/5287.JPG,"21,236",kg,true
5287,Kent Valikoima 375 g,212,1,99999,Bonbon,catalog/5289.JPG,"12,346",kg,true
5289,Kent Tyylikäs hedelmät 375 g,212,1,99999,Bonbon,catalog/4535.JPG,"14,825",kg,true
4535,Suntjens omena pallo hapan 210g ,212,32,99999,Bonbon,catalog/9332.JPG,"13,907",kg,true
9332,Suntjens Virta Ball 190g kova karkkeja,212,32,99999,Bonbon,catalog/11983.JPG,"52,528",kg,true
11983,Zele Bombone 2Kg FET035029,212,1,99999,Bonbon,catalog/5075.JPG,"52,528",kg,true
5075,Chocobanana 252 g SL2MB,213,8,99999,SL,catalog/11706.JPG,"52,528",kg,true
11706,"Chocobanana 56x18g - 1,008Kg SL4MN",213,4,99999,SL,catalog/54272.JPG,"2,189",kg,true
54272,Chocobanana 630g M3BN,213,4,99999,SL,catalog/11958.JPG,"2,189",kg,true
11958,Choco Keksit 300g SL5CB,213,12,99999,SL,catalog/12027.JPG,"51,899",kg,true
12027,Choco Max Nutricea 250g A1NCK,213,14,99999,Nutricea,catalog/12025.JPG,"51,899",kg,true
12025,Coco Max Nutricea Hk 250g A1NKM,213,14,99999,Nutricea,catalog/12026.JPG,"6,44",kg,true
12026,Maissi Fleks Nutricea Hk Coco Balls 250g A1NKF,213,14,99999,Nutricea,catalog/6205.JPG,"14,418",kg,true
6205,Eesh El Bolbol 475gr Rashad Nest,213,24,99999,Rashad,catalog/11959.JPG,"21,379",kg,true
11959,Euro Choco 45g SL2EC,213,21,99999,Eurocrem,catalog/12023.JPG,"15,969",kg,true
12023,Euro Max Kaakao 250g A1EM,213,14,99999,Eurocrem,catalog/12024.JPG,"32,447",kg,true
12024,Euro Max Mansikka 250g A1EMJ,213,14,99999,Eurocrem,catalog/12090.JPG,"23,427",kg,true
12090,Eurocrem plus vohveli Blok 90g ST4VB,213,18,99999,Eurocrem,catalog/12077.JPG,"21,624",kg,true
12077,Eurocrem plus vohveli Novo Krem 140g,213,24,99999,Eurocrem,catalog/12078.JPG,"19,82",kg,true
12078,Eurocrem plus vohveli Novo Krem 160g,213,24,99999,Eurocrem,catalog/12089.JPG,"219,478",kg,true
12089,Eurocrem plus vohveli Novo Krem 60g ST2EV,213,15,99999,Eurocrem,catalog/11460.JPG,"12,146",kg,true
11460,Gesas Mevlana Sokeri Cilek 400g,213,15,99999,Gesas,catalog/11459.JPG,"21,624",kg,true
11459,Gesas Mevlana Sokeri Portakal 400g,213,15,99999,Gesas,catalog/11458.JPG,"21,624",kg,true
11458,Gesas Mevlana Sokeri Sade 400g,213,15,99999,Gesas,catalog/5238.JPG,"10,875",kg,true
5238,Hastel Gullac 250g,213,2,99999,Hastel,catalog/12017.JPG,"27,794",kg,true
12017,Hei Flips 120g A5F,213,2,99999,Hello,catalog/12071.JPG,"40,161",kg,true
12071,Hei Flips 40g Kikiriki ST2FK,213,5,99999,Hello,catalog/12081.JPG,"7,71",kg,true
12081,Hei Flips Pizza 40g ST2FP,213,5,99999,Hello,catalog/12020.JPG,"27,033",kg,true
12020,Hei vakuumi kikiriki maapähkinät 100g A2KV,213,3,99999,Hello,catalog/12021.JPG,"23,168",kg,true
12021,Hei vakuumi kikiriki maapähkinät 250g A3KV,213,18,99999,Hello,catalog/12022.JPG,"27,033",kg,true
12022,Hei vakuumi kikiriki maapähkinät 500g A4KV,213,9,99999,Hello,catalog/12018.JPG,"7,727",kg,true
12018,Kiki Krem 200g maapähkinävoi A1KP,213,24,99999,Kiki,catalog/12019.JPG,"1,801",kg,true
12019,Kiki Krem 350g maapähkinävoi A3KP,213,12,99999,Kiki,catalog/6891.JPG,"2,183",kg,true
6891,Klasman vaahtokarkkia kaakao 180g,213,12,99999,Klasman,catalog/9598.JPG,"2,183",kg,true
9598,Klasman vaahtokarkkia kookos 180g,213,12,99999,Klasman,catalog/9751.JPG,"1,928",kg,true
9751,Lolly Saturnus TOPPY Jalkapallo 120,213,6,99999,Lolly,catalog/9752.JPG,"30,121",kg,true
9752,Lolly Saturnus TOPPY Fruity 120,213,6,99999,Lolly,catalog/9753.JPG,"23,176",kg,true
9753,Lolly Saturnus TOPPY Mansikka 120er,213,6,99999,Lolly,catalog/9750.JPG,"40,161",kg,true
9750,Lolly Saturnus TOPPY Vesimeloni 120,213,6,99999,Lolly,catalog/6331.JPG,"28,737",kg,true
6331,Love is omena + sitruuna vihreä,213,2,99999,Love is..,catalog/6327.JPG,"12,351",kg,true
6327,Love is purukumi mansikka + Bannane Sininen,213,2,99999,Love is..,catalog/6329.JPG,"12,351",kg,true
6329,Love is purukumi Cherry Lemon + Punainen,213,2,99999,Love is..,catalog/6330.JPG,"38,638",kg,true
6330,Love is  kookospähkinä + ananas keltainen,213,2,99999,Love is..,catalog/6328.JPG,"37,865",kg,true
6328,Love is kumi Orange Pineapple Orange +,213,2,99999,Love is..,catalog/12075.JPG,"38,638",kg,true
12075,Love you pikkuleipä Orange 115g,213,24,99999,Love is..,catalog/12076.JPG,"38,638",kg,true
12076,Love you pikkuleipä Orange 460g,213,7,99999,Love is..,catalog/12073.JPG,"6,181",kg,true
12073,Love you Eurcrem suklaakeksi 140g HK2CK,213,18,99999,Love is..,catalog/12074.JPG,"6,181",kg,true
12074,Love you Eurcrem suklaakeksi 160g ST2EK,213,18,99999,Love is..,catalog/12085.JPG,"6,181",kg,true
12085,Love you Eurocrem Jälkiruoka Praline 160g ST1ED,213,14,99999,Love is..,catalog/12011.JPG,"6,181",kg,true
12011,Love You Grozje 80g Rusina ,213,22,99999,Love is..,catalog/12091.JPG,"6,181",kg,true
12091,Love You Gummi sekoittaa 90g ST2MM,213,14,99999,Love is..,catalog/12010.JPG,"18,519",kg,true
12010,Love You Kikiriki Murot 80g,213,22,99999,Love is..,catalog/12009.JPG,"15,321",kg,true
12009,Love You Riza 80g riisi (sininen),213,22,99999,Love is..,catalog/12087.JPG,"20,846",kg,true
12087,Love you Rommi Jälkiruoka Stick 4x30g - 120g HM2R,213,2,99999,Love is..,catalog/12084.JPG,"25,483",kg,true
12084,Love you suklaa 80g Orange narandža HK1PN,213,22,99999,Love is..,catalog/12082.JPG,"27,034",kg,true
12082,Love you suklaa mansikka Jagoda 80g HK1PJ,213,22,99999,Love is..,catalog/12083.JPG,"16,976",kg,true
12083,Love you suklaa hasselpähkinä Lesnik 80g HK1PLJ,213,22,99999,Love is..,catalog/12008.JPG,"8,999",kg,true
12008,Love You Zitarka 80g,213,22,99999,Love is..,catalog/12088.JPG,"16,976",kg,true
12088,LY mini Choco banaani 130g ST2MB,213,2,99999,Love is..,catalog/5402.JPG,"16,976",kg,true
5402,Munch Mallow 105g,213,16,99999,Munch Mallow,catalog/5383.JPG,"1,543",kg,true
5383,Nappo Nougat 135g Pähkinä + riisimurot,213,12,99999,Nappo,catalog/6272.JPG,"16,976",kg,true
6272,Nappo Nougat 150g täysmaito,213,11,99999,Nappo,catalog/11827.JPG,"16,976",kg,true
11827,Pringles Hot & Spicy 190g,213,18,99999,Prongles,catalog/11825.JPG,"16,976",kg,true
11825,Pringles Original 190g,213,18,99999,Prongles,catalog/11823.JPG,"16,976",kg,true
11823,Pringles Original 40g,213,12,99999,Prongles,catalog/11826.JPG,"1,543",kg,true
11826,Pringles Sour Cream & Onion 190g,213,18,99999,Prongles,catalog/11824.JPG,"16,468",kg,true
11824,Pringles Sour Cream & Onion 40g,213,12,99999,Prongles,catalog/6204.JPG,"17,916",kg,true
6204,Rash Baklawa 400g mix Baklawa,213,2,99999,Rashad,catalog/6632.JPG,"16,423",kg,true
6632,Rashad Baklawa 850g mix Baklawa,213,12,99999,Rashad,catalog/9760.JPG,"39,396",kg,true
9760,Seventat Noodles 500g,213,12,99999,Seventat,catalog/10241.JPG,"39,396",kg,true
10241,Seventat Kesme pasta 750g,213,24,99999,Seventat,catalog/11545.JPG,"10,805",kg,true
11545,Strudel Keksit viikuna 252G,213,12,99999,Strudel,catalog/11564.JPG,"39,396",kg,true
11564,Strudel Keksit hapankirsikka 252G,213,12,99999,Strudel,catalog/12033.JPG,"10,805",kg,true
12033,Swisslion Oblande vohvelit 275g EL1WO,213,11,99999,Swisslion,catalog/11909.JPG,"17,672",kg,true
11909,Takovo Auton Na Dar kaakao Flipsi 250g KT1FK,213,12,99999,Takovo,catalog/11910.JPG,"210,219",kg,true
11910,Takovo Auton Na Dar kaakao Kuglice 250g Vilja Balls KT1FKK,213,12,99999,Takovo,catalog/5381.JPG,"29,356",kg,true
5381,Tamara vohveli 720g Suklaa päällystetty 24x30g,213,12,99999,Tamara,catalog/11152.JPG,"55,619",kg,true
11152,Teashop Maamoul taateli pikkuleivät 480g 12 x 20g noin,213,6,99999,Teashop,catalog/11223.JPG,"13,897",kg,true
11223,Teashop Thikriyath Zakariat TaateliTäytetty 576gr 24x6 neliö,213,6,99999,Teashop,catalog/11218.JPG,"13,897",kg,true
11218,Today Croissant 20s Hasselpähkinä Choco 55g,213,4,99999,Today,catalog/6203.JPG,"12,172",kg,true
6203,Wawi Suklaa riisi 200g valkoiset pilvet Light,213,24,99999,Wavi,catalog/2661.JPG,"16,989",kg,true
2661,Wawi Suklaa riisi 100g pilvet Light,213,24,99999,Wavi,catalog/3072.JPG,"16,989",kg,true
3072,Wawi Suklaa riisi 200g pilvet Light,213,24,99999,Wavi,catalog/8669.JPG,"58,726",kg,true
8669,Elvan Coffex 1kg,214,8,99999,Elvan,catalog/9700.JPG,"15,451",kg,true
9700,Dr. Elvan Maito 1kg,214,8,99999,Elvan,catalog/6289.JPG,"17,769",kg,true
6289,Elvan Toffix 1kg,214,8,99999,Elvan,catalog/10101.JPG,"22,667",kg,true
10101,Elvan tryffeli 280g kookos,214,12,99999,Elvan,catalog/9748.JPG,"42,016",kg,true
9748,Elvan Tryffeli 1kg kahvi ,214,8,99999,Elvan,catalog/9746.JPG,"24,084",kg,true
9746,Elvan Tryffeli 1kg Mansikka ,214,8,99999,Elvan,catalog/9917.JPG,"42,016",kg,true
9917,Elvan Tryffeli Hasselpähkinä 1kg,214,8,99999,Elvan,catalog/9745.JPG,"33,998",kg,true
9745,Elvan Tryffeli 1kg Caramel,214,8,99999,Elvan,catalog/9747.JPG,"33,998",kg,true
9747,Elvan Tryffeli 1kg Kookos ,214,8,99999,Elvan,catalog/11124.JPG,"33,998",kg,true
11124,Elvan Tryffeli 1kg Mix,214,8,99999,Elvan,catalog/10102.JPG,"40,176",kg,true
10102,Elvan Tryffeli 280g Mansikka ,214,12,99999,Elvan,catalog/9749.JPG,"31,937",kg,true
9749,Elvan Tryffeli Hasselpähkinä 280g,214,12,99999,Elvan,catalog/10098.JPG,"31,937",kg,true
10098,Elvan Tryffeli 300g Mansikka,214,12,99999,Elvan,catalog/10418.JPG,"31,937",kg,true
10418,Elvan Tryffeli Hasselpähkinä 300g,214,12,99999,Elvan,catalog/10097.JPG,"31,937",kg,true
10097,Elvan Tryffeli 300g Karamel,214,12,99999,Elvan,catalog/10099.JPG,"31,937",kg,true
10099,Elvan Tryffeli 300g kookos ,214,12,99999,Elvan,catalog/7646.JPG,"31,937",kg,true
7646,Today Croissant Cherry 55g 20s,214,4,99999,Elvan,catalog/6527.JPG,"40,176",kg,true
6527,Today Croissant Suklaa-Vanilla 55g 20e,214,4,99999,Elvan,catalog/6525.JPG,"40,176",kg,true
6525,Today Crossant Suklaa 55g 20s,214,4,99999,Elvan,catalog/6521.JPG,"33,993",kg,true
6521,Today donitsi Caramel 50g 24er,214,6,99999,Elvan,catalog/6522.JPG,"33,993",kg,true
6522,Today donitsi Cherry 50g 24er,214,6,99999,Elvan,catalog/6526.JPG,"33,993",kg,true
6526,Today donitsi Mansikka 50g 24er,214,6,99999,Elvan,catalog/11950.JPG,"33,993",kg,true
11950,Euro BLIC 80g 4x20g,215,24,99999,Eurocrem,catalog/11968.JPG,"22,667",kg,true
11968,Euro Kremić 200g EL3EK,215,2,99999,Eurocrem,catalog/6745.JPG,"22,667",kg,true
6745,Eurocrem + Isleri kaakao 125g SL1IE,215,24,99999,Eurocrem,catalog/6685.JPG,"22,667",kg,true
6685,Eurocrem 800g + 80g ilmaiseksi,215,4,99999,Eurocrem,catalog/11946.JPG,"39,411",kg,true
11946,Eurocrem Blok 100g EL3EB,215,4,99999,Eurocrem,catalog/4445.JPG,"39,411",kg,true
4445,Eurocrem Blok 45g,215,66,99999,Eurocrem,catalog/11708.JPG,"39,411",kg,true
11708,Eurocrem Blok 50g EL1CK,215,6,99999,Eurocrem,catalog/6744.JPG,"18,519",kg,true
6744,Eurocrem Blok 90g,215,44,99999,Eurocrem,catalog/11929.JPG,"2,574",kg,true
11929,Eurocrem Euro Jälkiruoka 150g EL4ED,215,15,99999,Eurocrem,catalog/11943.JPG,"23,466",kg,true
11943,Eurocrem Euro Jälkiruoka 160g ST1ED,215,14,99999,Eurocrem,catalog/11947.JPG,"20,606",kg,true
11947,Eurocrem Euro Jälkiruoka 200g einzelverpackt EL6ED,215,8,99999,Eurocrem,catalog/11944.JPG,"3,344",kg,true
11944,Eurocrem Euro Jälkiruoka 300g EL7ED,215,7,99999,Eurocrem,catalog/11331.JPG,"47,527",kg,true
11331,Eurocrem Filbi kaakao 125g EL1EF,215,2,99999,Eurocrem,catalog/12069.JPG,"3,084",kg,true
12069,Eurocrem levite 300g HT3T,215,23,99999,Eurocrem,catalog/12068.JPG,"33,952",kg,true
12068,Eurocrem levite 45g HE1T,215,36,99999,Eurocrem,catalog/11709.JPG,"25,101",kg,true
11709,Eurocrem levite 50g EL1ET,215,36,99999,Eurocrem,catalog/12070.JPG,"32,445",kg,true
12070,Eurocrem levite 800g HE5T,215,6,99999,Eurocrem,catalog/7144.JPG,"20,601",kg,true
7144,Eurocrem levite 90g EL3ET,215,24,99999,Eurocrem,catalog/11710.JPG,"18,928",kg,true
11710,Eurocrem levite Perhe Bucket 1kg EL7ET,215,6,99999,Eurocrem,catalog/11967.JPG,"1,801",kg,true
11967,Eurocrem levite 200g perhe lasi EL3ET,215,24,99999,Eurocrem,catalog/11965.JPG,"44,413",kg,true
11965,Eurocrem levite 500g Perhe EL6ET,215,12,99999,Eurocrem,catalog/11988.JPG,"17,112",kg,true
11988,Eurocrem Isleri Classic 125g SL1BC,215,24,99999,Eurocrem,catalog/11951.JPG,"18,504",kg,true
11951,Eurocrem Mini Kornet 65g,215,15,99999,Eurocrem,catalog/12072.JPG,"26,272",kg,true
12072,Eurocrem Vesela Farma Blok pussi 140g,215,18,99999,Eurocrem,catalog/11723.JPG,"18,519",kg,true
11723,Eurocrem vohveli plus kerma 20g,215,4,99999,Eurocrem,catalog/11311.JPG,"36,32",kg,true
11311,Eurocrem vohvelit Euro höpöttää 180g SL2EV,215,1,99999,Eurocrem,catalog/6684.JPG,"30,886",kg,true
6684,Eurocrem + Isleri DUO 250g SL2BE,215,12,99999,Eurocrem,catalog/11720.JPG,"33,993",kg,true
11720,Juvitana Baby Sose Apple + Cranberry + Blauberren 128g lasi SP1VR,215,6,99999,Eurocrem,catalog/11715.JPG,"23,466",kg,true
11715,Juvitana Baby Sose omena 128g lasi SP1VK,215,6,99999,Eurocrem,catalog/11931.JPG,"11,188",kg,true
11931,Juvitana Baby Sose omena + Karott + Oranssi o. Sokeri 190g SP3JP,215,6,99999,Eurocrem,catalog/11719.JPG,"20,846",kg,true
11719,Juvitana Baby Sose omena + porkkana 128g lasi SP1VM,215,6,99999,Eurocrem,catalog/11927.JPG,"1,18",kg,true
11927,Juvitana Baby Sose Apple + Kurpitsa 128g Apple + Kurpitsa Glass SP1VT,215,6,99999,Eurocrem,catalog/11718.JPG,"1,158",kg,true
11718,Juvitana Baby Sose aprikoosit 128g lasi SP1VA,215,6,99999,Eurocrem,catalog/11716.JPG,"20,08",kg,true
11716,Juvitana Baby Sose Suolavesi-Kruska-Päärynä 128g lasi SP1VK,215,6,99999,Eurocrem,catalog/11933.JPG,"6,176",kg,true
11933,Juvitana Baby Parsakaali Sose 128g lasi SP1PB,215,6,99999,Eurocrem,catalog/11934.JPG,"5,403",kg,true
11934,Juvitana Baby Sose porkkanat + perunaa + maissi 128g lasi SP1PK,215,6,99999,Eurocrem,catalog/11930.JPG,"6,949",kg,true
11930,Juvitana Baby Sose Mix hedelmät ilman Zuck 190g lasi SP3JM,215,6,99999,Eurocrem,catalog/11932.JPG,"5,403",kg,true
11932,Juvitana Baby Sose Mix Vihannekset 128g SP1PP,215,6,99999,Eurocrem,catalog/11717.JPG,"5,403",kg,true
11717,Juvitana Baby Peach Sose Peach 128g lasi SP1VB,215,6,99999,Eurocrem,catalog/11714.JPG,"5,403",kg,true
11714,Juvitana Baby Sose Luumu-Plum 128g lasi SP1VS šljiva,215,6,99999,Eurocrem,catalog/11721.JPG,"5,403",kg,true
11721,Juvitana Junior Sose omena + persikka + riisi 190g lasi SP3JB,215,6,99999,Eurocrem,catalog/11787.JPG,"5,403",kg,true
11787,7 Stick Mansikka 12er,216,24,99999,Stick,catalog/11788.JPG,"5,403",kg,true
11788,7 Stick purukumi banaani 12er,216,24,99999,Stick,catalog/12032.JPG,"6,949",kg,true
12032,7 Stick purukumi Dynamic 12er,216,24,99999,Stick,catalog/11786.JPG,"5,403",kg,true
11786,7 Stick purukumi Melon 12er,216,24,99999,Stick,catalog/11791.JPG,"5,403",kg,true
11791,7 Stick purukumi Sitruuna 12er,216,24,99999,Stick,catalog/11784.JPG,"5,403",kg,true
11784,7 Stick kumi vihreä minttu 12er,216,24,99999,Stick,catalog/11790.JPG,"6,949",kg,true
11790,7 Stick Gum Hedelmä Mix 12er,216,24,99999,Stick,catalog/11792.JPG,"10,481",kg,true
11792,7 Stick purukumi Orange 12er,216,24,99999,Stick,catalog/11785.JPG,"10,481",kg,true
11785,7 Stick Purukumi Piparminttu 12er Sininen,216,24,99999,Stick,catalog/11789.JPG,"10,481",kg,true
11789,7 Stick kumi Grape Grape 12er,216,24,99999,Stick,catalog/11783.JPG,"10,481",kg,true
11783,7 Stick purukumi vesimeloni 12er,216,24,99999,Stick,catalog/11782.JPG,"10,481",kg,true
11782,7 Stick purukumi kaneli 12er,216,24,99999,Stick,catalog/884.JPG,"10,481",kg,true
884,Falim mansikka purukumi 100,216,2,99999,Falim,catalog/882.JPG,"10,481",kg,true
882,Falim mansikka purukumi 5er x20 ,216,18,99999,Falim,catalog/873.JPG,"10,481",kg,true
873,Falim Damla purukumi 100 ,216,2,99999,Falim,catalog/875.JPG,"10,481",kg,true
875,Falim Damla purukumi 5er x20,216,18,99999,Falim,catalog/877.JPG,"10,481",kg,true
877,Falim hiilihappopitoinen Isil 100 purukumi,216,2,99999,Falim,catalog/2642.JPG,"10,481",kg,true
2642,Falim hiilihappopitoinen Isil Sakız 5er x20 purukumi,216,18,99999,Falim,catalog/868.JPG,"10,481",kg,true
868,Falim Mix hedelmä 100 Tutti Frutti purukumi,216,2,99999,Falim,catalog/876.JPG,"4,635",kg,true
876,Falim Mix hedelemä 5er x20 purukumi Tutti Frutti,216,18,99999,Falim,catalog/871.JPG,"41,714",kg,true
871,Falim minttu Sakız 100 Isil purukumi,216,2,99999,Falim,catalog/878.JPG,"4,635",kg,true
878,Falim minttu Sakız 5er x20 purukumi,216,18,99999,Falim,catalog/11585.JPG,"41,714",kg,true
11585,Falim Metsän hedelmät purukumi 100,216,2,99999,Falim,catalog/11586.JPG,"4,635",kg,true
11586,Falim Metsän hedelmät purukumi 5erx20,216,18,99999,Falim,catalog/5025.JPG,"41,714",kg,true
5025,Haribo Gold Bears Altin Ayicik 100g,217,24,99999,Haribo,catalog/10205.JPG,"4,635",kg,true
10205,Haribo Marjat 80 gr Helal,217,24,99999,Haribo,catalog/10213.JPG,"41,714",kg,true
10213,Haribo Helal Chamallow 70g Pink & White Marshmallows,217,24,99999,Haribo,catalog/10210.JPG,"4,635",kg,true
10210,Haribo Kirsikat 80g Mutlu Kirazlar Helal,217,24,99999,Haribo,catalog/10209.JPG,"41,714",kg,true
10209,Haribo Cilex 80g Helal,217,24,99999,Haribo,catalog/10211.JPG,"4,635",kg,true
10211,Haribo Croco 100g Helal,217,24,99999,Haribo,catalog/5026.JPG,"41,714",kg,true
5026,Haribo Hyvää Cola maku jelly,217,24,99999,Haribo,catalog/10208.JPG,"19,756",kg,true
10208,Haribo Peaches 100g Seftali Helal,217,24,99999,Haribo,catalog/10212.JPG,"19,756",kg,true
10212,Haribo Phantasia 100g Helal,217,24,99999,Haribo,catalog/10206.JPG,"19,756",kg,true
10206,Haribo Sour Cola 100g Helal,217,24,99999,Haribo,catalog/5028.JPG,"19,756",kg,true
5028,Haribo Tropi Frutti Aroma Karisik,217,24,99999,Haribo,catalog/10207.JPG,"19,756",kg,true
10207,Haribo Worms 100g solucan Helal,217,24,99999,Haribo,catalog/11977.JPG,"19,756",kg,true
11977,Petit keksit 600g Classic SL7AP,218,8,99999,A Petit,catalog/3743.JPG,"19,756",kg,true
3743,Algota Kaak Susam bisküvi Sticks 454g,218,12,99999,Algota,catalog/11979.JPG,"19,756",kg,true
11979,Bevita keksi 720g Classic SL7BK,218,8,99999,Bevita,catalog/11982.JPG,"19,756",kg,true
11982,Bevita mleveni keksi Classic 300g SL3BM,218,14,99999,Bevita,catalog/12016.JPG,"19,756",kg,true
12016,Bonny Top 25g Shokobons A1BT,218,3,99999,Bonny,catalog/11703.JPG,"19,756",kg,true
11703,Cosmo keksi Maito 125g EL1CK,218,2,99999,Cosmo,catalog/11960.JPG,"19,756",kg,true
11960,Cosmo keksi Maito 150g EL2CK,218,2,99999,Cosmo,catalog/11961.JPG,"13,387",kg,true
11961,Cosmo keksi Maito 250g EL3CK,218,16,99999,Cosmo,catalog/12111.JPG,"26,264",kg,true
12111,Dama Tea Biscuit 200g EL4DK,218,18,99999,Dama,catalog/11574.JPG,"24,723",kg,true
11574,Daoud Arab Mixed Baklava 800g,218,16,99999,Daoud,catalog/11573.JPG,"23,427",kg,true
11573,Daoud Barazek Egypti. 600g Keksit,218,18,99999,Daoud,catalog/11575.JPG,"1,156",kg,true
11575,Daoud keksi pistaasipähkinät 500g,218,24,99999,Daoud,catalog/11576.JPG,"1,543",kg,true
11576,Daoud keksit Mix 800g,218,16,99999,Daoud,catalog/11577.JPG,"2,059",kg,true
11577,Daoud Osh Al Bolbol 500g Nest,218,24,99999,Daoud,catalog/11964.JPG,"22,652",kg,true
11964,Domaci Cake 240g Kirsikka 8er EL1LV,218,15,99999,Domaci,catalog/11963.JPG,"18,527",kg,true
11963,Domaci Cake 240g Orange 8er EL1LP,218,15,99999,Domaci,catalog/11962.JPG,"228,764",kg,true
11962,Domaci Cake 240g Mansikka 8er EL1LJ,218,15,99999,Domaci,catalog/6683.JPG,"118,234",kg,true
6683,Eurobiscuit keksit Orange 125g x3e,218,24,99999,Eurobiscuits,catalog/11975.JPG,"145,278",kg,true
11975,Eurocrem Bevita keksit 180g bk1e,218,24,99999,Eurocrem,catalog/11712.JPG,"121,585",kg,true
11712,Eurocrem Bevita keksit 250g Melvil BK4E,218,12,99999,Eurocrem,catalog/11971.JPG,"265,854",kg,true
11971,Griski Kikiriki 150g Peanut tikkuja Classic EL2ZG,218,4,99999,Griski Kikiriki,catalog/11969.JPG,"17,371",kg,true
11969,Griski Kikiriki 40g Peanut tikkuja EL1G,218,65,99999,Griski Kikiriki,catalog/4824.JPG,"17,371",kg,true
4824,"Lane keksi Bambi 300gr 4,2gr keksejä",218,14,99999,Lane,catalog/4826.JPG,"17,371",kg,true
4826,"Lane keksi Bambi 300gr pikkuleipäjauho 4,8 gr",218,16,99999,Lane,catalog/4825.JPG,"21,611",kg,true
4825,Lane keksi Bambi 600gr Keksit,218,7,99999,Lane,catalog/6530.JPG,"24,703",kg,true
6530,Kaista Choco Pikkuleivät 135g,218,28,99999,Lane,catalog/11707.JPG,"16,989",kg,true
11707,Medenjak Aprikoosi Kajsija 150g 25% M1K,218,24,99999,Medenjak,catalog/11966.JPG,"3,087",kg,true
11966,Medenjak Naradza Oranssi 150g 25% Pomorandza SL1MN,218,24,99999,Medenjak,catalog/11976.JPG,"30,06",kg,true
11976,Mesavina keksit mix 360g EL1PM,218,12,99999,Mesavina,catalog/12007.JPG,"27,034",kg,true
12007,Mini Softi Mansikka keksi 125g Mansikka,218,15,99999,Mini Softi,catalog/12006.JPG,"30,896",kg,true
12006,Mini Softi Orange keksi 125g,218,15,99999,Mini Softi,catalog/12116.JPG,"27,043",kg,true
12116,Nutri plus keksi 150g EL1NP,218,2,99999,Nutri plus,catalog/2746.JPG,"38,198",kg,true
2746,Rash Barazek 500g Keksit,218,12,99999,Rashad,catalog/11332.JPG,"24,703",kg,true
11332,Resana Crackers 125g Orange,218,24,99999,Resana,catalog/12015.JPG,"24,703",kg,true
12015,Resana Crackers 125g Vadelma Vadelma A1RM,218,24,99999,Resana,catalog/12014.JPG,"24,718",kg,true
12014,Ressana Crackers 500g Mix 3 Orange Cherry Vadelma A6RM,218,7,99999,Resana,catalog/11366.JPG,"13,507",kg,true
11366,Sevilla Yagli Gevrek 500g seesami keksejä,218,24,99999,Sevilla,catalog/11908.JPG,"13,507",kg,true
11908,Takovo Taki Laki Rusk 125g raikas vihreä KT1FTI,218,16,99999,Takovo,catalog/11907.JPG,"1,801",kg,true
11907,Takovo Taki Laki Rusk 125g rapea punainen KT1FTL,218,16,99999,Takovo,catalog/12115.JPG,"71,093",kg,true
12115,Takovo Tako vita 150g EL1TD,218,19,99999,Takovo,catalog/9853.JPG,"33,978",kg,true
9853,Pastacioglu Keksit burgu 400gr,219,12,99999,Pastacioglu,catalog/9852.JPG,"21,611",kg,true
9852,Pastacioglu Keksit kumina tangot 400g,219,12,99999,Pastacioglu,catalog/9854.JPG,"16,222",kg,true
9854,Pastacioglu Cookies cörekotlu leivos 400g,219,12,99999,Pastacioglu,catalog/9848.JPG,"46,344",kg,true
9848,Pastacioglu Keksit Damla suklaa 400gr ,219,12,99999,Pastacioglu,catalog/10132.JPG,"14,407",kg,true
10132,Pastacioglu Keksit Elma 400g,219,12,99999,Pastacioglu,catalog/9849.JPG,"14,407",kg,true
9849,Pastacioglu Keksit kaakao pistaasi 400gr,219,12,99999,Pastacioglu,catalog/10133.JPG,"17,109",kg,true
10133,Pastacioglu Keksit Mozaik kalpli 400g,219,12,99999,Pastacioglu,catalog/9856.JPG,"20,08",kg,true
9856,Pastacioglu Keksit seesami leivonnainen 400gr,219,12,99999,Pastacioglu,catalog/9851.JPG,"20,08",kg,true
9851,Pastacioglu Keksit 400gr,219,12,99999,Pastacioglu,catalog/9850.JPG,"20,08",kg,true
9850,Pastacioglu Keksit rusina 400gr,219,12,99999,Pastacioglu,catalog/9847.JPG,"21,626",kg,true
9847,Pastacioglu Keksit jugurtti 400gr,219,12,99999,Pastacioglu,catalog/11795.JPG,"20,08",kg,true
11795,Tatli Akaasia 320g,220,6,99999,Tatlicilar,catalog/5461.JPG,"20,08",kg,true
5461,Tatli Baklava 800g,220,6,99999,Tatlicilar,catalog/6333.JPG,"20,08",kg,true
6333,Tatli Hunajoitu Baba320g,220,6,99999,Tatlicilar,catalog/10879.JPG,"20,08",kg,true
10879,Tatli Begonia 320g,220,6,99999,Tatlicilar,catalog/6274.JPG,"20,08",kg,true
6274,Tatli Begonia kaakao 320g,220,6,99999,Tatlicilar,catalog/10885.JPG,"20,08",kg,true
10885,Tatli Boncuklum 320g,220,6,99999,Tatlicilar,catalog/10882.JPG,"20,08",kg,true
10882,Tatli Burgulu 320g,220,6,99999,Tatlicilar,catalog/5462.JPG,"15,451",kg,true
5462,Tatli Burma Bulbulit 800g,220,6,99999,Tatlicilar,catalog/11680.JPG,"27,044",kg,true
11680,Tatli Cicegim 320g,220,6,99999,Tatlicilar,catalog/10883.JPG,"14,678",kg,true
10883,Tatli Ruusunnuppu 320g,220,6,99999,Tatlicilar,catalog/10884.JPG,"14,678",kg,true
10884,Tatli Kuusama 320g,220,6,99999,Tatlicilar,catalog/6211.JPG,"14,678",kg,true
6211,Tatli Porkkana 800g,220,6,99999,Tatlicilar,catalog/6233.JPG,"14,678",kg,true
6233,Tatli Karagözlüm 320g,220,6,99999,Tatlicilar,catalog/10878.JPG,"14,678",kg,true
10878,Tatli Karanfil kookos 320g,220,6,99999,Tatlicilar,catalog/10877.JPG,"27,044",kg,true
10877,Tatli Karanfil Hillo 320g,220,6,99999,Tatlicilar,catalog/7039.JPG,"15,451",kg,true
7039,Tatli Karanfil Värjätty 320g,220,6,99999,Tatlicilar,catalog/5382.JPG,"14,678",kg,true
5382,Tatli Karanfil Soko 320g,220,6,99999,Tatlicilar,catalog/11846.JPG,"14,678",kg,true
11846,Tatli Karanfil maito 320g,220,6,99999,Tatlicilar,catalog/10880.JPG,"27,044",kg,true
10880,Tatli Kartopu 320g,220,6,99999,Tatlicilar,catalog/5466.JPG,"14,678",kg,true
5466,Tatli kookos Makron 320g,220,6,99999,Tatlicilar,catalog/11127.JPG,"14,678",kg,true
11127,Tatli krokantti 250g,220,6,99999,Tatlicilar,catalog/11729.JPG,"14,678",kg,true
11729,Tatli Lokum Crackers Findikli 320g,220,6,99999,Tatlicilar,catalog/11563.JPG,"14,678",kg,true
11563,Tatli Lokum Crackers Klasik 320g,220,6,99999,Tatlicilar,catalog/11678.JPG,"14,678",kg,true
11678,Tatli Lokum keksi suklaa 320g,220,6,99999,Tatlicilar,catalog/10876.JPG,"14,678",kg,true
10876,Tatli Menekse kookos 320g,220,6,99999,Tatlicilar,catalog/11797.JPG,"14,678",kg,true
11797,Tatli Menekse hillo 320g,220,6,99999,Tatlicilar,catalog/11129.JPG,"14,678",kg,true
11129,Tatli Menekse värjätty 320g,220,6,99999,Tatlicilar,catalog/11679.JPG,"14,678",kg,true
11679,Tatli Menekse serpme 320g,220,6,99999,Tatlicilar,catalog/6273.JPG,"14,678",kg,true
6273,Tatli Menekse suklaa 320g,220,6,99999,Tatlicilar,catalog/10875.JPG,"14,678",kg,true
10875,Tatli Menekse maito 320g,220,6,99999,Tatlicilar,catalog/5463.JPG,"14,678",kg,true
5463,Tatli Sokeri Pare 800g,220,6,99999,Tatlicilar,catalog/887.JPG,"14,678",kg,true
887,Tatli special Baklav 800g,220,6,99999,Tatlicilar,catalog/912.JPG,"15,451",kg,true
912,Tatli special Burma 800g,220,6,99999,Tatlicilar,catalog/11128.JPG,"15,451",kg,true
11128,Tatli Susamli hauras suolainen tikku 320g,220,6,99999,Tatlicilar,catalog/10881.JPG,"15,451",kg,true
10881,Tatli Susamli Bagel 320g,220,6,99999,Tatlicilar,catalog/5464.JPG,"14,678",kg,true
5464,Tatli Tulumba 800g,220,6,99999,Tatlicilar,catalog/6210.JPG,"14,678",kg,true
6210,Tatli Tulumba 800g Mini,220,6,99999,Tatlicilar,catalog/6409.JPG,"28,59",kg,true
6409,Tatli suolainen Cubak 320g,220,6,99999,Tatlicilar,catalog/6206.JPG,"37,556",kg,true
6206,Tatli Üzumlüm 320g,220,6,99999,Tatlicilar,catalog/11796.JPG,"37,556",kg,true
11796,Tatli Zambak 320g,220,6,99999,Tatlicilar,catalog/11980.JPG,"14,678",kg,true
11980,Cosmo Eurovafel 160g SL2GC,221,18,99999,Eurocrem,catalog/4375.JPG,"14,678",kg,true
4375,Iran vohvelit banaani,221,6,99999,Iran,catalog/4372.JPG,"27,044",kg,true
4372,Iran vohvelit kaakao,221,6,99999,Ashal Ashan,catalog/4373.JPG,"27,044",kg,true
4373,Iran vohvelit Orange,221,6,99999,Ashal Ashan,catalog/7374.JPG,"14,678",kg,true
7374,Jadro hasselpähkinä karamelli vohvelit Napolitank on 430g,221,14,99999,Jadro,catalog/4534.JPG,"14,678",kg,true
4534,Napolitank Jadro kookos vohvelit 430g,221,14,99999,Jadro,catalog/6743.JPG,"15,451",kg,true
6743,Jadro alkuperäinen ase Kekse 430 gr 40 #,221,14,99999,Jadro,catalog/9192.JPG,"20,846",kg,true
9192,Fruit Mix kerma vohvelit 24x37g,221,6,99999,Krem,catalog/11978.JPG,"20,088",kg,true
11978,Linea vohvelit Choco 100g L3CN,221,52,99999,Linea,catalog/11981.JPG,"20,088",kg,true
11981,Linea vohvelit 100g nougat L3NN,221,52,99999,Linea,catalog/11974.JPG,"20,088",kg,true
11974,Linea vohvelit 160g Maito L3MN,221,36,99999,Linea,catalog/11973.JPG,"36,052",kg,true
11973,Linea Klassinen vohvelit 200g kaakao EL2NK,221,24,99999,Linea,catalog/11970.JPG,"36,052",kg,true
11970,Linea vohvelit 200g maito EL5LM,221,24,99999,Linea,catalog/11972.JPG,"36,052",kg,true
11972,Linea vohvelit 200g nougat EL5LN,221,24,99999,Linea,catalog/12112.JPG,"20,861",kg,true
12112,Napolitank kiekkojen kaakao 160g EL1NK,221,21,99999,Napolitanke,catalog/12113.JPG,"32,086",kg,true
12113,Kecks 250g voileipä kaakaotäytteellä EL2KK,221,16,99999,Sendvic,catalog/919.JPG,"32,086",kg,true
919,Seventat Kagit halva 40g,221,4,99999,Seventat,catalog/4480.JPG,"35,199",kg,true
4480,Vohvelilevyt 200g Tima,221,23,99999,Tima,catalog/1380.JPG,"24,703",kg,true
1380,Ahmad Cay kardemumma musta tee 500g,223,24,99999,Ahmad,catalog/1386.JPG,"24,703",kg,true
1386,Ahmad Ceylon musta tee 500g Cay,223,24,99999,Ahmad,catalog/2969.JPG,"24,703",kg,true
2969,Special Early Harmaa Ahmad Ceylon musta tee 500g Cay,223,24,99999,Ahmad,catalog/11447.JPG,"21,615",kg,true
11447,Ahmad Green Tea 250g,223,12,99999,Ahmad,catalog/6742.JPG,"20,591",kg,true
6742,500g vihreää teetä Ahmad,223,24,99999,Ahmad,catalog/7511.JPG,"2,365",kg,true
7511,Ahmad Tea Kardemumma Tea 100 teepussit,223,12,99999,Ahmad,catalog/2968.JPG,"23,081",kg,true
2968,Ahmad Tea 100 teepussit Cay Fince,223,12,99999,Ahmad,catalog/5041.JPG,"108,178",kg,true
5041,Ahmad Tea Early Grey teepussit 100 Erikois sekoitus,223,12,99999,Ahmad,catalog/7512.JPG,"108,178",kg,true
7512,Ahmad Tea Green Tea 100 teepussit,223,12,99999,Ahmad,catalog/10242.JPG,"108,178",kg,true
10242,Ahlen Green Tea 250g,224,48,99999,AHlan,catalog/10243.JPG,"29,356",kg,true
10243,Ahlen vihreä tee 500g,224,24,99999,Ahlan,catalog/6808.JPG,"108,178",kg,true
6808,Alghazale Early Grey teetä 100Stk,224,24,99999,Alghazaleen,catalog/9638.JPG,"43,268",kg,true
9638,Alwazah 100 Earl Grey Teepussit,224,12,99999,Alwazeh,catalog/9639.JPG,"43,268",kg,true
9639,Alwazah teepussit kardemumma 100,224,12,99999,Alwazeh,catalog/7253.JPG,"43,268",kg,true
7253,Alwazeh normaali teepussit 100 musta Ceylon,224,24,99999,Alwazeh,catalog/9640.JPG,"43,268",kg,true
9640,Alwazeh tee musta tee 400g,224,2,99999,Alwazah,catalog/4802.JPG,"98,872",kg,true
4802,Alwazeh tee Earlgrey 400g,224,2,99999,Alwazah,catalog/9641.JPG,"74,169",kg,true
9641,Alwazeh teetä kardemumma 400g,224,2,99999,Baktat,catalog/3871.JPG,"80,353",kg,true
3871,Baktat Alice Cay 1kg,224,9,99999,Baktat,catalog/3872.JPG,"38,012",kg,true
3872,Baktat Alice Cay 500 g,224,12,99999,Baktat,catalog/5067.JPG,"38,631",kg,true
5067,Baktat Alice teepussit teepussi 12x25,224,12,99999,Caykur,catalog/2129.JPG,"64,894",kg,true
2129,Caykur Altinbas Cay tee 500g ,224,2,99999,Caykur,catalog/1399.JPG,"6,696",kg,true
1399,500g musta tee Caykur Cay Cicegi,224,2,99999,Caykur,catalog/6074.JPG,"6,954",kg,true
6074,Caykur teekannu Bag 200g 40s,224,12,99999,Caykur,catalog/11632.JPG,"6,851",kg,true
11632,Caykur Kamelya tee 1kg,224,12,99999,Caykur,catalog/11631.JPG,"57,957",kg,true
11631,Caykur Kamelya Tea 500g,224,24,99999,Caykur,catalog/11633.JPG,"45,741",kg,true
11633,Caykur Karadeniz tee 1kg,224,12,99999,Caykur,catalog/11635.JPG,"11,733",kg,true
11635,Caykur Ramadan tee 1kg,224,12,99999,Caykur,catalog/11634.JPG,"8,757",kg,true
11634,Caykur Tea 500g Ramadan,224,24,99999,Caykur,catalog/1406.JPG,"5,82",kg,true
1406,Caykur Rize Tourist Cay tee 500g ,224,2,99999,Caykur,catalog/1344.JPG,"35,539",kg,true
1344,Caykur musta tee pussi 100 er 200g,224,6,99999,Caykur,catalog/291.JPG,"68,002",kg,true
291,Caykur musta tee 50g  25Btl,224,24,99999,Caykur,catalog/11630.JPG,"74,169",kg,true
11630,Caykur Tea Tiryaki 1kg,224,12,99999,China,catalog/11629.JPG,"63,364",kg,true
11629,Caykur Tea Tiryaki 500g,224,24,99999,China,catalog/5033.JPG,"58,726",kg,true
5033,Kiina Green Tea 250g,224,8,99999,Colombo,catalog/5031.JPG,"64,894",kg,true
5031,Kiina vihreä tee 500g,224,4,99999,Colombo,catalog/1355.JPG,"5,923",kg,true
1355,Colombo Ceylon Tea Cay 1 kg ,224,12,99999,Defne,catalog/1356.JPG,"21,634",kg,true
1356,Colombo musta tee 500g,224,24,99999,Defne,catalog/1358.JPG,"26,558",kg,true
1358,Laurel Ceylon musta tee 1kg ,224,12,99999,Dogadan,catalog/1353.JPG,"69,547",kg,true
1353,Ceylonin Cay 500g musta tee,224,24,99999,Dogadan,catalog/1422.JPG,"74,169",kg,true
1422,Vihreä tee Ginko 20Btl 35g Vihreä tee mintulla ja sitruunalla,224,12,99999,Elefant,catalog/2678.JPG,"15,448",kg,true
2678,Dogadan Yesil Cay Vihreä tee Jasmiini 20Btl 35g,224,12,99999,Elefant,catalog/3843.JPG,"14,423",kg,true
3843,Elephant Tee 1/1,224,9,99999,Dogadan,catalog/3844.JPG,"66,456",kg,true
3844,Elephant Tee 1/2,224,18,99999,Dogadan,catalog/9775.JPG,"74,169",kg,true
9775,Caykur Tea Cay Ylellinen 1kg,224,12,99999,Elefant,catalog/2442.JPG,"92,735",kg,true
2442,Caykur Cay Erikois tee 500g ,224,2,99999,Elefant,catalog/9887.JPG,"95,811",kg,true
9887,Gold Kili inkivääri juoma 10x18g,224,24,99999,Caykur,catalog/1715.JPG,"21,008",kg,true
1715,Gülcan laakerinlehdet 50g,224,4,99999,Caykur,catalog/6297.JPG,"21,008",kg,true
6297,Horsehead Thea Ceylon tee 400g,224,24,99999,Gold Kili,catalog/5032.JPG,"33,61",kg,true
5032,Horsehead Thea Ceylon tee 800g,224,12,99999,Gülcan,catalog/1445.JPG,"37,077",kg,true
1445,Hevonen Thea 20s 20x2g teepussit,224,8,99999,Horse Head,catalog/11303.JPG,"77,277",kg,true
11303,Lara teetä 1kg,224,1,99999,Horse Head,catalog/7457.JPG,"6,954",kg,true
7457,Marmara Aamiais Bergcay tee 400g,224,1,99999,Horse Head,catalog/7458.JPG,"57,474",kg,true
7458,Marmara Aamiais Bergcay tee 800g,224,1,99999,Lara Tea,catalog/10901.JPG,"2,983",kg,true
10901,Marmara Aamiais Klassic Cay 800g,224,1,99999,Marmara,catalog/10900.JPG,"114,361",kg,true
10900,Marmara Aamiais Klasssic Cay 400g,224,1,99999,Marmara,catalog/4749.JPG,"104,483",kg,true
4749,Mate Tea Amanda Origin Argentina 500g,224,1,99999,Marmara,catalog/3158.JPG,"7,822",kg,true
3158,Mate tea Algota 250g crushed Mate,224,12,99999,Marmara,catalog/6309.JPG,"2,446",kg,true
6309,Mate tea 250g Amanda Yerba Mate,224,48,99999,Mate,catalog/9937.JPG,"2,962",kg,true
9937,Mate tea Kharte Yerba Khadra 230g,224,2,99999,Mate,catalog/1360.JPG,"5,152",kg,true
1360,Maulana tee 1kg Btl,224,1,99999,Mevlana,catalog/1365.JPG,"5,152",kg,true
1365,Maulana tee 500g Btl,224,2,99999,Mevlana,catalog/4132.JPG,"2,962",kg,true
4132,Minas annos 250g,224,8,99999,Minas,catalog/1635.JPG,"3,992",kg,true
1635,Minas annos 500g,224,12,99999,Minas,catalog/2970.JPG,"27,191",kg,true
2970,Cay PG 240 mustaa teetä 750g Btl,224,4,99999,PG,catalog/2226.JPG,"105,055",kg,true
2226,PG 80 Btl 250g mustaa teetä Cay,224,12,99999,PG,catalog/1342.JPG,"4,377",kg,true
1342,PG 160 500g Tea Cay,224,8,99999,PG,catalog/1339.JPG,"8,372",kg,true
1339,PG 300 750g Tea Cay,224,8,99999,PG,catalog/1398.JPG,"9,169",kg,true
1398,Tourist Cay Rize 1kg x 12 krt,224,12,99999,Caykur,catalog/11803.JPG,"30,906",kg,true
11803,Golden Palace 200g Mansikka tee,224,12,99999,Saray,catalog/1396.JPG,"63,364",kg,true
1396,Annos 125g Early Grey tee silmut Cay,224,32,99999,Caykur,catalog/9340.JPG,"32,457",kg,true
9340,Blend 200g tuoksuva silmut,224,9,99999,Caykur,catalog/4307.JPG,"38,631",kg,true
4307,Turkish Coffee 250g annos,224,8,99999,Caykur,catalog/10380.JPG,"46,365",kg,true
10380,Dogadan yrtti 7 Cay tee ,225,12,99999,Dogadan,catalog/10381.JPG,"65,946",kg,true
10381,9 Herby Cay luonnosta teetä yrttitee,225,12,99999,Dogadan,catalog/1441.JPG,"64,91",kg,true
1441,Luonne salvia tee salvia 20g 20Btl,225,12,99999,Dogadan,catalog/10974.JPG,"21,008",kg,true
10974,Salbeite luonteen Sage löysä 35g,225,2,99999,Dogadan,catalog/11513.JPG,"65,915",kg,true
11513,Anis anis tee luonnosta Cay 12x20beutel,225,12,99999,Dogadan,catalog/6601.JPG,"28,973",kg,true
6601,Oma kalkki lehmus luonne Ayvali Ayvali,225,12,99999,Dogadan,catalog/7969.JPG,"29,876",kg,true
7969,Rinnalla luonne paikka Cay 5 yrttiteetä lajikkeet,225,12,99999,Dogadan,catalog/2679.JPG,"24,1",kg,true
2679,Luonto Blackberry hedelmä teetä 20Btl BlackBerry teetä 40g,225,12,99999,Dogadan,catalog/11656.JPG,"24,1",kg,true
11656,Puheenjohtaja luonnon Cay Magical nippu 16Btl,225,12,99999,Dogadan,catalog/11660.JPG,"16,37",kg,true
11660,Maaginen nippu luonnon Green Tea Rose 16Btl,225,12,99999,Dogadan,catalog/11657.JPG,"4,017",kg,true
11657,Rooibos Vanilla pakkaus maaginen luonto Cay 16Btl,225,12,99999,Dogadan,catalog/11658.JPG,"15,443",kg,true
11658,Apple Cinnamon Cay nippu maaginen luonto 16Btl,225,12,99999,Dogadan,catalog/11659.JPG,"19,462",kg,true
11659,Jasmine Green Tea pakkaus maaginen luonto 16Btl,225,12,99999,Dogadan,catalog/11655.JPG,"21,626",kg,true
11655,Luonne Echinacea teetä auringonhattu Cay 20Btl,225,12,99999,Dogadan,catalog/1431.JPG,"21,008",kg,true
1431,20Btl luonne omena teetä omena teetä 40g,225,12,99999,Dogadan,catalog/1420.JPG,"23,172",kg,true
1420,Luonne Lime Cay 20Btl 32g tee Linden,225,12,99999,Dogadan,catalog/10972.JPG,"23,172",kg,true
10972,Dogadan 40g Ihamur lehmus tee,225,2,99999,Dogadan,catalog/10382.JPG,"23,172",kg,true
10382,Dogadan Cay tee Ruotsi siirappi yrtit,225,12,99999,Dogadan,catalog/1421.JPG,"23,172",kg,true
1421,Dogadan Cay ruusunmarja tee 20Btl 50g,225,12,99999,Dogadan,catalog/1442.JPG,"23,172",kg,true
1442,Dogadan Cay Sitruuna tee 40g 20Btl ,225,12,99999,Dogadan,catalog/8701.JPG,"15,443",kg,true
8701,Dogadan Sitruuna inkivääri tee,225,12,99999,Dogadan,catalog/9438.JPG,"19,462",kg,true
9438,Dogadan Melissa tee,225,12,99999,Dogadan,catalog/1438.JPG,"16,989",kg,true
1438,Hedelmät luonnosta Cay Punainen Punainen Hedelmät,225,12,99999,Dogadan,catalog/4803.JPG,"4,017",kg,true
4803,Dogadan Fruit unelma Cay,225,12,99999,Dogadan,catalog/1436.JPG,"22,554",kg,true
1436,Dogadan minttu tee Cay 20Btl 24g ,225,12,99999,Dogadan,catalog/1418.JPG,"21,008",kg,true
1418,DOgadanMinttu Lime Cay 20Btl 30g,225,12,99999,Dogadan,catalog/1424.JPG,"21,626",kg,true
1424,DogadanMinttu sitruuna teetä 20Btl 40g ,225,12,99999,Dogadan,catalog/10973.JPG,"19,462",kg,true
10973,Dogadan Minttu sitruuna teetä  50g ,225,2,99999,Dogadan,catalog/3734.JPG,"15,443",kg,true
3734,Dogadan kamomilla tee,225,12,99999,Dogadan,catalog/1443.JPG,"19,462",kg,true
1443,Dogadan fenkoli teetä 40g 20Btl,225,12,99999,Dogadan,catalog/1439.JPG,"19,462",kg,true
1439,Dogadan Kaneli Cay 20Btl 40g,225,12,99999,Dogadan,catalog/10532.JPG,"16,989",kg,true
10532,Dogadan Cay appelsiini kaneli tee,225,12,99999,Dogadan,catalog/2674.JPG,"18,535",kg,true
2674,Dogadan Vihreä tee vihreä tee 35g 20btl,225,12,99999,Dogadan,catalog/11296.JPG,"21,008",kg,true
11296,Do Ghazala Tea Ceylon Tea 100,226,24,99999,Doghazal,catalog/11295.JPG,"3,501",kg,true
11295,Doghazal Early Grey teetä 100 ,226,12,99999,Doghazal,catalog/6741.JPG,"15,443",kg,true
6741,Doghazal tee 100 Green Teepussit,226,24,99999,Doghazal,catalog/6809.JPG,"16,989",kg,true
6809,Doghazal tee kardemumma 100,226,24,99999,Doghazal,catalog/11297.JPG,"21,008",kg,true
11297,Doghazal tee 500g Ceylon Tea,226,24,99999,Doghazal,catalog/11298.JPG,"19,462",kg,true
11298,Doghazal tee 500g vihreä tee,226,24,99999,Doghazal,catalog/11294.JPG,"21,008",kg,true
11294,Doghazal kardemumma teetä maku 500g,226,24,99999,Doghazal,catalog/6740.JPG,"77,261",kg,true
6740,Doghazal Early Grey teetä 500g,226,24,99999,Doghazal,catalog/1634.JPG,"37,085",kg,true
1634,Basak Turkish Coffee 100g TR Mocca,227,12,99999,Basak,catalog/5855.JPG,"77,261",kg,true
5855,Basak Yerde Kahve- Fisek 3 1 18g x 20,227,6,99999,Basak,catalog/11570.JPG,"77,261",kg,true
11570,Completa maitojauhe on 1kg Btl,227,8,99999,Completa,catalog/1669.JPG,"89,628",kg,true
1669,Completa maitojauhe on 2kg Btl,227,4,99999,Completa,catalog/1668.JPG,"89,628",kg,true
1668,Completa maitojauhe 440g PET,227,6,99999,Completa,catalog/3999.JPG,"89,628",kg,true
3999,Devoll Caffe Princ grand 500g,227,2,99999,Devolli,catalog/1391.JPG,"92,719",kg,true
1391,Grand Golden Kofeiini grand 100g,227,6,99999,Grand,catalog/1433.JPG,"21,626",kg,true
1433,Grand Golden Kofeiini grand 200g,227,3,99999,Grand,catalog/1595.JPG,"21,634",kg,true
1595,Grand Golden Kofeiini grand 500g,227,6,99999,Grand,catalog/5128.JPG,"28,845",kg,true
5128,Istanbul kahvi 250g annos,227,12,99999,Istanbul,catalog/5126.JPG,"29,881",kg,true
5126,Istanbul Kahvi 500g tölkki,227,12,99999,Istanbul,catalog/4593.JPG,"12,359",kg,true
4593,Kaffi Zlin. Džezva 200g,227,16,99999,Kaffe Zl. Dzezva,catalog/6771.JPG,"11,076",kg,true
6771,Kaffi Zlin. Džezva 500g,227,1,99999,Kaffe Zl. Dzezva,catalog/1633.JPG,"9,731",kg,true
1633,Mehmet Efendi Turkish Kahvi 100g,227,25,99999,Mehmet Efendi,catalog/1693.JPG,"8,885",kg,true
1693,Mehmet Efendi Turkish Coffee 250g Kahvi,227,12,99999,Mehmet Efendi,catalog/1692.JPG,"32,455",kg,true
1692,Mehmet Efendi Turkish Coffee 500g Kahvi,227,6,99999,Mehmet Efendi,catalog/5638.JPG,"52,543",kg,true
5638,Minas 100g paketti,227,25,99999,Minas,catalog/3658.JPG,"86,552",kg,true
3658,Minas 500g pussi,227,16,99999,Minas,catalog/2734.JPG,"43,263",kg,true
2734,Kardemumma 200g Najjar arabien Mocca,227,2,99999,Najjar,catalog/10445.JPG,"6,053",kg,true
10445,200g sininen Najjar Mocca Mocca Classik,227,2,99999,Najjar,catalog/2736.JPG,"48,275",kg,true
2736,Najjar Mocca Classik 450g sininen arabi mokka,227,1,99999,Najjar,catalog/1645.JPG,"63,364",kg,true
1645,Nescafe Gold 200g lasi,227,6,99999,Nescafe,catalog/10179.JPG,"57,188",kg,true
10179,Nestle Nido maitojauhetta 1800 g,227,6,99999,Nestle,catalog/10180.JPG,"46,987",kg,true
10180,"Nestle Nido maitojauhetta 2,5kg",227,6,99999,Nestle,catalog/4188.JPG,"88,608",kg,true
4188,Nestle Nido maitojauhetta 400g,227,24,99999,Nestle,catalog/6807.JPG,"7,211",kg,true
6807,Nestle Nido maitojauhetta 900g,227,12,99999,Nestle,catalog/10459.JPG,"7,211",kg,true
10459,Türk Kahvesie 100g paketti mokka grand,227,25,99999,Türk Kahvesi,catalog/1696.JPG,"7,728",kg,true
1696,Türk Kahvesie 250g mokka grand bayarakli,227,2,99999,Türk Kahvesi,catalog/10461.JPG,"45,595",kg,true
10461,Türk Kahvesi 500g annos mocha grand,227,12,99999,Türk Kahvesi,catalog/11818.JPG,"112,839",kg,true
11818,Lipton Sage 20 Btl. 30g,228,12,99999,Lipton,catalog/3549.JPG,"156,509",kg,true
3549,Lipton Itä Mustanmeren 500g,228,16,99999,Lipton,catalog/3160.JPG,"114,361",kg,true
3160,Lipton Earl Grey 500g,228,16,99999,Lipton,catalog/10836.JPG,"122,106",kg,true
10836,Lipton Earl Grey 50 g 20 Btl.,228,12,99999,Lipton,catalog/10847.JPG,"45,055",kg,true
10847,Lipton lehmus tee 26g Btl 20s ,228,12,99999,Lipton,catalog/10838.JPG,"7,469",kg,true
10838,Lipton Sitruuna Minttu 40g 20 Btl. tii,228,12,99999,Lipton,catalog/3998.JPG,"88,097",kg,true
3998,Lipton teetä. keltainen 200g 100Btl,228,1,99999,Lipton,catalog/10674.JPG,"21,008",kg,true
10674,20 Keltainen Lipton teetä 40g,228,12,99999,Lipton,catalog/2737.JPG,"49,446",kg,true
2737,Lipton Yellow Label teetä 500g,228,16,99999,Lipton,catalog/10563.JPG,"49,446",kg,true
10563,Mahmood Ceylon musta tee 450g,229,2,99999,Mahmood,catalog/10561.JPG,"20,08",kg,true
10561,Mahmood Tea Cardamon 100g x2 ,229,16,99999,Mahmood,catalog/10559.JPG,"21,008",kg,true
10559,Mahmood Tea Cardamon 450g,229,2,99999,Mahmood,catalog/10564.JPG,"20,08",kg,true
10564,Mahmood Ceylon musta tee 100g x 2 Pussieläimet,229,18,99999,Mahmood,catalog/10562.JPG,"3,348",kg,true
10562,Mahmood Tea Earlgrey 100g x 2 teepussit,229,18,99999,Mahmood,catalog/10560.JPG,"15,443",kg,true
10560,Mahmood Tea 450g Earlgrey,229,2,99999,Mahmood,catalog/10861.JPG,"49,446",kg,true
10861,Mahmood tee vihreä tee Laukut 100 X2G,229,8,99999,Mahmood,catalog/10558.JPG,"7,211",kg,true
10558,Mahmood Green Tea 200g,229,2,99999,Mahmood,catalog/10565.JPG,"47,385",kg,true
10565,Mahmood Tea Super Opa 450g,229,2,99999,Mahmood,catalog/10862.JPG,"7,211",kg,true
10862,Mahmood Tea Super Opa 900g,229,1,99999,Mahmood,catalog/4768.JPG,"53,308",kg,true
4768,Tanay Laatu 1kg Tea,230,9,99999,Tanay,catalog/4582.JPG,"53,308",kg,true
4582,Tanay 100 Blt 175g Ceylon Cay,230,12,99999,Tanay,catalog/1354.JPG,"7,211",kg,true
1354,Tanay schwer 1kg Ceylon Tea Cay,230,9,99999,Tanay,catalog/2384.JPG,"26,784",kg,true
2384,Tanay Ceylon Tea Cay 250g schwer,230,18,99999,Tanay,catalog/6697.JPG,"3,604",kg,true
6697,Tanay Cay Ceylon tee 35g Teepussi,230,24,99999,Tanay,catalog/1357.JPG,"7,211",kg,true
1357,Tanay Ceylon musta tee 500g Cay,230,18,99999,Tanay,catalog/5405.JPG,"6,311",kg,true
5405,Tanay Sefa tee 1kg,230,12,99999,Tanay,catalog/10914.JPG,"49,842",kg,true
10914,Tanay Sefa tee 500g,230,24,99999,Tanay,catalog/1414.JPG,"27,81",kg,true
1414,"Tanay, musta tee 25 Btl 43,75g",230,24,99999,Tanay,catalog/6675.JPG,"44,045",kg,true
6675,Tanay heti valmis teetä 100g teetä,230,2,99999,Tanay,catalog/6674.JPG,"27,802",kg,true
6674,Tanay heti valmis teetä 250g teetä,230,16,99999,Tanay,catalog/1404.JPG,"21,611",kg,true
1404,Instant teetä 500g teetä Tanay schwer,230,12,99999,Tanay,catalog/11170.JPG,"46,352",kg,true
11170,Tanay instant teetä 900g teetä,230,8,99999,Tanay,catalog/11774.JPG,"35,539",kg,true
11774,Alimex Ceylon Cay 1 kg,231,12,99999,Alimex,catalog/11775.JPG,"43,253",kg,true
11775,Alimex Ceylon Cay 500g,231,18,99999,Alimex,catalog/11776.JPG,"18,519",kg,true
11776,Anatolia Flag Cay 1kg,231,12,99999,Anadolu,catalog/6209.JPG,"2,471",kg,true
6209,Cedevita Orange vitamiini sorbetti jauhe 200g tina,231,6,99999,Cedevita,catalog/5180.JPG,"39,141",kg,true
5180,Cedevita lemon vitamiini poreileva jauhe 200g tina,231,6,99999,Cedevita,catalog/1405.JPG,"48,833",kg,true
1405,Lezzone maustetut juomat omena 700g tina,231,9,99999,Lezzo,catalog/1401.JPG,"51,518",kg,true
1401,Lezzone laatikossa omena teetä 600g,231,9,99999,Lezzo,catalog/1400.JPG,"78,822",kg,true
1400,Lezzone sitruuna teetä jauhe 700g Annos,231,9,99999,Lezzo,catalog/1402.JPG,"64,902",kg,true
1402,Lezzone Annos teetä jauheena 700g,231,9,99999,Lezzo,catalog/5787.JPG,"71,093",kg,true
5787,Lezzone teetä jauheena annos 600g,231,9,99999,Lezzo,catalog/4892.JPG,"8,958",kg,true
4892,Lezzone Sahlep 400g,231,12,99999,Lezzo,catalog/3536.JPG,"8,958",kg,true
3536,Lezzone Visna Cai jauhe 600 g,231,9,99999,Lezzo,catalog/856.JPG,"27,814",kg,true
856,Saray salvia 200g,231,12,99999,Saray,catalog/865.JPG,"27,814",kg,true
865,Saray Lime Cay 200g ,231,12,99999,Saray,catalog/2401.JPG,"27,814",kg,true
2401,Saray sitruuna teetä 200g jauhe,231,12,99999,Saray,catalog/854.JPG,"27,814",kg,true
854,Saray ruusunmarja Cay 200g,231,12,99999,Saray,catalog/11802.JPG,"24,335",kg,true
11802,Saray sitruuna minttu teetä 200g,231,12,99999,Saray,catalog/2104.JPG,"33,993",kg,true
2104,Saray Mint juoma 200g ,231,12,99999,Saray,catalog/4288.JPG,"24,335",kg,true
4288,Saray granaattiomena Cay 200g,231,12,99999,Saray,catalog/2399.JPG,"21,008",kg,true
2399,Saray Cay appelsiini juomajauhe 200g ,231,12,99999,Saray,catalog/858.JPG,"21,008",kg,true
858,Saray Cay 200g juomajauhe Sahlep,231,12,99999,Saray,catalog/863.JPG,"21,008",kg,true
863,Saray Sahlep juomajauhe 300g ,231,12,99999,Saray,catalog/864.JPG,"21,008",kg,true
864,Saray Cay kaneli 200g ,231,12,99999,Saray,catalog/6072.JPG,"21,008",kg,true
6072,Saray Cay 200g Kirsikka Kirsikka juoma,231,12,99999,Saray,catalog/866.JPG,"22,554",kg,true
866,Saray Vihreä omena juoma 200g,231,12,99999,Saray,,"21,008",kg,true